CREATE DATABASE  IF NOT EXISTS `emultivendor` /*!40100 DEFAULT CHARACTER SET utf8mb4 COLLATE utf8mb4_0900_ai_ci */ /*!80016 DEFAULT ENCRYPTION='N' */;
USE `emultivendor`;
-- MySQL dump 10.13  Distrib 8.0.28, for Win64 (x86_64)
--
-- Host: localhost    Database: emultivendor
-- ------------------------------------------------------
-- Server version	8.0.28

/*!40101 SET @OLD_CHARACTER_SET_CLIENT=@@CHARACTER_SET_CLIENT */;
/*!40101 SET @OLD_CHARACTER_SET_RESULTS=@@CHARACTER_SET_RESULTS */;
/*!40101 SET @OLD_COLLATION_CONNECTION=@@COLLATION_CONNECTION */;
/*!50503 SET NAMES utf8 */;
/*!40103 SET @OLD_TIME_ZONE=@@TIME_ZONE */;
/*!40103 SET TIME_ZONE='+00:00' */;
/*!40014 SET @OLD_UNIQUE_CHECKS=@@UNIQUE_CHECKS, UNIQUE_CHECKS=0 */;
/*!40014 SET @OLD_FOREIGN_KEY_CHECKS=@@FOREIGN_KEY_CHECKS, FOREIGN_KEY_CHECKS=0 */;
/*!40101 SET @OLD_SQL_MODE=@@SQL_MODE, SQL_MODE='NO_AUTO_VALUE_ON_ZERO' */;
/*!40111 SET @OLD_SQL_NOTES=@@SQL_NOTES, SQL_NOTES=0 */;

--
-- Table structure for table `addresses`
--

DROP TABLE IF EXISTS `addresses`;
/*!40101 SET @saved_cs_client     = @@character_set_client */;
/*!50503 SET character_set_client = utf8mb4 */;
CREATE TABLE `addresses` (
  `id` int NOT NULL AUTO_INCREMENT,
  `customer_id` int DEFAULT NULL,
  `country_id` int DEFAULT NULL,
  `first_name` varchar(45) NOT NULL,
  `last_name` varchar(45) NOT NULL,
  `phone_number` varchar(15) NOT NULL,
  `address_line_1` varchar(64) NOT NULL,
  `address_line_2` varchar(64) DEFAULT NULL,
  `city` varchar(45) NOT NULL,
  `state` varchar(45) NOT NULL,
  `postal_code` varchar(10) NOT NULL,
  `default_address` bit(1) DEFAULT NULL,
  PRIMARY KEY (`id`),
  KEY `FKn3sth7s3kur1rafwbbrqqnswt` (`country_id`),
  KEY `FKhrpf5e8dwasvdc5cticysrt2k` (`customer_id`),
  CONSTRAINT `FKhrpf5e8dwasvdc5cticysrt2k` FOREIGN KEY (`customer_id`) REFERENCES `customers` (`id`),
  CONSTRAINT `FKn3sth7s3kur1rafwbbrqqnswt` FOREIGN KEY (`country_id`) REFERENCES `countries` (`id`)
) ENGINE=InnoDB AUTO_INCREMENT=4 DEFAULT CHARSET=utf8mb4 COLLATE=utf8mb4_0900_ai_ci;
/*!40101 SET character_set_client = @saved_cs_client */;

--
-- Dumping data for table `addresses`
--

LOCK TABLES `addresses` WRITE;
/*!40000 ALTER TABLE `addresses` DISABLE KEYS */;
INSERT INTO `addresses` VALUES (2,46,242,'Tri','Quang','0987774191','Viet Nam','Ho Chi Minh','Ha Noi','Ho Chi Minh City','1224256',_binary '\0'),(3,56,242,'Tri','Quang','0987774191','Viet Nam',' Viet Nam','Ha Noi','Ho Chi Minh City','1224256',_binary '\0');
/*!40000 ALTER TABLE `addresses` ENABLE KEYS */;
UNLOCK TABLES;

--
-- Table structure for table `articles`
--

DROP TABLE IF EXISTS `articles`;
/*!40101 SET @saved_cs_client     = @@character_set_client */;
/*!50503 SET character_set_client = utf8mb4 */;
CREATE TABLE `articles` (
  `id` int NOT NULL AUTO_INCREMENT,
  `alias` varchar(500) NOT NULL,
  `content` longtext NOT NULL,
  `published` bit(1) NOT NULL,
  `title` varchar(256) NOT NULL,
  `type` int DEFAULT NULL,
  `updated_time` datetime(6) DEFAULT NULL,
  `user_id` int DEFAULT NULL,
  PRIMARY KEY (`id`),
  KEY `FKlc3sm3utetrj1sx4v9ahwopnr` (`user_id`),
  CONSTRAINT `FKlc3sm3utetrj1sx4v9ahwopnr` FOREIGN KEY (`user_id`) REFERENCES `users` (`id`)
) ENGINE=InnoDB AUTO_INCREMENT=11 DEFAULT CHARSET=utf8mb4 COLLATE=utf8mb4_0900_ai_ci;
/*!40101 SET character_set_client = @saved_cs_client */;

--
-- Dumping data for table `articles`
--

LOCK TABLES `articles` WRITE;
/*!40000 ALTER TABLE `articles` DISABLE KEYS */;
INSERT INTO `articles` VALUES (1,'Customer-Service','<div><header class=\"nav-header\" style=\"display: flex; position: relative; z-index: 10; flex-direction: row; align-items: center; min-width: 1000px; height: 60px; font-size: 16px; box-shadow: rgba(0, 0, 0, 0.25) 0px 0px 12px 0px; background: rgb(0, 113, 133); color: rgb(255, 255, 255); font-family: &quot;Amazon Ember&quot;, Arial, sans-serif;\"><div class=\"cs-title\" style=\"padding: 0px 24px; line-height: 37px; border-right: 1px solid rgb(255, 255, 255);\"><a href=\"https://www.amazon.com/hz/contact-us/foresight/hubgateway\" style=\"color: rgb(255, 255, 255);\">Customer Service</a></div><div class=\"nav-item active\" style=\"margin-left: 26px; border-bottom: 2px solid rgb(255, 255, 255);\"><a href=\"https://www.amazon.com/hz/contact-us/foresight/hubgateway\" style=\"color: rgb(255, 255, 255);\">Home</a></div><div class=\"nav-item\" style=\"margin-left: 26px;\"><a href=\"https://www.amazon.com/gp/help/customer/display.html?nodeId=200127470\" target=\"__blank\" style=\"color: rgb(255, 255, 255);\">Digital Services and Device Support</a></div></header><div class=\"page-wrapper hero-banner\" style=\"background: rgb(0, 113, 133); min-height: 0px; padding-top: 45px; padding-bottom: 45px; color: rgb(15, 17, 17); font-family: &quot;Amazon Ember&quot;, Arial, sans-serif; font-size: 14px;\"><div class=\"page-container\" style=\"max-width: 1300px; margin: auto; padding: 0px 20px;\"><h1 class=\"fs-heading bolded\" style=\"padding: 0px 0px 4px; margin-right: 0px; margin-bottom: 0px; margin-left: 0px; text-rendering: optimizelegibility; font-size: 28px; line-height: 36px; color: white;\">Welcome to Amazon Customer Service</h1><div>What would you like help with today? You can quickly take care of most things here, or connect with us when needed.<a class=\"hidden-link\" tabindex=\"0\" aria-label=\"Use our accessibility customer support if you want specialized help. We can connect you to the right associates.\" style=\"color: rgb(0, 113, 133); height: auto; min-width: 50px; flex: 1 1 auto;\"></a></div><div class=\"issue-card-container\" style=\"display: flex; margin: 24px -12px; flex-wrap: wrap;\"><div class=\"issue-card-wrapper\" style=\"width: 415.729px; padding: 12px;\"><div class=\"fs-match-card\" role=\"button\" tabindex=\"0\" style=\"height: 94px; background-color: rgb(255, 255, 255); border-radius: 5px; border: 1px solid rgb(221, 221, 221); padding: 16px 20px; display: flex;\"><div class=\"fs-match-card-icon\" style=\"margin-right: 12px;\"><img alt=\"\" src=\"https://m.media-amazon.com/images/G/01/x-locale/cs/help/images/gateway/self-service/fshub/fshub_order_v2._CB432205751_.png\" style=\"max-width: 100%; border: 0px; vertical-align: top; width: 60px;\"></div><div class=\"center fs-match-card-detail\" style=\"display: flex; flex: 1 1 0%; flex-direction: column; min-width: 0px; justify-content: center;\"><div class=\"fs-match-card-title full\" style=\"font-size: 16px; display: -webkit-box; -webkit-line-clamp: unset; -webkit-box-orient: vertical; overflow: hidden; flex-shrink: 0; max-height: 40px;\">A delivery, order or return</div></div></div></div><div class=\"issue-card-wrapper\" style=\"width: 415.729px; padding: 12px;\"><div class=\"fs-match-card\" role=\"button\" tabindex=\"0\" style=\"height: 94px; background-color: rgb(255, 255, 255); border-radius: 5px; border: 1px solid rgb(221, 221, 221); padding: 16px 20px; display: flex;\"><div class=\"fs-match-card-icon\" style=\"margin-right: 12px;\"><img alt=\"\" src=\"https://m.media-amazon.com/images/G/01/x-locale/cs/help/images/gateway/self-service/fshub/fshub_prime_v2._CB432205750_.png\" style=\"max-width: 100%; border: 0px; vertical-align: top; width: 60px;\"></div><div class=\"center fs-match-card-detail\" style=\"display: flex; flex: 1 1 0%; flex-direction: column; min-width: 0px; justify-content: center;\"><div class=\"fs-match-card-title full\" style=\"font-size: 16px; display: -webkit-box; -webkit-line-clamp: unset; -webkit-box-orient: vertical; overflow: hidden; flex-shrink: 0; max-height: 40px;\">Prime</div></div></div></div><div class=\"issue-card-wrapper\" style=\"width: 415.729px; padding: 12px;\"><div class=\"fs-match-card\" role=\"button\" tabindex=\"0\" style=\"height: 94px; background-color: rgb(255, 255, 255); border-radius: 5px; border: 1px solid rgb(221, 221, 221); padding: 16px 20px; display: flex;\"><div class=\"fs-match-card-icon\" style=\"margin-right: 12px;\"><img alt=\"\" src=\"https://m.media-amazon.com/images/G/01/x-locale/cs/help/images/gateway/self-service/fshub/fshub_paymentgc_v2._CB432205751_.png\" style=\"max-width: 100%; border: 0px; vertical-align: top; width: 60px;\"></div><div class=\"center fs-match-card-detail\" style=\"display: flex; flex: 1 1 0%; flex-direction: column; min-width: 0px; justify-content: center;\"><div class=\"fs-match-card-title full\" style=\"font-size: 16px; display: -webkit-box; -webkit-line-clamp: unset; -webkit-box-orient: vertical; overflow: hidden; flex-shrink: 0; max-height: 40px;\">Payment, charges or gift cards</div></div></div></div><div class=\"issue-card-wrapper\" style=\"width: 415.729px; padding: 12px;\"><div class=\"fs-match-card\" role=\"button\" tabindex=\"0\" style=\"height: 94px; background-color: rgb(255, 255, 255); border-radius: 5px; border: 1px solid rgb(221, 221, 221); padding: 16px 20px; display: flex;\"><div class=\"fs-match-card-icon\" style=\"margin-right: 12px;\"><img alt=\"\" src=\"https://m.media-amazon.com/images/G/01/x-locale/cs/help/images/gateway/self-service/fshub/fshub_login_security_v2._CB432205751_.png\" style=\"max-width: 100%; border: 0px; vertical-align: top; width: 60px;\"></div><div class=\"center fs-match-card-detail\" style=\"display: flex; flex: 1 1 0%; flex-direction: column; min-width: 0px; justify-content: center;\"><div class=\"fs-match-card-title full\" style=\"font-size: 16px; display: -webkit-box; -webkit-line-clamp: unset; -webkit-box-orient: vertical; overflow: hidden; flex-shrink: 0; max-height: 40px;\">Login, address, security &amp; privacy</div></div></div></div><div class=\"issue-card-wrapper\" style=\"width: 415.729px; padding: 12px;\"><div class=\"fs-match-card\" role=\"button\" tabindex=\"0\" style=\"height: 94px; background-color: rgb(255, 255, 255); border-radius: 5px; border: 1px solid rgb(221, 221, 221); padding: 16px 20px; display: flex;\"><div class=\"fs-match-card-icon\" style=\"margin-right: 12px;\"><img alt=\"\" src=\"https://m.media-amazon.com/images/G/01/x-locale/cs/help/images/gateway/self-service/fshub/fshub_account_v2._CB432205751_.png\" style=\"max-width: 100%; border: 0px; vertical-align: top; width: 60px;\"></div><div class=\"center fs-match-card-detail\" style=\"display: flex; flex: 1 1 0%; flex-direction: column; min-width: 0px; justify-content: center;\"><div class=\"fs-match-card-title full\" style=\"font-size: 16px; display: -webkit-box; -webkit-line-clamp: unset; -webkit-box-orient: vertical; overflow: hidden; flex-shrink: 0; max-height: 40px;\">Memberships, subscriptions or communications</div></div></div></div><div class=\"issue-card-wrapper\" style=\"width: 415.729px; padding: 12px;\"><div class=\"fs-match-card\" role=\"button\" tabindex=\"0\" style=\"height: 94px; background-color: rgb(255, 255, 255); border-radius: 5px; border: 1px solid rgb(221, 221, 221); padding: 16px 20px; display: flex;\"><div class=\"fs-match-card-icon\" style=\"margin-right: 12px;\"><img alt=\"\" src=\"https://m.media-amazon.com/images/G/01/x-locale/cs/help/images/gateway/self-service/fshub/fshub_device_v2._CB432205751_.png\" style=\"max-width: 100%; border: 0px; vertical-align: top; width: 60px;\"></div><div class=\"center fs-match-card-detail\" style=\"display: flex; flex: 1 1 0%; flex-direction: column; min-width: 0px; justify-content: center;\"><div class=\"fs-match-card-title full\" style=\"font-size: 16px; display: -webkit-box; -webkit-line-clamp: unset; -webkit-box-orient: vertical; overflow: hidden; flex-shrink: 0; max-height: 40px;\">Kindle, Fire or Alexa device</div></div></div></div><div class=\"issue-card-wrapper\" style=\"width: 415.729px; padding: 12px;\"><div class=\"fs-match-card\" role=\"button\" tabindex=\"0\" style=\"height: 94px; background-color: rgb(255, 255, 255); border-radius: 5px; border: 1px solid rgb(221, 221, 221); padding: 16px 20px; display: flex;\"><div class=\"fs-match-card-icon\" style=\"margin-right: 12px;\"><img alt=\"\" src=\"https://m.media-amazon.com/images/G/01/x-locale/cs/help/images/gateway/self-service/fshub/fshub_dcontent_v3._CB428304563_.png\" style=\"max-width: 100%; border: 0px; vertical-align: top; width: 60px;\"></div><div class=\"center fs-match-card-detail\" style=\"display: flex; flex: 1 1 0%; flex-direction: column; min-width: 0px; justify-content: center;\"><div class=\"fs-match-card-title full\" style=\"font-size: 16px; display: -webkit-box; -webkit-line-clamp: unset; -webkit-box-orient: vertical; overflow: hidden; flex-shrink: 0; max-height: 40px;\">eBooks, Prime Videos or Music</div></div></div></div><div class=\"issue-card-wrapper\" style=\"width: 415.729px; padding: 12px;\"><div class=\"fs-match-card\" role=\"button\" tabindex=\"0\" style=\"height: 94px; background-color: rgb(255, 255, 255); border-radius: 5px; border: 1px solid rgb(221, 221, 221); padding: 16px 20px; display: flex;\"><div class=\"fs-match-card-icon\" style=\"margin-right: 12px;\"><img alt=\"\" src=\"https://m.media-amazon.com/images/G/01/x-locale/cs/help/images/gateway/self-service/fshub/accessibility._CB653395151_.png\" style=\"max-width: 100%; border: 0px; vertical-align: top; width: 60px;\"></div><div class=\"center fs-match-card-detail\" style=\"display: flex; flex: 1 1 0%; flex-direction: column; min-width: 0px; justify-content: center;\"><div class=\"fs-match-card-title full\" style=\"font-size: 16px; display: -webkit-box; -webkit-line-clamp: unset; -webkit-box-orient: vertical; overflow: hidden; flex-shrink: 0; max-height: 40px;\">Accessibility</div></div></div></div><div class=\"issue-card-wrapper\" style=\"width: 415.729px; padding: 12px;\"><div class=\"fs-match-card\" role=\"button\" tabindex=\"0\" style=\"height: 94px; background-color: rgb(255, 255, 255); border-radius: 5px; border: 1px solid rgb(221, 221, 221); padding: 16px 20px; display: flex;\"><div class=\"fs-match-card-icon\" style=\"margin-right: 12px;\"><img alt=\"\" src=\"https://m.media-amazon.com/images/G/01/x-locale/cs/help/images/gateway/self-service/fshub/fshub_somethingelse_v3._CB428112012_.png\" style=\"max-width: 100%; border: 0px; vertical-align: top; width: 60px;\"></div><div class=\"center fs-match-card-detail\" style=\"display: flex; flex: 1 1 0%; flex-direction: column; min-width: 0px; justify-content: center;\"><div class=\"fs-match-card-title full\" style=\"font-size: 16px; display: -webkit-box; -webkit-line-clamp: unset; -webkit-box-orient: vertical; overflow: hidden; flex-shrink: 0; max-height: 40px;\">Something else</div></div></div></div></div></div></div></div>',_binary '','Customer Service',0,'2022-11-08 15:43:34.478000',30),(2,'Registry-&-Gilfting','<div class=\"gr\" style=\"display: flex; flex-direction: column; align-items: center; z-index: -1; color: rgb(15, 17, 17); font-family: &quot;Amazon Ember&quot;, Arial, sans-serif; font-size: 14px;\"><div class=\"gr__container\" style=\"text-align: center; width: 1263.33px; max-width: 1500px;\"><div class=\"gr-landing\"><div class=\"gr-landing__container\"><div class=\"gr-landing-page-registry-info\" style=\"width: 1000px; display: flex; flex-direction: column; margin: auto;\"><div class=\"gr-registry-types\" style=\"display: flex; justify-content: center;\"><div class=\"gr-registry-types__container\" style=\"display: flex; justify-content: center; flex-wrap: wrap; margin-top: -12px;\"><div class=\"gr\" style=\"display: flex; flex-direction: column; align-items: center; z-index: -1; font-family: &quot;Amazon Ember&quot;, Arial, sans-serif; text-align: start;\"><div class=\"gr__container\" style=\"text-align: center; width: 1263.33px; max-width: 1500px;\"><div class=\"gr-landing\"><div class=\"gr-landing__container\"><div class=\"gr-landing-page-registry-info\" style=\"width: 1000px; display: flex; flex-direction: column; margin: auto;\"><div class=\"gr-registry-types\" style=\"display: flex; justify-content: center;\"><div class=\"gr-registry-types__container\" style=\"display: flex; justify-content: center; flex-wrap: wrap; margin-top: -12px;\"><div class=\"a-section gr-content-grid\" style=\"margin-bottom: 22px; font-family: &quot;Amazon Ember&quot;, Arial, sans-serif; text-align: start;\"><div class=\"a-row gr-content-grid-row\" style=\"width: 1263.33px;\"><div class=\"a-column a-span12 a-text-center a-spacing-top-mini gr-content-grid-image-block a-span-last\" style=\"width: 1263.33px; margin-right: 0px; float: right; min-height: 1px; overflow: visible; margin-top: 4px !important; text-align: center !important;\"><a class=\"a-link-normal\" href=\"https://www.amazon.com/registries/holiday?ref_=ggr_regbanner_hgl&amp;pf_rd_p=b093d013-42ba-4170-9e1e-4f977144121d&amp;pf_rd_r=H3YVDGCBH6N3VK2FKRA6\" style=\"color: rgb(0, 113, 133);\"><img alt=\"Make a Holiday Gift List\" src=\"https://m.media-amazon.com/images/G/01/home/awr/2022Projects/HGL_2022/Banner_RegistryHomepage-1500x100-V2._CB606811532_.jpg\" style=\"max-width: 100%; border: 0px; vertical-align: top;\"></a></div></div></div><div class=\"gr\" style=\"display: flex; flex-direction: column; align-items: center; z-index: -1; font-family: &quot;Amazon Ember&quot;, Arial, sans-serif; text-align: start;\"><div class=\"gr__container\" style=\"text-align: center; width: 1263.33px; max-width: 1500px;\"><div class=\"gr-landing\"><div class=\"gr-landing__container\"><div class=\"gr-hero\" style=\"position: relative; text-align: left;\"><img src=\"https://m.media-amazon.com/images/G/01/img18/home/registry/SavileRow_Registry_D._CB1198675309_.jpg\" class=\"gr-hero__image\" alt=\"Custom gift boxes and confetti\" style=\"max-width: 100%; border: 0px; vertical-align: top;\"><div class=\"gr-hero__container\" style=\"position: absolute; inset: 0px;\"><div class=\"gr-hero__title\" style=\"margin: calc(-40px + 7vw) 0px 0px 5vw; width: auto; font-size: min(36px, 12px + 1.2vw); min-height: 24px; max-width: 30%; line-height: 26px;\">The gift of better gift-giving</div><div class=\"gr-hero__body\" tabindex=\"0\" style=\"margin: 0.4vw 0px 0px 5vw; font-size: min(16px, 8px + 0.6vw); line-height: 1.5; max-width: 460px; overflow-wrap: break-word; width: 404.26px;\">Whether you\'re celebrating a wedding, a baby, a birthday, or other memorable milestones, our Gift Lists and registries will help you and your guests find the perfect gifts.</div><a class=\"a-link-normal gr-btn gr-btn--rounded gr-text gr-text--sm gr-hero__cta gr-home-btn a-button-primary\" href=\"https://www.amazon.com/registries/create-registry?ref_=gr_universal_landing\" style=\"color: rgb(0, 113, 133); background: rgb(255, 216, 20); border-color: rgb(252, 210, 0); font-size: min(13px, 5px + 0.6vw); border-radius: 100px; display: inline-block; line-height: 1.25; transition: all 0.1s ease 0s; padding: calc(0.6vw) calc(1vw); white-space: nowrap; overflow: hidden; text-overflow: ellipsis; margin: 1vw 0px 0px 5vw;\">Create a registry or gift list</a></div></div><div class=\"gr-find-stripe\" style=\"padding: 20px 20px 0px; margin-bottom: 20px; display: inline-block; width: 1263.33px; background-color: rgb(244, 242, 243);\"><div class=\"gr-header gr-header--xxsm gr-find-stripe__header aok-inline-block\" style=\"flex: 1 1 100%; margin-top: 0px; margin-bottom: 8px; font-size: 18px; color: rgb(17, 17, 17); line-height: normal; padding-bottom: 10px; font-weight: 700;\">Find a registry or gift list</div><form id=\"gr-find-stripe__form\" class=\"gr-find-stripe__form\" style=\"margin-bottom: 14px; display: inline-block;\"><div class=\"gr-find-stripe-form-container\" style=\"display: grid; grid-template-columns: 300px 300px 160px;\"><div class=\"gr-text gr-find-stripe__name-label\" style=\"font-size: 15px; color: rgb(17, 17, 17); text-align: left; margin-left: 5px; padding-bottom: 5px; grid-area: 1 / 1 / 2 / 2;\">Registrant name</div><div class=\"gr-find-stripe__name-wrapper\" style=\"text-align: left; grid-area: 2 / 1 / 3 / 2;\"><input class=\"gr-text gr-text--sm gr-text--tertiary gr-find-stripe__name\" type=\"text\" name=\"name\" placeholder=\"Search by Registrant name\" maxlength=\"60\" spellcheck=\"false\" style=\"font-size: 13px; vertical-align: middle; line-height: normal; transition: all 0.1s linear 0s; color: rgb(118, 118, 118); font-weight: 400; border-width: 1px; border-style: solid; border-color: rgb(116, 123, 130); border-radius: 4px; box-shadow: rgba(15, 17, 17, 0.15) 0px 1px 2px inset; outline: 0px; background-color: rgb(255, 255, 255); height: 31px; padding: 3px 7px; width: 290px;\"></div><div class=\"gr-find-stripe-name-alert\" style=\"padding-bottom: 10px; grid-area: 3 / 1 / 4 / 2;\"></div><div class=\"gr-find-stripe__type-dropdown\" style=\"text-align: left; grid-area: 2 / 2 / 3 / 3;\"><span class=\"a-dropdown-container\" style=\"position: relative;\"><select name=\"searchUrl\" autocomplete=\"off\" data-a-native-class=\"gr-find-stripe__type\" tabindex=\"0\" data-action=\"a-dropdown-select\" class=\"a-native-dropdown a-declarative gr-find-stripe__type\" style=\"font-size: 14px; vertical-align: middle; transition: all 0.1s linear 0s; line-height: 19px; color: rgb(15, 17, 17); position: absolute; z-index: -1; opacity: 0.01; max-width: 100%; left: 0px; width: 290px; padding: 0px; border-color: rgb(116, 123, 130);\"><option class=\"a-prompt\" value=\"\">Select a registry or gift list type</option>&nbsp; &nbsp;&nbsp; &nbsp;&nbsp; &nbsp;&nbsp; &nbsp;&nbsp; &nbsp;&nbsp; &nbsp;&nbsp; &nbsp;&nbsp; &nbsp;&nbsp; &nbsp;&nbsp; &nbsp;&nbsp; &nbsp;&nbsp; &nbsp;&nbsp; &nbsp;&nbsp; &nbsp;<option value=\"/wedding/search?nameOrEmail=\">&nbsp;&nbsp; &nbsp;&nbsp; &nbsp;&nbsp; &nbsp;&nbsp; &nbsp;&nbsp; &nbsp;&nbsp; &nbsp;&nbsp; &nbsp;&nbsp; &nbsp;Wedding Registry&nbsp; &nbsp;&nbsp; &nbsp;&nbsp; &nbsp;&nbsp; &nbsp;&nbsp; &nbsp;&nbsp; &nbsp;&nbsp; &nbsp;</option>&nbsp; &nbsp;&nbsp; &nbsp;&nbsp; &nbsp;&nbsp; &nbsp;&nbsp; &nbsp;&nbsp; &nbsp;&nbsp; &nbsp;<option value=\"/baby-reg/search-results?nameOrEmail=\">&nbsp;&nbsp; &nbsp;&nbsp; &nbsp;&nbsp; &nbsp;&nbsp; &nbsp;&nbsp; &nbsp;&nbsp; &nbsp;&nbsp; &nbsp;&nbsp; &nbsp;Baby Registry&nbsp; &nbsp;&nbsp; &nbsp;&nbsp; &nbsp;&nbsp; &nbsp;&nbsp; &nbsp;&nbsp; &nbsp;&nbsp; &nbsp;</option>&nbsp; &nbsp;&nbsp; &nbsp;&nbsp; &nbsp;&nbsp; &nbsp;&nbsp; &nbsp;&nbsp; &nbsp;&nbsp; &nbsp;<option value=\"/registries/search?name=\">&nbsp;&nbsp; &nbsp;&nbsp; &nbsp;&nbsp; &nbsp;&nbsp; &nbsp;&nbsp; &nbsp;&nbsp; &nbsp;&nbsp; &nbsp;&nbsp; &nbsp;Gift List&nbsp; &nbsp;&nbsp; &nbsp;&nbsp; &nbsp;&nbsp; &nbsp;&nbsp; &nbsp;&nbsp; &nbsp;&nbsp; &nbsp;</option>&nbsp; &nbsp; &nbsp;&nbsp; &nbsp;&nbsp; &nbsp;&nbsp; &nbsp;&nbsp; &nbsp;</select><span tabindex=\"-1\" data-a-class=\"gr-find-stripe__type\" class=\"a-button a-button-dropdown gr-find-stripe__type\" aria-hidden=\"true\" id=\"a-autoid-0\" style=\"background: rgb(240, 242, 242); border-radius: 8px; border: 1px solid rgb(116, 123, 130); cursor: pointer; display: inline-block; padding: 0px; text-align: center; vertical-align: middle; box-shadow: rgba(213, 217, 217, 0.5) 0px 2px 5px 0px; width: 290px; margin: 0px; min-width: 0%;\"><span class=\"a-button-inner\" style=\"display: block; position: relative; overflow: hidden; height: 29px; border-radius: 7px; background-image: initial; background-position: initial; background-size: initial; background-repeat: initial; background-attachment: initial; background-origin: initial; background-clip: initial; box-shadow: rgba(15, 17, 17, 0.15) 0px 2px 5px;\"><span class=\"a-button-text a-declarative\" data-csa-c-func-deps=\"aui-da-a-dropdown-button\" data-csa-c-type=\"widget\" data-csa-interaction-events=\"click\" data-action=\"a-dropdown-button\" aria-hidden=\"true\" data-csa-c-id=\"tpu3zr-28ajlb-78kd3q-hy6j6\" id=\"a-autoid-0-announce\" style=\"background-color: transparent; border: 0px; display: block; font-size: 13px; line-height: 29px; margin: 0px; outline: 0px; padding: 0px 26px 0px 11px; text-align: left; white-space: nowrap; overflow: hidden; text-overflow: ellipsis; position: relative; z-index: 10; height: 29px;\"><span class=\"a-dropdown-prompt\">Select a registry or gift list type</span></span><i class=\"a-icon a-icon-dropdown\" style=\"background-image: url(&quot;https://m.media-amazon.com/images/S/sash/f9Cwl2OUDVHGXk8.png&quot;); background-size: 400px 900px; background-repeat: no-repeat; display: inline-block; vertical-align: top; width: 10px; height: 8px; background-position: -7px -102px; position: absolute; top: 10px; right: 8px;\"></i></span></span></span></div><div class=\"gr-find-stripe-type-alert\" style=\"grid-area: 3 / 2 / 4 / 3;\"></div><div class=\"gr-find-stripe__search-button\" style=\"grid-area: 2 / 3 / 3 / 4;\"><button class=\"gr-btn gr-btn--rounded gr-text gr-find-stripe__cta gr-find-stripe__submit a-button-search\" aria-label=\"Search\" type=\"submit\" style=\"font-size: 15px; vertical-align: middle; line-height: 1.25; background-image: initial; background-position: initial; background-size: initial; background-repeat: initial; background-attachment: initial; background-origin: initial; background-clip: initial; border-color: rgb(15, 17, 17); font-weight: 400; border-radius: 100px; transition: all 0.1s ease 0s; padding: 3px 0px 5px; white-space: nowrap; overflow: hidden; text-overflow: ellipsis; text-transform: capitalize; width: 150px; background-color: rgb(48, 51, 51) !important; color: rgb(255, 255, 255) !important;\">Search</button></div></div></form></div><div class=\"gr-landing-page-registry-info\" style=\"width: 1000px; display: flex; flex-direction: column; margin: auto;\"><div class=\"gr-header gr-benefits-header\" tabindex=\"0\" style=\"flex: 1 1 100%; margin-top: 32px; margin-bottom: 32px; font-size: 24px; color: rgb(17, 17, 17); line-height: normal; font-weight: 700;\">Reasons to create a registry or gift list on Amazon</div><div class=\"gr-benefits\" style=\"display: flex; flex-wrap: wrap; justify-content: center;\"><div tabindex=\"0\" class=\"gr-benefits-card\" style=\"width: 220px; margin: 15px;\"><img class=\"gr-card__glyph\" src=\"https://m.media-amazon.com/images/G/01/img18/home/customgiftlist/icon_Celebrate.svg\" alt=\"Confetti coming out of a horn\" style=\"max-width: 100%; border: 0px; vertical-align: top; height: 72px; margin-bottom: 8px;\"><div class=\"gr-header gr-header--xxsm\" style=\"flex: 1 1 100%; margin-top: 0px; margin-bottom: 8px; font-size: 18px; color: rgb(17, 17, 17); line-height: normal; font-weight: 700;\">Celebrate any milestone</div><div>Add items from Amazon to create a gift registry for any occasion.</div></div><div tabindex=\"0\" class=\"gr-benefits-card\" style=\"width: 220px; margin: 15px;\"><img class=\"gr-card__glyph\" src=\"https://m.media-amazon.com/images/G/01/img18/home/customgiftlist/icon_Share.svg\" alt=\"Arrow pointing out of a box to indicate sharing\" style=\"max-width: 100%; border: 0px; vertical-align: top; height: 72px; margin-bottom: 8px;\"><div class=\"gr-header gr-header--xxsm\" style=\"flex: 1 1 100%; margin-top: 0px; margin-bottom: 8px; font-size: 18px; color: rgb(17, 17, 17); line-height: normal; font-weight: 700;\">Easy to share</div><div>Share your Gift lists with friends and family so they\'ll know exactly what gifts to get.</div></div><div tabindex=\"0\" class=\"gr-benefits-card\" style=\"width: 220px; margin: 15px;\"><img class=\"gr-card__glyph\" src=\"https://m.media-amazon.com/images/G/01/img18/home/customgiftlist/icon_Return.svg\" alt=\"Two gift boxes with bows\" style=\"max-width: 100%; border: 0px; vertical-align: top; height: 72px; margin-bottom: 8px;\"><div class=\"gr-header gr-header--xxsm\" style=\"flex: 1 1 100%; margin-top: 0px; margin-bottom: 8px; font-size: 18px; color: rgb(17, 17, 17); line-height: normal; font-weight: 700;\">Extended returns</div><div>Gift not quite right? Gift registry purchases have an extended return period.</div></div><div tabindex=\"0\" class=\"gr-benefits-card\" style=\"width: 220px; margin: 15px;\"><img class=\"gr-card__glyph\" src=\"https://m.media-amazon.com/images/G/01/img18/home/customgiftlist/icon_Thank_you.svg\" alt=\"A checklist\" style=\"max-width: 100%; border: 0px; vertical-align: top; height: 72px; margin-bottom: 8px;\"><div class=\"gr-header gr-header--xxsm\" style=\"flex: 1 1 100%; margin-top: 0px; margin-bottom: 8px; font-size: 18px; color: rgb(17, 17, 17); line-height: normal; font-weight: 700;\">Thank you list</div><div>We keep track of who bought what gift and when, so it\'s easy for you to send thank you notes.</div></div></div><div class=\"gr-header gr-benefits-header\" tabindex=\"0\" style=\"flex: 1 1 100%; margin-top: 32px; margin-bottom: 32px; font-size: 24px; color: rgb(17, 17, 17); line-height: normal; font-weight: 700;\">Learn more about our different registries and gift lists</div><div class=\"gr-registry-types\" style=\"display: flex; justify-content: center;\"><div class=\"gr-registry-types__container\" style=\"display: flex; justify-content: center; flex-wrap: wrap; margin-top: -12px;\"><a href=\"https://www.amazon.com/wedding?ref_=gr-landing\" class=\"gr-registry-types__card\" style=\"color: rgb(0, 113, 133); display: block; position: relative; margin: 16px; flex: 1 1 auto; width: calc(15% - 16px); letter-spacing: 0.02vw; max-width: 600px;\"><img class=\"gr-card__img\" src=\"https://m.media-amazon.com/images/G/01/img18/home/2021/Gift_List_Registry/gift/wedding_registry_238x238.jpg\" alt=\"A pair of champagne flutes on top of plates with ribbon\" style=\"max-width: 100%; border: 0px; vertical-align: top;\"><div class=\"gr-registry-types__header\" style=\"padding: 12px 4px; color: rgb(17, 17, 17); box-shadow: rgba(0, 0, 0, 0.15) 2px 2px 2px; display: flex; height: 60px; justify-content: center; align-items: center;\">I\'m getting married</div></a><a href=\"https://www.amazon.com/baby-reg?ref_=gr-landing\" class=\"gr-registry-types__card\" style=\"color: rgb(0, 113, 133); display: block; position: relative; margin: 16px; flex: 1 1 auto; width: calc(15% - 16px); letter-spacing: 0.02vw; max-width: 600px;\"><img class=\"gr-card__img\" src=\"https://m.media-amazon.com/images/G/01/img18/home/2021/Gift_List_Registry/gift/baby_gift_238x238.jpg\" alt=\"Baby nursery with crib and teddy bear\" style=\"max-width: 100%; border: 0px; vertical-align: top;\"><div class=\"gr-registry-types__header\" style=\"padding: 12px 4px; color: rgb(17, 17, 17); box-shadow: rgba(0, 0, 0, 0.15) 2px 2px 2px; display: flex; height: 60px; justify-content: center; align-items: center;\">I\'m welcoming a baby</div></a><a href=\"https://www.amazon.com/registries/birthday?ref_=gr-landing\" class=\"gr-registry-types__card\" style=\"color: rgb(0, 113, 133); display: block; position: relative; margin: 16px; flex: 1 1 auto; width: calc(15% - 16px); letter-spacing: 0.02vw; max-width: 600px;\"><img class=\"gr-card__img\" src=\"https://m.media-amazon.com/images/G/01/img18/home/2021/Gift_List_Registry/gift/birthday_gift_238x238.jpg\" alt=\"A child opening a birthday present\" style=\"max-width: 100%; border: 0px; vertical-align: top;\"><div class=\"gr-registry-types__header\" style=\"padding: 12px 4px; color: rgb(17, 17, 17); box-shadow: rgba(0, 0, 0, 0.15) 2px 2px 2px; display: flex; height: 60px; justify-content: center; align-items: center;\">Celebrating a child\'s birthday</div></a><a href=\"https://www.amazon.com/registries/holiday?ref_=gr-landing\" class=\"gr-registry-types__card\" style=\"color: rgb(0, 113, 133); display: block; position: relative; margin: 16px; flex: 1 1 auto; width: calc(15% - 16px); letter-spacing: 0.02vw; max-width: 600px;\"><img class=\"gr-card__img\" src=\"https://m.media-amazon.com/images/G/01/img18/home/2021/Gift_List_Registry/gift/Holiday_238x238-2.jpg\" alt=\"Wrapped holiday gifts with name tags\" style=\"max-width: 100%; border: 0px; vertical-align: top;\"><div class=\"gr-registry-types__header\" style=\"padding: 12px 4px; color: rgb(17, 17, 17); box-shadow: rgba(0, 0, 0, 0.15) 2px 2px 2px; display: flex; height: 60px; justify-content: center; align-items: center;\">Preparing for the Winter holidays</div></a><a href=\"https://www.amazon.com/registries/custom?ref_=gr-landing\" class=\"gr-registry-types__card\" style=\"color: rgb(0, 113, 133); display: block; position: relative; margin: 16px; flex: 1 1 auto; width: calc(15% - 16px); letter-spacing: 0.02vw; max-width: 600px;\"><img class=\"gr-card__img\" src=\"https://m.media-amazon.com/images/G/01/img18/home/2021/Gift_List_Registry/gift/custom_gift_238x238.jpg\" alt=\"A hand holding a stack of wraped gifts\" style=\"max-width: 100%; border: 0px; vertical-align: top;\"><div class=\"gr-registry-types__header\" style=\"padding: 12px 4px; color: rgb(17, 17, 17); box-shadow: rgba(0, 0, 0, 0.15) 2px 2px 2px; display: flex; height: 60px; justify-content: center; align-items: center;\">Celebrating a different occasion</div></a></div></div></div></div></div></div></div></div></div></div></div></div></div></div></div></div></div></div></div></div></div>',_binary '','Registry & Gilfting',0,'2022-11-09 09:03:20.277000',30),(3,'Gift-Cards','<div><div class=\"a-row\" style=\"width: 1015.33px; color: rgb(15, 17, 17); font-family: &quot;Amazon Ember&quot;, Arial, sans-serif; font-size: 14px;\"><div class=\"celwidget pf_rd_p-f94b7bc1-74fc-4ae8-afb8-9a82ad521102 pf_rd_r-6QJY1TGWM3SQD577HERA\" cel_widget_id=\"a7b910df-0c2b-4418-83ca-171b2366378d\" data-csa-op-log-render=\"\" data-csa-c-content-id=\"amzn1.sym.f94b7bc1-74fc-4ae8-afb8-9a82ad521102\" data-csa-c-slot-id=\"DsUnknown-7\" data-csa-c-type=\"widget\" data-csa-c-painter=\"raw:__NA_leo-widget_1.0\" data-csa-c-id=\"hcoocv-dzxo2e-xhv2sq-oq2hnc\"><div class=\"acsUxWidget\"><div id=\"contentGrid_889158\" class=\"acswidget acswidget-content-grid celwidget US bxw-content-grid bxw-content-grid--ember bxc-grid--padding bxc-grid__n-bottom-layout  bxc-grid--light\" cel_widget_id=\"acsux-widgets_content-grid_merchandised-search-2\" data-is-mobile=\"false\" data-csa-c-id=\"7lc9e1-gqdbej-t2gct-3i91uj\" style=\"margin-bottom: 0px; font-family: &quot;Amazon Ember&quot;, Arial, sans-serif;\"><div class=\"bxc-grid__container bxc-grid__container--width-1500 bxc-grid__mp-gutter-layout\" style=\"margin-left: auto; margin-right: auto; max-width: 1500px;\"><div class=\"bxc-grid__row   bxc-grid__row--light  \" style=\"margin-left: -20px;\"><div class=\"bxc-grid__column  bxc-grid__column--12-of-12   bxc-grid__column--light\" style=\"position: relative; display: inline-block; margin-right: -0.3em; vertical-align: top; min-height: 1px; padding-left: 20px; width: 1035.33px;\"><div class=\"bxc-grid__content   bxc-grid__content--light  celwidget\" cel_widget_id=\"acsux-widgets_content-grid_merchandised-search-2_row1-col1\" data-csa-c-id=\"ath8ry-5qcha7-af961e-q221nd\" style=\"margin-bottom: 20px;\"><div class=\"bxc-grid__text a-text-center   bxc-grid__text--light\" style=\"text-align: center !important;\"><h1 style=\"padding: 0px; margin-right: 0px; margin-bottom: 0px; margin-left: 0px; text-rendering: optimizelegibility; font-size: 28px; line-height: 36px;\">Shop the perfect gift card</h1></div></div></div></div><div class=\"bxc-grid__row   bxc-grid__row--light  \" style=\"margin-left: -20px;\"><div class=\"bxc-grid__column  bxc-grid__column--12-of-12   bxc-grid__column--light\" style=\"position: relative; display: inline-block; margin-right: -0.3em; vertical-align: top; min-height: 1px; padding-left: 20px; width: 1035.33px;\"><div class=\"bxc-grid__content   bxc-grid__content--light  celwidget\" cel_widget_id=\"acsux-widgets_content-grid_merchandised-search-2_row2-col1\" data-csa-c-id=\"ebqz54-wwo9ir-t2g691-r7zhd0\" style=\"margin-bottom: 20px;\"><div class=\"bxc-grid__divider\"><hr class=\"a-divider-normal\" style=\"border-top: 1px solid rgb(187, 191, 191); line-height: 19px; margin-top: 0px; margin-bottom: 0px;\"></div></div></div></div></div></div></div></div></div><div class=\"a-row\" style=\"width: 1015.33px; color: rgb(15, 17, 17); font-family: &quot;Amazon Ember&quot;, Arial, sans-serif; font-size: 14px;\"><div class=\"celwidget pf_rd_p-2249537e-0d8e-434e-9697-c84529a31013 pf_rd_r-6QJY1TGWM3SQD577HERA\" cel_widget_id=\"6d47167e-da60-4272-be2c-f1a2c3074709\" data-csa-op-log-render=\"\" data-csa-c-content-id=\"amzn1.sym.2249537e-0d8e-434e-9697-c84529a31013\" data-csa-c-slot-id=\"DsUnknown-9\" data-csa-c-type=\"widget\" data-csa-c-painter=\"raw:__NA_leo-widget_1.0\" data-csa-c-id=\"x8ioq1-8amyvm-8rm5m3-3rgu76\"><div class=\"acsUxWidget\"><div id=\"contentGrid_201333\" class=\"acswidget acswidget-content-grid celwidget US bxw-content-grid bxw-content-grid--ember bxc-grid--padding bxc-grid__n-bottom-layout  bxc-grid--light\" cel_widget_id=\"acsux-widgets_content-grid_merchandised-search-4\" data-is-mobile=\"false\" data-csa-c-id=\"uu35z9-pkyzr6-ftjcpf-5774dr\" style=\"margin-bottom: 0px; font-family: &quot;Amazon Ember&quot;, Arial, sans-serif;\"><div class=\"bxc-grid__container bxc-grid__container--width-1024 bxc-grid__mp-gutter-layout\" style=\"margin-left: auto; margin-right: auto; max-width: 1024px;\"><div class=\"bxc-grid__row   bxc-grid__row--light  \" style=\"margin-left: -20px;\"><div class=\"bxc-grid__column  bxc-grid__column--12-of-12   bxc-grid__column--light\" style=\"position: relative; display: inline-block; margin-right: -0.3em; vertical-align: top; min-height: 1px; padding-left: 20px; width: 1035.33px;\"><div class=\"bxc-grid__content   bxc-grid__content--light  celwidget\" cel_widget_id=\"acsux-widgets_content-grid_merchandised-search-4_row1-col1\" data-csa-c-id=\"slyhzs-nzlq2x-ahleja-eho19s\" style=\"margin-bottom: 20px;\"><div class=\"bxc-grid__text a-text-left   bxc-grid__text--light\"><h2 style=\"padding: 0px; margin-right: 0px; margin-bottom: 0px; margin-left: 0px; text-rendering: optimizelegibility; font-weight: 700; font-size: 24px; line-height: 32px;\">Shop by occasion</h2></div></div></div></div><div class=\"bxc-grid__row   bxc-grid__row--light  \" style=\"margin-left: -20px;\"><div class=\"bxc-grid__column  bxc-grid__column--2-of-12   bxc-grid__column--light\" style=\"position: relative; display: inline-block; margin-right: -0.3em; vertical-align: top; min-height: 1px; padding-left: 20px; width: 172.344px;\"><div class=\"bxc-grid__content   bxc-grid__content--light  celwidget\" cel_widget_id=\"acsux-widgets_content-grid_merchandised-search-4_row2-col1\" data-csa-c-id=\"8eahb3-o9k83d-y8p0ti-6qj3q1\" style=\"margin-bottom: 20px;\"><div class=\"bxc-grid__image   bxc-grid__image--light\"><a href=\"https://www.amazon.com/b/ref=s9_acss_bw_cg_GCLPOC21_2a1_w?node=5743983011&amp;pf_rd_m=ATVPDKIKX0DER&amp;pf_rd_s=merchandised-search-4&amp;pf_rd_r=6QJY1TGWM3SQD577HERA&amp;pf_rd_t=101&amp;pf_rd_p=2249537e-0d8e-434e-9697-c84529a31013&amp;pf_rd_i=2238192011\" aria-label=\"Fall festivities\" style=\"color: rgb(0, 113, 133); display: block; background: url(&quot;https://images-na.ssl-images-amazon.com/images/G/01/blank/1x1_b._V192262818_.gif&quot;);\"><img src=\"https://images-na.ssl-images-amazon.com/images/G/01/gift-certificates/consumer/2022/Fall/GCLP/OccTile_Fall_US-en_346x130.png\" alt=\"Fall festivities\" style=\"max-width: 100%; border: 0px; vertical-align: top; display: block; margin: 0px auto;\"></a></div></div></div>&nbsp;<div class=\"bxc-grid__column  bxc-grid__column--2-of-12   bxc-grid__column--light\" style=\"position: relative; display: inline-block; margin-right: -0.3em; vertical-align: top; min-height: 1px; padding-left: 20px; width: 172.344px;\"><div class=\"bxc-grid__content   bxc-grid__content--light  celwidget\" cel_widget_id=\"acsux-widgets_content-grid_merchandised-search-4_row2-col2\" data-csa-c-id=\"bgowic-aecvdj-6fgsaf-wf314k\" style=\"margin-bottom: 20px;\"><div class=\"bxc-grid__image   bxc-grid__image--light\"><a href=\"https://www.amazon.com/gcx/Gift-Cards/gfhz/category/ref=s9_acss_bw_cg_GCLPOC21_2b1_w?categoryId=gift-cards&amp;pf_rd_m=ATVPDKIKX0DER&amp;pf_rd_s=merchandised-search-4&amp;pf_rd_r=6QJY1TGWM3SQD577HERA&amp;pf_rd_t=101&amp;pf_rd_p=2249537e-0d8e-434e-9697-c84529a31013&amp;pf_rd_i=2238192011\" aria-label=\"Holiday gift cards\" style=\"color: rgb(0, 113, 133); display: block; background: url(&quot;https://images-na.ssl-images-amazon.com/images/G/01/blank/1x1_b._V192262818_.gif&quot;);\"><img src=\"https://images-na.ssl-images-amazon.com/images/G/01/gift-certificates/consumer/2021/GCLP/Support/2x/Occ_Holiday_346x130.png\" alt=\"Holiday gift cards\" style=\"max-width: 100%; border: 0px; vertical-align: top; display: block; margin: 0px auto;\"></a></div></div></div>&nbsp;<div class=\"bxc-grid__column  bxc-grid__column--2-of-12   bxc-grid__column--light\" style=\"position: relative; display: inline-block; margin-right: -0.3em; vertical-align: top; min-height: 1px; padding-left: 20px; width: 172.344px;\"><div class=\"bxc-grid__content   bxc-grid__content--light  celwidget\" cel_widget_id=\"acsux-widgets_content-grid_merchandised-search-4_row2-col3\" data-csa-c-id=\"oz0705-neqbxw-7fzk60-jkshkh\" style=\"margin-bottom: 20px;\"><div class=\"bxc-grid__image   bxc-grid__image--light\"><a href=\"https://www.amazon.com/b/ref=s9_acss_bw_cg_GCLPOC21_2c1_w?node=2973106011&amp;pf_rd_m=ATVPDKIKX0DER&amp;pf_rd_s=merchandised-search-4&amp;pf_rd_r=6QJY1TGWM3SQD577HERA&amp;pf_rd_t=101&amp;pf_rd_p=2249537e-0d8e-434e-9697-c84529a31013&amp;pf_rd_i=2238192011\" aria-label=\"Birthday gift cards\" style=\"color: rgb(0, 113, 133); display: block; background: url(&quot;https://images-na.ssl-images-amazon.com/images/G/01/blank/1x1_b._V192262818_.gif&quot;);\"><img src=\"https://images-na.ssl-images-amazon.com/images/G/01/gift-certificates/consumer/2021/GCLP/Support/2x/Occ_Birthday_346x130.png\" alt=\"Birthday gift cards\" style=\"max-width: 100%; border: 0px; vertical-align: top; display: block; margin: 0px auto;\"></a></div></div></div>&nbsp;<div class=\"bxc-grid__column  bxc-grid__column--2-of-12   bxc-grid__column--light\" style=\"position: relative; display: inline-block; margin-right: -0.3em; vertical-align: top; min-height: 1px; padding-left: 20px; width: 172.344px;\"><div class=\"bxc-grid__content   bxc-grid__content--light  celwidget\" cel_widget_id=\"acsux-widgets_content-grid_merchandised-search-4_row2-col4\" data-csa-c-id=\"wbgggf-szowgc-ceoz34-qv8lzb\" style=\"margin-bottom: 20px;\"><div class=\"bxc-grid__image   bxc-grid__image--light\"><a href=\"https://www.amazon.com/b/ref=s9_acss_bw_cg_GCLPOC21_2d1_w?node=24031792011&amp;pf_rd_m=ATVPDKIKX0DER&amp;pf_rd_s=merchandised-search-4&amp;pf_rd_r=6QJY1TGWM3SQD577HERA&amp;pf_rd_t=101&amp;pf_rd_p=2249537e-0d8e-434e-9697-c84529a31013&amp;pf_rd_i=2238192011\" aria-label=\"Milestone moments gift cards\" style=\"color: rgb(0, 113, 133); display: block; background: url(&quot;https://images-na.ssl-images-amazon.com/images/G/01/blank/1x1_b._V192262818_.gif&quot;);\"><img src=\"https://images-na.ssl-images-amazon.com/images/G/01/GiftCards/Consumer/GCLP/Occ_Milestone_Moments_346x130_EN.png\" alt=\"Milestone moments gift cards\" style=\"max-width: 100%; border: 0px; vertical-align: top; display: block; margin: 0px auto;\"></a></div></div></div>&nbsp;<div class=\"bxc-grid__column  bxc-grid__column--2-of-12   bxc-grid__column--light\" style=\"position: relative; display: inline-block; margin-right: -0.3em; vertical-align: top; min-height: 1px; padding-left: 20px; width: 172.344px;\"><div class=\"bxc-grid__content   bxc-grid__content--light  celwidget\" cel_widget_id=\"acsux-widgets_content-grid_merchandised-search-4_row2-col5\" data-csa-c-id=\"1yhjzd-9777v3-hfh3nx-41i2o\" style=\"margin-bottom: 20px;\"><div class=\"bxc-grid__image   bxc-grid__image--light\"><a href=\"https://www.amazon.com/b/ref=s9_acss_bw_cg_GCLPOC21_2e1_w?node=15382616011&amp;pf_rd_m=ATVPDKIKX0DER&amp;pf_rd_s=merchandised-search-4&amp;pf_rd_r=6QJY1TGWM3SQD577HERA&amp;pf_rd_t=101&amp;pf_rd_p=2249537e-0d8e-434e-9697-c84529a31013&amp;pf_rd_i=2238192011\" aria-label=\"Thank you gift cards\" style=\"color: rgb(0, 113, 133); display: block; background: url(&quot;https://images-na.ssl-images-amazon.com/images/G/01/blank/1x1_b._V192262818_.gif&quot;);\"><img src=\"https://images-na.ssl-images-amazon.com/images/G/01/gift-certificates/consumer/2021/GCLP/Support/2x/Occ_THNX_346x130.png\" alt=\"Thank you gift cards\" style=\"max-width: 100%; border: 0px; vertical-align: top; display: block; margin: 0px auto;\"></a></div></div></div>&nbsp;<div class=\"bxc-grid__column  bxc-grid__column--2-of-12   bxc-grid__column--light\" style=\"position: relative; display: inline-block; margin-right: -0.3em; vertical-align: top; min-height: 1px; padding-left: 20px; width: 172.344px;\"><div class=\"bxc-grid__content   bxc-grid__content--light  celwidget\" cel_widget_id=\"acsux-widgets_content-grid_merchandised-search-4_row2-col6\" data-csa-c-id=\"i49l33-j0ze2z-q70oft-2qtqzd\" style=\"margin-bottom: 20px;\"><div class=\"bxc-grid__image   bxc-grid__image--light\"><a href=\"https://www.amazon.com/b/ref=s9_acss_bw_cg_GCLPOC21_2f1_w?node=2973109011&amp;pf_rd_m=ATVPDKIKX0DER&amp;pf_rd_s=merchandised-search-4&amp;pf_rd_r=6QJY1TGWM3SQD577HERA&amp;pf_rd_t=101&amp;pf_rd_p=2249537e-0d8e-434e-9697-c84529a31013&amp;pf_rd_i=2238192011\" aria-label=\"Congrats gift cards\" style=\"color: rgb(0, 113, 133); display: block; background: url(&quot;https://images-na.ssl-images-amazon.com/images/G/01/blank/1x1_b._V192262818_.gif&quot;);\"><img src=\"https://images-na.ssl-images-amazon.com/images/G/01/gift-certificates/consumer/2021/GCLP/Support/2x/Occ_Congrats_346x130.png\" alt=\"Congrats gift cards\" style=\"max-width: 100%; border: 0px; vertical-align: top; display: block; margin: 0px auto;\"></a></div></div></div></div><div class=\"bxc-grid__row   bxc-grid__row--light  \" style=\"margin-left: -20px;\"><div class=\"bxc-grid__column  bxc-grid__column--12-of-12   bxc-grid__column--light\" style=\"position: relative; display: inline-block; margin-right: -0.3em; vertical-align: top; min-height: 1px; padding-left: 20px; width: 1035.33px;\"><div class=\"bxc-grid__content   bxc-grid__content--light  celwidget\" cel_widget_id=\"acsux-widgets_content-grid_merchandised-search-4_row3-col1\" data-csa-c-id=\"8aopyl-64ndh7-n0cw27-65yna4\" style=\"margin-bottom: 20px;\"><div class=\"bxc-grid__text a-text-left   bxc-grid__text--light\"><div><a href=\"https://www.amazon.com/b/ref=s9_acss_bw_cg_GCLPOC21_md1_w?node=2973102011&amp;pf_rd_m=ATVPDKIKX0DER&amp;pf_rd_s=merchandised-search-4&amp;pf_rd_r=6QJY1TGWM3SQD577HERA&amp;pf_rd_t=101&amp;pf_rd_p=2249537e-0d8e-434e-9697-c84529a31013&amp;pf_rd_i=2238192011\" style=\"color: rgb(0, 113, 133);\">See all occasions</a></div></div></div></div></div></div></div></div></div></div><div class=\"a-row\" style=\"width: 1015.33px; color: rgb(15, 17, 17); font-family: &quot;Amazon Ember&quot;, Arial, sans-serif; font-size: 14px;\"><div class=\"celwidget pf_rd_p-8d77fa03-adaf-484e-815f-fd93aa8f4f98 pf_rd_r-6QJY1TGWM3SQD577HERA\" cel_widget_id=\"73ff09f3-425a-43f8-a115-af869deda853\" data-csa-op-log-render=\"\" data-csa-c-content-id=\"amzn1.sym.8d77fa03-adaf-484e-815f-fd93aa8f4f98\" data-csa-c-slot-id=\"DsUnknown-10\" data-csa-c-type=\"widget\" data-csa-c-painter=\"raw:__NA_leo-widget_1.0\" data-csa-c-id=\"di5zvu-xl55mo-qnimaa-erxns9\"><div class=\"acsUxWidget\"><div id=\"contentGrid_573238\" class=\"acswidget acswidget-content-grid celwidget US bxw-content-grid bxw-content-grid--ember bxc-grid--padding bxc-grid__n-bottom-layout  bxc-grid--light\" cel_widget_id=\"acsux-widgets_content-grid_merchandised-search-5\" data-is-mobile=\"false\" data-csa-c-id=\"hjwlrf-xx1mw1-rvcds-ckbu52\" style=\"margin-bottom: 0px; font-family: &quot;Amazon Ember&quot;, Arial, sans-serif;\"><div class=\"bxc-grid__container bxc-grid__container--width-1024 bxc-grid__mp-gutter-layout\" style=\"margin-left: auto; margin-right: auto; max-width: 1024px;\"><div class=\"bxc-grid__row   bxc-grid__row--light  \" style=\"margin-left: -20px;\"><div class=\"bxc-grid__column  bxc-grid__column--12-of-12   bxc-grid__column--light\" style=\"position: relative; display: inline-block; margin-right: -0.3em; vertical-align: top; min-height: 1px; padding-left: 20px; width: 1035.33px;\"><div class=\"bxc-grid__content   bxc-grid__content--light  celwidget\" cel_widget_id=\"acsux-widgets_content-grid_merchandised-search-5_row1-col1\" data-csa-c-id=\"qa9t0d-ms27qz-8u18o8-ava4oc\" style=\"margin-bottom: 20px;\"><div class=\"bxc-grid__text a-text-left   bxc-grid__text--light\"><h2 style=\"padding: 0px; margin-right: 0px; margin-bottom: 0px; margin-left: 0px; text-rendering: optimizelegibility; font-weight: 700; font-size: 24px; line-height: 32px;\">Shop by card type</h2></div></div></div></div><div class=\"bxc-grid__row   bxc-grid__row--light  \" style=\"margin-left: -20px;\"><div class=\"bxc-grid__column  bxc-grid__column--4-of-12   bxc-grid__column--light\" style=\"position: relative; display: inline-block; margin-right: -0.3em; vertical-align: top; min-height: 1px; padding-left: 20px; width: 345.104px;\"><div class=\"bxc-grid__content   bxc-grid__content--light  celwidget\" cel_widget_id=\"acsux-widgets_content-grid_merchandised-search-5_row2-col1\" data-csa-c-id=\"524f9x-mn54jc-ovrq2z-1sqk0z\" style=\"margin-bottom: 20px;\"><div class=\"bxc-grid__image   bxc-grid__image--light\"><a href=\"https://www.amazon.com/gp/product/B09RX1DBJP/ref=s9_acss_bw_cg_gclptcg_2a1_w?pf_rd_m=ATVPDKIKX0DER&amp;pf_rd_s=merchandised-search-5&amp;pf_rd_r=6QJY1TGWM3SQD577HERA&amp;pf_rd_t=101&amp;pf_rd_p=8d77fa03-adaf-484e-815f-fd93aa8f4f98&amp;pf_rd_i=2238192011\" aria-label=\"eGift Cards\" style=\"color: rgb(0, 113, 133); display: block; background: url(&quot;https://images-na.ssl-images-amazon.com/images/G/01/blank/1x1_b._V192262818_.gif&quot;);\"><img src=\"https://images-na.ssl-images-amazon.com/images/G/01/gift-certificates/consumer/2022/Fall/GCLP/4C_eGC.png\" alt=\"eGift Cards\" style=\"max-width: 100%; border: 0px; vertical-align: top; display: block; margin: 0px auto;\"></a></div></div></div>&nbsp;<div class=\"bxc-grid__column  bxc-grid__column--4-of-12   bxc-grid__column--light\" style=\"position: relative; display: inline-block; margin-right: -0.3em; vertical-align: top; min-height: 1px; padding-left: 20px; width: 345.104px;\"><div class=\"bxc-grid__content   bxc-grid__content--light  celwidget\" cel_widget_id=\"acsux-widgets_content-grid_merchandised-search-5_row2-col2\" data-csa-c-id=\"nuks9h-6sgfah-6lgalw-pefck9\" style=\"margin-bottom: 20px;\"><div class=\"bxc-grid__image   bxc-grid__image--light\"><a href=\"https://www.amazon.com/s/ref=s9_acss_bw_cg_gclptcg_2b1_w?i=gift-cards&amp;bbn=2238192011&amp;rh=n%3A2238192011%2Cp_n_format_browse-bin%3A2740967011%2Cp_89%3AAmazon&amp;pf_rd_m=ATVPDKIKX0DER&amp;pf_rd_s=merchandised-search-5&amp;pf_rd_r=6QJY1TGWM3SQD577HERA&amp;pf_rd_t=101&amp;pf_rd_p=8d77fa03-adaf-484e-815f-fd93aa8f4f98&amp;pf_rd_i=2238192011\" aria-label=\"Physical gift cards\" style=\"color: rgb(0, 113, 133); display: block; background: url(&quot;https://images-na.ssl-images-amazon.com/images/G/01/blank/1x1_b._V192262818_.gif&quot;);\"><img src=\"https://images-na.ssl-images-amazon.com/images/G/01/gift-certificates/consumer/2022/Fall/GCLP/4C_pGC.png\" alt=\"Physical gift cards\" style=\"max-width: 100%; border: 0px; vertical-align: top; display: block; margin: 0px auto;\"></a></div></div></div>&nbsp;<div class=\"bxc-grid__column  bxc-grid__column--4-of-12   bxc-grid__column--light\" style=\"position: relative; display: inline-block; margin-right: -0.3em; vertical-align: top; min-height: 1px; padding-left: 20px; width: 345.104px;\"><div class=\"bxc-grid__content   bxc-grid__content--light  celwidget\" cel_widget_id=\"acsux-widgets_content-grid_merchandised-search-5_row2-col3\" data-csa-c-id=\"a3x0dr-m6vfdt-lmozhu-ri200t\" style=\"margin-bottom: 20px;\"><div class=\"bxc-grid__image   bxc-grid__image--light\"><a href=\"https://www.amazon.com/gp/product/B09F2G15SK/ref=s9_acss_bw_cg_gclptcg_2c1_w?pf_rd_m=ATVPDKIKX0DER&amp;pf_rd_s=merchandised-search-5&amp;pf_rd_r=6QJY1TGWM3SQD577HERA&amp;pf_rd_t=101&amp;pf_rd_p=8d77fa03-adaf-484e-815f-fd93aa8f4f98&amp;pf_rd_i=2238192011\" aria-label=\"Print at home\" style=\"color: rgb(0, 113, 133); display: block; background: url(&quot;https://images-na.ssl-images-amazon.com/images/G/01/blank/1x1_b._V192262818_.gif&quot;);\"><img src=\"https://images-na.ssl-images-amazon.com/images/G/01/gift-certificates/consumer/2022/Fall/GCLP/4C_PAH.png\" alt=\"Print at home\" style=\"max-width: 100%; border: 0px; vertical-align: top; display: block; margin: 0px auto;\"></a></div></div></div></div><div class=\"bxc-grid__row   bxc-grid__row--light  \" style=\"margin-left: -20px;\"><div class=\"bxc-grid__column  bxc-grid__column--4-of-12   bxc-grid__column--light\" style=\"position: relative; display: inline-block; margin-right: -0.3em; vertical-align: top; min-height: 1px; padding-left: 20px; width: 345.104px;\"><div class=\"bxc-grid__content   bxc-grid__content--light  celwidget\" cel_widget_id=\"acsux-widgets_content-grid_merchandised-search-5_row3-col1\" data-csa-c-id=\"qpri63-92psg9-3m1krq-d99rt2\" style=\"margin-bottom: 20px;\"><div class=\"bxc-grid__text a-text-left   bxc-grid__text--light\"><h3 style=\"padding: 0px 0px 4px; margin-right: 0px; margin-bottom: 0px; margin-left: 0px; text-rendering: optimizelegibility; font-weight: 700; font-size: 18px; line-height: 24px;\">eGift cards</h3><div>Add your personal message and send by email or text.</div><div><a href=\"https://www.amazon.com/gp/product/B09KXT1HLH/ref=s9_acss_bw_cg_gclptcg_md1_w?pf_rd_m=ATVPDKIKX0DER&amp;pf_rd_s=merchandised-search-5&amp;pf_rd_r=6QJY1TGWM3SQD577HERA&amp;pf_rd_t=101&amp;pf_rd_p=8d77fa03-adaf-484e-815f-fd93aa8f4f98&amp;pf_rd_i=2238192011\" style=\"color: rgb(0, 113, 133);\">See options</a></div></div></div></div>&nbsp;<div class=\"bxc-grid__column  bxc-grid__column--4-of-12   bxc-grid__column--light\" style=\"position: relative; display: inline-block; margin-right: -0.3em; vertical-align: top; min-height: 1px; padding-left: 20px; width: 345.104px;\"><div class=\"bxc-grid__content   bxc-grid__content--light  celwidget\" cel_widget_id=\"acsux-widgets_content-grid_merchandised-search-5_row3-col2\" data-csa-c-id=\"gw4qpq-nv9iff-67h9fd-o8tolv\" style=\"margin-bottom: 20px;\"><div class=\"bxc-grid__text a-text-left   bxc-grid__text--light\"><h3 style=\"padding: 0px 0px 4px; margin-right: 0px; margin-bottom: 0px; margin-left: 0px; text-rendering: optimizelegibility; font-weight: 700; font-size: 18px; line-height: 24px;\">Physical gift cards</h3><div>Send a smile with unique designs and fun packaging.</div><div><a href=\"https://www.amazon.com/s/ref=s9_acss_bw_cg_gclptcg_md1_w?i=gift-cards&amp;bbn=2238192011&amp;rh=n%3A2238192011%2Cp_n_format_browse-bin%3A2740967011%2Cp_89%3AAmazon&amp;pf_rd_m=ATVPDKIKX0DER&amp;pf_rd_s=merchandised-search-5&amp;pf_rd_r=6QJY1TGWM3SQD577HERA&amp;pf_rd_t=101&amp;pf_rd_p=8d77fa03-adaf-484e-815f-fd93aa8f4f98&amp;pf_rd_i=2238192011\" style=\"color: rgb(0, 113, 133);\">Shop now</a></div></div></div></div>&nbsp;<div class=\"bxc-grid__column  bxc-grid__column--4-of-12   bxc-grid__column--light\" style=\"position: relative; display: inline-block; margin-right: -0.3em; vertical-align: top; min-height: 1px; padding-left: 20px; width: 345.104px;\"><div class=\"bxc-grid__content   bxc-grid__content--light  celwidget\" cel_widget_id=\"acsux-widgets_content-grid_merchandised-search-5_row3-col3\" data-csa-c-id=\"855ttz-aoslra-afa81q-d9a8py\" style=\"margin-bottom: 20px;\"><div class=\"bxc-grid__text a-text-left   bxc-grid__text--light\"><h3 style=\"padding: 0px 0px 4px; margin-right: 0px; margin-bottom: 0px; margin-left: 0px; text-rendering: optimizelegibility; font-weight: 700; font-size: 18px; line-height: 24px;\">Print at home</h3><div>Print and fold an Amazon Gift Card at home.</div><div><a href=\"https://www.amazon.com/gp/product/B07P76HM3B/ref=s9_acss_bw_cg_gclptcg_md1_w?pf_rd_m=ATVPDKIKX0DER&amp;pf_rd_s=merchandised-search-5&amp;pf_rd_r=6QJY1TGWM3SQD577HERA&amp;pf_rd_t=101&amp;pf_rd_p=8d77fa03-adaf-484e-815f-fd93aa8f4f98&amp;pf_rd_i=2238192011\" style=\"color: rgb(0, 113, 133);\">Get started</a></div></div></div></div></div><div class=\"bxc-grid__row   bxc-grid__row--light  \" style=\"margin-left: -20px;\"><div class=\"bxc-grid__column  bxc-grid__column--12-of-12   bxc-grid__column--light\" style=\"position: relative; display: inline-block; margin-right: -0.3em; vertical-align: top; min-height: 1px; padding-left: 20px; width: 1035.33px;\"><div class=\"bxc-grid__content   bxc-grid__content--light  celwidget\" cel_widget_id=\"acsux-widgets_content-grid_merchandised-search-5_row4-col1\" data-csa-c-id=\"3aswzi-koy8te-xbcyoc-mq88ue\" style=\"margin-bottom: 20px;\"><div class=\"bxc-grid__divider\"><hr class=\"a-divider-normal\" style=\"border-top: 1px solid rgb(187, 191, 191); line-height: 19px; margin-top: 0px; margin-bottom: 0px;\"></div></div></div></div><div class=\"bxc-grid__row   bxc-grid__row--light  \" style=\"margin-left: -20px;\"><div class=\"bxc-grid__column  bxc-grid__column--6-of-12   bxc-grid__column--light\" style=\"position: relative; display: inline-block; margin-right: -0.3em; vertical-align: top; min-height: 1px; padding-left: 20px; width: 517.667px;\"><div class=\"bxc-grid__content   bxc-grid__content--light  celwidget\" cel_widget_id=\"acsux-widgets_content-grid_merchandised-search-5_row5-col1\" data-csa-c-id=\"8iajcg-k30s8h-p3ea5k-x76xpw\" style=\"margin-bottom: 20px;\"><div class=\"bxc-grid__image   bxc-grid__image--light\"><a href=\"https://www.amazon.com/b/ref=s9_acss_bw_cg_gclptcg_5a1_w?node=21608725011&amp;pf_rd_m=ATVPDKIKX0DER&amp;pf_rd_s=merchandised-search-5&amp;pf_rd_r=6QJY1TGWM3SQD577HERA&amp;pf_rd_t=101&amp;pf_rd_p=8d77fa03-adaf-484e-815f-fd93aa8f4f98&amp;pf_rd_i=2238192011\" aria-label=\"Specialty gift cards\" style=\"color: rgb(0, 113, 133); display: block; background: url(&quot;https://images-na.ssl-images-amazon.com/images/G/01/blank/1x1_b._V192262818_.gif&quot;);\"><img src=\"https://images-na.ssl-images-amazon.com/images/G/01/gift-certificates/consumer/2022/Fall/GCLP/2C_BGC_US.png\" alt=\"Specialty gift cards\" style=\"max-width: 100%; border: 0px; vertical-align: top; display: block; margin: 0px auto;\"></a></div></div></div>&nbsp;<div class=\"bxc-grid__column  bxc-grid__column--6-of-12   bxc-grid__column--light\" style=\"position: relative; display: inline-block; margin-right: -0.3em; vertical-align: top; min-height: 1px; padding-left: 20px; width: 517.667px;\"><div class=\"bxc-grid__content   bxc-grid__content--light  celwidget\" cel_widget_id=\"acsux-widgets_content-grid_merchandised-search-5_row5-col2\" data-csa-c-id=\"tq36gj-pbmlio-krek98-vazrr3\" style=\"margin-bottom: 20px;\"><div class=\"bxc-grid__image   bxc-grid__image--light\"><a href=\"https://www.amazon.com/gp/product/B086KKT3RX/ref=s9_acss_bw_cg_gclptcg_5b1_w?pf_rd_m=ATVPDKIKX0DER&amp;pf_rd_s=merchandised-search-5&amp;pf_rd_r=6QJY1TGWM3SQD577HERA&amp;pf_rd_t=101&amp;pf_rd_p=8d77fa03-adaf-484e-815f-fd93aa8f4f98&amp;pf_rd_i=2238192011\" aria-label=\"Amazon Reload\" style=\"color: rgb(0, 113, 133); display: block; background: url(&quot;https://images-na.ssl-images-amazon.com/images/G/01/blank/1x1_b._V192262818_.gif&quot;);\"><img src=\"https://images-na.ssl-images-amazon.com/images/G/01/gift-certificates/consumer/2022/Fall/GCLP/2C_ASV.png\" alt=\"Amazon Reload\" style=\"max-width: 100%; border: 0px; vertical-align: top; display: block; margin: 0px auto;\"></a></div></div></div></div><div class=\"bxc-grid__row   bxc-grid__row--light  \" style=\"margin-left: -20px;\"><div class=\"bxc-grid__column  bxc-grid__column--6-of-12   bxc-grid__column--light\" style=\"position: relative; display: inline-block; margin-right: -0.3em; vertical-align: top; min-height: 1px; padding-left: 20px; width: 517.667px;\"><div class=\"bxc-grid__content   bxc-grid__content--light  celwidget\" cel_widget_id=\"acsux-widgets_content-grid_merchandised-search-5_row6-col1\" data-csa-c-id=\"ns3jdr-7xlwni-co3o6w-lpvfuo\" style=\"margin-bottom: 20px;\"><div class=\"bxc-grid__text a-text-left   bxc-grid__text--light\"><h3 style=\"padding: 0px 0px 4px; margin-right: 0px; margin-bottom: 0px; margin-left: 0px; text-rendering: optimizelegibility; font-weight: 700; font-size: 18px; line-height: 24px;\">Specialty gift cards</h3><div>Give a gift from their favorite brand.</div><div><a href=\"https://www.amazon.com/b/ref=s9_acss_bw_cg_gclptcg_md1_w?node=21608725011&amp;pf_rd_m=ATVPDKIKX0DER&amp;pf_rd_s=merchandised-search-5&amp;pf_rd_r=6QJY1TGWM3SQD577HERA&amp;pf_rd_t=101&amp;pf_rd_p=8d77fa03-adaf-484e-815f-fd93aa8f4f98&amp;pf_rd_i=2238192011\" style=\"color: rgb(0, 113, 133);\">See all brands</a></div></div></div></div>&nbsp;<div class=\"bxc-grid__column  bxc-grid__column--6-of-12   bxc-grid__column--light\" style=\"position: relative; display: inline-block; margin-right: -0.3em; vertical-align: top; min-height: 1px; padding-left: 20px; width: 517.667px;\"><div class=\"bxc-grid__content   bxc-grid__content--light  celwidget\" cel_widget_id=\"acsux-widgets_content-grid_merchandised-search-5_row6-col2\" data-csa-c-id=\"6uvtva-cnnx8q-ba1ih0-jwg518\" style=\"margin-bottom: 20px;\"><div class=\"bxc-grid__text a-text-left   bxc-grid__text--light\"><h3 style=\"padding: 0px 0px 4px; margin-right: 0px; margin-bottom: 0px; margin-left: 0px; text-rendering: optimizelegibility; font-weight: 700; font-size: 18px; line-height: 24px;\">Amazon Reload</h3><div>Easily add funds to your gift card balance.</div><div><a href=\"https://www.amazon.com/gp/product/B086KKT3RX/ref=s9_acss_bw_cg_gclptcg_md1_w?pf_rd_m=ATVPDKIKX0DER&amp;pf_rd_s=merchandised-search-5&amp;pf_rd_r=6QJY1TGWM3SQD577HERA&amp;pf_rd_t=101&amp;pf_rd_p=8d77fa03-adaf-484e-815f-fd93aa8f4f98&amp;pf_rd_i=2238192011\" style=\"color: rgb(0, 113, 133);\">Find out how</a></div></div></div></div></div></div></div></div></div></div><div class=\"a-row\" style=\"width: 1015.33px; color: rgb(15, 17, 17); font-family: &quot;Amazon Ember&quot;, Arial, sans-serif; font-size: 14px;\"><div class=\"celwidget pf_rd_p-9078ff76-9e7a-48fe-a784-d9df03c79274 pf_rd_r-6QJY1TGWM3SQD577HERA\" cel_widget_id=\"45a34891-e684-4b27-b0f2-02ca284a91f9\" data-csa-op-log-render=\"\" data-csa-c-content-id=\"amzn1.sym.9078ff76-9e7a-48fe-a784-d9df03c79274\" data-csa-c-slot-id=\"DsUnknown-12\" data-csa-c-type=\"widget\" data-csa-c-painter=\"raw:__NA_leo-widget_1.0\" data-csa-c-id=\"np077w-aevomo-p2pk6-uk3qtv\"><div class=\"acsUxWidget\"><div id=\"contentGrid_19502\" class=\"acswidget acswidget-content-grid celwidget US bxw-content-grid bxw-content-grid--ember bxc-grid--padding bxc-grid__n-bottom-layout  bxc-grid--light\" cel_widget_id=\"acsux-widgets_content-grid_merchandised-search-7\" data-is-mobile=\"false\" data-csa-c-id=\"a1x7df-nsf9ku-5q49x3-cnjgh2\" style=\"margin-bottom: 0px; font-family: &quot;Amazon Ember&quot;, Arial, sans-serif;\"><div class=\"bxc-grid__container bxc-grid__container--width-1024 bxc-grid__n-gutter-layout\" style=\"margin-left: auto; margin-right: auto; max-width: 1024px;\"><div class=\"bxc-grid__row bxc-grid--no-gutter   bxc-grid__row--light  \" style=\"margin-left: 0px; width: 1015.33px;\"><div class=\"bxc-grid__column  bxc-grid__column--12-of-12   bxc-grid__column--light\" style=\"position: relative; display: inline-block; margin-right: -0.3em; vertical-align: top; min-height: 1px; padding-left: 0px; width: 1015.33px;\"><div class=\"bxc-grid__content   bxc-grid__content--light  celwidget\" cel_widget_id=\"acsux-widgets_content-grid_merchandised-search-7_row1-col1\" data-csa-c-id=\"6oacvx-eam1al-qy67ho-a13zsc\" style=\"margin-bottom: 0px;\"><div class=\"bxc-grid__image   bxc-grid__image--light\"><a href=\"https://www.amazon.com/b/ref=s9_acss_bw_cg_GCLPFF22_1a1_w?node=5743983011&amp;pf_rd_m=ATVPDKIKX0DER&amp;pf_rd_s=merchandised-search-7&amp;pf_rd_r=6QJY1TGWM3SQD577HERA&amp;pf_rd_t=101&amp;pf_rd_p=9078ff76-9e7a-48fe-a784-d9df03c79274&amp;pf_rd_i=2238192011\" aria-label=\"Fall festivities await\" style=\"text-decoration-line: underline; color: rgb(199, 81, 31); cursor: pointer; display: block; background: url(&quot;https://images-na.ssl-images-amazon.com/images/G/01/blank/1x1_b._V192262818_.gif&quot;);\"><img src=\"https://images-na.ssl-images-amazon.com/images/G/01/gift-certificates/consumer/2022/Fall/GCLP/FallBanner_US-en_Desktop.png\" alt=\"Fall festivities await\" style=\"max-width: 100%; border: 0px; vertical-align: top; display: block; margin: 0px auto;\"></a></div></div></div></div></div></div></div></div></div></div>',_binary '','Gift Cards',0,'2022-11-09 09:05:22.390000',30),(4,'Sell-Products-Online','<div><div class=\"border-color-squid-ink     padding-left-xxlarge padding-right-xxlarge padding-top-xlarge padding-bottom-xxlarge border-left-zero border-right-zero border-top-zero border-bottom-zero flex-container flex-align-items-center flex-align-content-flex-start flex-full-width amsg-2018 fonts-loaded border-color-squid-ink design-Sell\" id=\"\" style=\"border: 0px solid rgb(35, 47, 62); display: flex; -webkit-box-orient: horizontal; -webkit-box-direction: normal; flex-flow: row wrap; -webkit-box-pack: start; place-content: flex-start; line-height: normal; padding: 64px 80px 80px; -webkit-box-align: center; align-items: center; -webkit-box-flex: 0; flex: 0 0 auto; width: 1247.33px; color: rgb(15, 17, 17); font-family: &quot;Amazon Ember&quot;, Arial, sans-serif; font-size: 14px;\"><div class=\"has-max-width\" style=\"max-width: 1200px; display: flex; -webkit-box-orient: horizontal; -webkit-box-direction: normal; flex-flow: row wrap; -webkit-box-pack: start; place-content: flex-start; margin-left: auto; margin-right: auto; width: 1087.33px; -webkit-box-align: center; align-items: center;\"><div class=\"border-color-squid-ink     padding-left-zero padding-right-base padding-top-zero padding-bottom-zero border-left-zero border-right-zero border-top-zero border-bottom-zero flex-container flex-align-items-stretch flex-align-content-flex-start flex-justify-content flex-justify-content-flex-end amsg-2018 fonts-loaded border-color-squid-ink design-Sell\" id=\"\" style=\"border: 0px solid rgb(35, 47, 62); display: flex; -webkit-box-orient: horizontal; -webkit-box-direction: normal; flex-flow: row wrap; -webkit-box-pack: end; place-content: flex-start flex-end; line-height: normal; padding-right: 40px; -webkit-box-align: stretch; align-items: stretch; padding-left: 0px; width: 362.438px;\"><div class=\" image image-size-custom align-end  \" style=\"text-align: end; -webkit-box-flex: 1; flex-grow: 1; width: auto !important;\"><img src=\"https://m.media-amazon.com/images/G/01/sell/images/illustration/illustration-growth-graph.svg\" alt=\"sales chart with arrow going up and to the right\" title=\"\" style=\"max-width: none; border: 0px; vertical-align: top; width: auto; height: 400px; max-height: none;\"></div></div><div class=\"border-color-squid-ink     padding-left-base padding-right-zero padding-top-zero padding-bottom-zero border-left-zero border-right-zero border-top-zero border-bottom-zero flex-container flex-align-items-stretch flex-align-content-flex-start amsg-2018 fonts-loaded border-color-squid-ink design-Sell\" id=\"\" style=\"border: 0px solid rgb(35, 47, 62); display: flex; -webkit-box-orient: horizontal; -webkit-box-direction: normal; flex-flow: row wrap; -webkit-box-pack: start; place-content: flex-start; line-height: normal; padding-left: 40px; -webkit-box-align: stretch; align-items: stretch; padding-right: 0px; width: 724.885px;\"><div class=\"border-color-squid-ink     padding-left-zero padding-right-zero padding-top-zero padding-bottom-xsmall border-left-zero border-right-zero border-top-zero border-bottom-zero flex-container flex-align-items-center flex-align-content-center flex-justify-content flex-justify-content-flex-start flex-full-width amsg-2018 fonts-loaded border-color-squid-ink design-Sell is-fluid\" id=\"\" style=\"border: 0px solid rgb(35, 47, 62); display: flex; -webkit-box-orient: horizontal; -webkit-box-direction: normal; flex-flow: row wrap; -webkit-box-pack: start; place-content: center flex-start; line-height: normal; padding-bottom: 16px; -webkit-box-align: center; align-items: center; -webkit-box-flex: 0; flex: 0 0 auto; width: 684.885px; padding-left: 0px; padding-right: 0px;\"><div class=\"border-color-squid-ink     padding-left-zero padding-right-zero padding-top-zero padding-bottom-zero border-left-zero border-right-zero border-top-zero border-bottom-zero flex-container flex-align-items-stretch flex-align-content-flex-start amsg-2018 fonts-loaded border-color-squid-ink design-Sell\" id=\"eyebrow_nsi_regcta_c\" style=\"border: 0px solid rgb(35, 47, 62); display: flex; -webkit-box-orient: horizontal; -webkit-box-direction: normal; flex-flow: row wrap; -webkit-box-pack: start; place-content: flex-start; line-height: normal; -webkit-box-align: stretch; align-items: stretch; padding-left: 0px; padding-right: 0px; width: 212.76px; -webkit-box-flex: 0 !important; flex-grow: 0 !important;\"><a class=\"link-container  \" href=\"https://sell.amazon.com/grow?initialSessionID=132-8725675-1008520&amp;ld=AZUSSOA-sell#nsi\" style=\"color: rgb(0, 113, 133); width: 212.76px;\"><div class=\"background-color-aqua border-color-prime-afternoon border-radius-4px    padding-left-mini padding-right-mini padding-top-xmini padding-bottom-xmini border-left-zero border-right-zero border-top-zero border-bottom-zero flex-container flex-align-items-center flex-align-content-center flex-justify-content flex-justify-content-center flex-full-width amsg-2018 fonts-loaded border-color-prime-afternoon design-Sell is-fluid\" id=\"\" style=\"border: 0px solid rgb(0, 121, 175); display: flex; -webkit-box-orient: horizontal; -webkit-box-direction: normal; flex-flow: row wrap; -webkit-box-pack: center; place-content: center; line-height: normal; padding: 8px 12px; border-radius: 4px; -webkit-box-align: center; align-items: center; -webkit-box-flex: 0; flex: 0 0 auto; width: 212.76px; background-color: rgb(0, 130, 150);\"><div class=\"border-color-prime-afternoon     padding-left-zero padding-right-mini padding-top-zero padding-bottom-zero border-left-zero border-right-zero border-top-zero border-bottom-zero flex-container flex-align-items-center flex-align-content-center flex-justify-content flex-justify-content-center amsg-2018 fonts-loaded border-color-prime-afternoon design-Sell\" id=\"\" style=\"border: 0px solid rgb(0, 121, 175); display: flex; -webkit-box-orient: horizontal; -webkit-box-direction: normal; flex-flow: row wrap; -webkit-box-pack: center; place-content: center; line-height: normal; padding-right: 12px; -webkit-box-align: center; align-items: center; padding-left: 0px; width: 24px; -webkit-box-flex: 0 !important; flex-grow: 0 !important;\"><div class=\" image image-size-custom align-center  \" style=\"text-align: center; -webkit-box-flex: 1; flex-grow: 1; width: auto !important;\"><img src=\"https://m.media-amazon.com/images/G/01/sell/images/icon-magic-sparkle-white.svg\" alt=\"icon: three stars\" title=\"\" style=\"max-width: none; border: 0px; vertical-align: top; width: auto; height: 12px; max-height: none;\"></div></div><div class=\"border-color-prime-afternoon     padding-left-zero padding-right-zero padding-top-zero padding-bottom-zero border-left-zero border-right-zero border-top-zero border-bottom-zero flex-container flex-align-items-center flex-align-content-center flex-justify-content flex-justify-content-center amsg-2018 fonts-loaded border-color-prime-afternoon design-Sell\" id=\"\" style=\"border: 0px solid rgb(0, 121, 175); display: flex; -webkit-box-orient: horizontal; -webkit-box-direction: normal; flex-flow: row wrap; -webkit-box-pack: center; place-content: center; line-height: normal; -webkit-box-align: center; align-items: center; padding-left: 0px; padding-right: 0px; width: 140.76px; -webkit-box-flex: 0 !important; flex-grow: 0 !important;\"><div class=\"text align-center color-white font-size-small ember font-bold\" style=\"text-align: center; font-family: AEmb, Helvetica, Arial, sans-serif; -webkit-box-flex: 1; flex-grow: 1; line-height: 21px; color: rgb(255, 255, 255); width: auto !important;\">New Seller Incentives</div></div><div class=\"border-color-prime-afternoon     padding-left-mini padding-right-zero padding-top-zero padding-bottom-zero border-left-zero border-right-zero border-top-zero border-bottom-zero flex-container flex-align-items-center flex-align-content-center flex-justify-content flex-justify-content-center amsg-2018 fonts-loaded border-color-prime-afternoon design-Sell\" id=\"\" style=\"border: 0px solid rgb(0, 121, 175); display: flex; -webkit-box-orient: horizontal; -webkit-box-direction: normal; flex-flow: row wrap; -webkit-box-pack: center; place-content: center; line-height: normal; padding-left: 12px; -webkit-box-align: center; align-items: center; padding-right: 0px; width: 24px; -webkit-box-flex: 0 !important; flex-grow: 0 !important;\"><div class=\" image image-size-custom align-center  \" style=\"text-align: center; -webkit-box-flex: 1; flex-grow: 1; width: auto !important;\"><img src=\"https://m.media-amazon.com/images/G/01/sell/images/icon-magic-sparkle-white.svg\" alt=\"icon: three stars\" title=\"\" style=\"max-width: none; border: 0px; vertical-align: top; width: auto; height: 12px; max-height: none;\"></div></div></div></a></div><div class=\"border-color-squid-ink     padding-left-zero padding-right-zero padding-top-zero padding-bottom-zero border-left-zero border-right-zero border-top-zero border-bottom-zero flex-container flex-align-items-stretch flex-align-content-flex-start amsg-2018 fonts-loaded border-color-squid-ink design-Sell\" id=\"\" style=\"border: 0px solid rgb(35, 47, 62); display: flex; -webkit-box-orient: horizontal; -webkit-box-direction: normal; flex-flow: row wrap; -webkit-box-pack: start; place-content: flex-start; line-height: normal; -webkit-box-align: stretch; align-items: stretch; padding-left: 0px; padding-right: 0px; width: 0px; -webkit-box-flex: 0 !important; flex-grow: 0 !important;\"><div class=\"spacer\" style=\"width: 0px;\"></div></div></div><div class=\"border-color-squid-ink     padding-left-zero padding-right-zero padding-top-zero padding-bottom-zero border-left-zero border-right-zero border-top-zero border-bottom-zero flex-container flex-align-items-stretch flex-align-content-flex-start flex-full-width amsg-2018 fonts-loaded border-color-squid-ink design-Sell\" id=\"\" style=\"border: 0px solid rgb(35, 47, 62); display: flex; -webkit-box-orient: horizontal; -webkit-box-direction: normal; flex-flow: row wrap; -webkit-box-pack: start; place-content: flex-start; line-height: normal; -webkit-box-align: stretch; align-items: stretch; -webkit-box-flex: 0; flex: 0 0 auto; width: 684.885px; padding-left: 0px; padding-right: 0px;\"><h2 class=\"heading align-start font-size-xlarge color-squid-ink ember font-heavy\" style=\"padding: 0px; margin-right: 0px; margin-bottom: 0px; margin-left: 0px; text-rendering: optimizelegibility; font-weight: 900; line-height: 58px; font-family: AEmb, Helvetica, Arial, sans-serif; -webkit-box-flex: 1; flex-grow: 1; color: rgb(35, 47, 62); width: 684.885px; font-size: 48px !important;\">Over $50K in potential benefits</h2></div><div class=\"border-color-squid-ink     padding-left-zero padding-right-base padding-top-xsmall padding-bottom-small border-left-zero border-right-zero border-top-zero border-bottom-zero flex-container flex-align-items-stretch flex-align-content-flex-start flex-full-width amsg-2018 fonts-loaded border-color-squid-ink design-Sell\" id=\"\" style=\"border: 0px solid rgb(35, 47, 62); display: flex; -webkit-box-orient: horizontal; -webkit-box-direction: normal; flex-flow: row wrap; -webkit-box-pack: start; place-content: flex-start; line-height: normal; padding: 16px 40px 24px 0px; -webkit-box-align: stretch; align-items: stretch; -webkit-box-flex: 0; flex: 0 0 auto; width: 684.885px;\"><div class=\"text align-start color-squid-ink font-size-large ember font-normal\" style=\"font-family: AEmb, Helvetica, Arial, sans-serif; -webkit-box-flex: 1; flex-grow: 1; line-height: 30px; color: rgb(35, 47, 62); width: 644.885px; font-size: 20px !important;\">Ready to sell? Launch your brand today with a powerful playbook for new sellers and over $50K in potential benefits.</div></div><div class=\"border-color-squid-ink     padding-left-zero padding-right-zero padding-top-zero padding-bottom-zero border-left-zero border-right-zero border-top-zero border-bottom-zero flex-container flex-align-items-flex-start flex-align-content-flex-start flex-full-width amsg-2018 fonts-loaded border-color-squid-ink design-Sell is-fluid is-nowrap\" id=\"\" style=\"border: 0px solid rgb(35, 47, 62); display: flex; -webkit-box-orient: horizontal; -webkit-box-direction: normal; flex-flow: row nowrap; -webkit-box-pack: start; place-content: flex-start; line-height: normal; -webkit-box-align: start; align-items: flex-start; -webkit-box-flex: 0; flex: 0 0 auto; width: 684.885px; padding-left: 0px; padding-right: 0px;\"><div class=\"border-color-squid-ink     padding-left-zero padding-right-mini padding-top-xxmini padding-bottom-zero border-left-zero border-right-zero border-top-zero border-bottom-zero flex-container flex-align-items-stretch flex-align-content-flex-start amsg-2018 fonts-loaded border-color-squid-ink design-Sell\" id=\"\" style=\"border: 0px solid rgb(35, 47, 62); display: flex; -webkit-box-orient: horizontal; -webkit-box-direction: normal; flex-flow: row wrap; -webkit-box-pack: start; place-content: flex-start; line-height: normal; padding-right: 12px; -webkit-box-align: stretch; align-items: stretch; padding-left: 0px; padding-top: 4px; width: 26.8229px; -webkit-box-flex: 0 !important; flex-grow: 0 !important;\"><div class=\" image image-size-custom align-start  \" style=\"-webkit-box-flex: 1; flex-grow: 1; width: 14.8229px;\"><img src=\"https://m.media-amazon.com/images/G/01/sell/images/icon-check-blue-thick.svg\" alt=\"\" title=\"\" style=\"max-width: none; border: 0px; vertical-align: top; width: auto; height: 12px; max-height: none;\"></div></div><div class=\"border-color-squid-ink     padding-left-zero padding-right-base padding-top-zero padding-bottom-zero border-left-zero border-right-zero border-top-zero border-bottom-zero flex-container flex-align-items-stretch flex-align-content-flex-start amsg-2018 fonts-loaded border-color-squid-ink design-Sell\" id=\"\" style=\"border: 0px solid rgb(35, 47, 62); display: flex; -webkit-box-orient: horizontal; -webkit-box-direction: normal; flex-flow: row wrap; -webkit-box-pack: start; place-content: flex-start; line-height: normal; padding-right: 40px; -webkit-box-align: stretch; align-items: stretch; padding-left: 0px; width: 433.906px; -webkit-box-flex: 0 !important; flex-grow: 0 !important;\"><div class=\"text align-start color-squid-ink font-size-medium ember font-normal\" style=\"font-family: AEmb, Helvetica, Arial, sans-serif; -webkit-box-flex: 1; flex-grow: 1; line-height: 24px; color: rgb(35, 47, 62); width: 393.906px; font-size: 16px !important;\">Get 5% back on your first $1,000,000 in branded sales</div></div></div><div class=\"border-color-squid-ink     padding-left-zero padding-right-zero padding-top-mini padding-bottom-zero border-left-zero border-right-zero border-top-zero border-bottom-zero flex-container flex-align-items-flex-start flex-align-content-flex-start flex-full-width amsg-2018 fonts-loaded border-color-squid-ink design-Sell is-fluid is-nowrap\" id=\"\" style=\"border: 0px solid rgb(35, 47, 62); display: flex; -webkit-box-orient: horizontal; -webkit-box-direction: normal; flex-flow: row nowrap; -webkit-box-pack: start; place-content: flex-start; line-height: normal; padding-top: 12px; -webkit-box-align: start; align-items: flex-start; -webkit-box-flex: 0; flex: 0 0 auto; width: 684.885px; padding-left: 0px; padding-right: 0px;\"><div class=\"border-color-squid-ink     padding-left-zero padding-right-mini padding-top-xxmini padding-bottom-zero border-left-zero border-right-zero border-top-zero border-bottom-zero flex-container flex-align-items-stretch flex-align-content-flex-start amsg-2018 fonts-loaded border-color-squid-ink design-Sell\" id=\"\" style=\"border: 0px solid rgb(35, 47, 62); display: flex; -webkit-box-orient: horizontal; -webkit-box-direction: normal; flex-flow: row wrap; -webkit-box-pack: start; place-content: flex-start; line-height: normal; padding-right: 12px; -webkit-box-align: stretch; align-items: stretch; padding-left: 0px; padding-top: 4px; width: 26.8229px; -webkit-box-flex: 0 !important; flex-grow: 0 !important;\"><div class=\" image image-size-custom align-start  \" style=\"-webkit-box-flex: 1; flex-grow: 1; width: 14.8229px;\"><img src=\"https://m.media-amazon.com/images/G/01/sell/images/icon-check-blue-thick.svg\" alt=\"\" title=\"\" style=\"max-width: none; border: 0px; vertical-align: top; width: auto; height: 12px; max-height: none;\"></div></div><div class=\"border-color-squid-ink     padding-left-zero padding-right-base padding-top-zero padding-bottom-zero border-left-zero border-right-zero border-top-zero border-bottom-zero flex-container flex-align-items-stretch flex-align-content-flex-start amsg-2018 fonts-loaded border-color-squid-ink design-Sell\" id=\"\" style=\"border: 0px solid rgb(35, 47, 62); display: flex; -webkit-box-orient: horizontal; -webkit-box-direction: normal; flex-flow: row wrap; -webkit-box-pack: start; place-content: flex-start; line-height: normal; padding-right: 40px; -webkit-box-align: stretch; align-items: stretch; padding-left: 0px; width: 523.51px; -webkit-box-flex: 0 !important; flex-grow: 0 !important;\"><div class=\"text align-start color-squid-ink font-size-medium ember font-normal\" style=\"font-family: AEmb, Helvetica, Arial, sans-serif; -webkit-box-flex: 1; flex-grow: 1; line-height: 24px; color: rgb(35, 47, 62); width: 483.51px; font-size: 16px !important;\">Try FBA with free inbound shipping, storage, removals, and returns</div></div></div><div class=\"border-color-squid-ink     padding-left-zero padding-right-zero padding-top-mini padding-bottom-zero border-left-zero border-right-zero border-top-zero border-bottom-zero flex-container flex-align-items-flex-start flex-align-content-flex-start flex-full-width amsg-2018 fonts-loaded border-color-squid-ink design-Sell is-fluid is-nowrap\" id=\"\" style=\"border: 0px solid rgb(35, 47, 62); display: flex; -webkit-box-orient: horizontal; -webkit-box-direction: normal; flex-flow: row nowrap; -webkit-box-pack: start; place-content: flex-start; line-height: normal; padding-top: 12px; -webkit-box-align: start; align-items: flex-start; -webkit-box-flex: 0; flex: 0 0 auto; width: 684.885px; padding-left: 0px; padding-right: 0px;\"><div class=\"border-color-squid-ink     padding-left-zero padding-right-mini padding-top-xxmini padding-bottom-zero border-left-zero border-right-zero border-top-zero border-bottom-zero flex-container flex-align-items-stretch flex-align-content-flex-start amsg-2018 fonts-loaded border-color-squid-ink design-Sell\" id=\"\" style=\"border: 0px solid rgb(35, 47, 62); display: flex; -webkit-box-orient: horizontal; -webkit-box-direction: normal; flex-flow: row wrap; -webkit-box-pack: start; place-content: flex-start; line-height: normal; padding-right: 12px; -webkit-box-align: stretch; align-items: stretch; padding-left: 0px; padding-top: 4px; width: 26.8229px; -webkit-box-flex: 0 !important; flex-grow: 0 !important;\"><div class=\" image image-size-custom align-start  \" style=\"-webkit-box-flex: 1; flex-grow: 1; width: 14.8229px;\"><img src=\"https://m.media-amazon.com/images/G/01/sell/images/icon-check-blue-thick.svg\" alt=\"\" title=\"\" style=\"max-width: none; border: 0px; vertical-align: top; width: auto; height: 12px; max-height: none;\"></div></div><div class=\"border-color-squid-ink     padding-left-zero padding-right-base padding-top-zero padding-bottom-zero border-left-zero border-right-zero border-top-zero border-bottom-zero flex-container flex-align-items-stretch flex-align-content-flex-start amsg-2018 fonts-loaded border-color-squid-ink design-Sell\" id=\"\" style=\"border: 0px solid rgb(35, 47, 62); display: flex; -webkit-box-orient: horizontal; -webkit-box-direction: normal; flex-flow: row wrap; -webkit-box-pack: start; place-content: flex-start; line-height: normal; padding-right: 40px; -webkit-box-align: stretch; align-items: stretch; padding-left: 0px; width: 535.844px; -webkit-box-flex: 0 !important; flex-grow: 0 !important;\"><div class=\"text align-start color-squid-ink font-size-medium ember font-normal\" style=\"font-family: AEmb, Helvetica, Arial, sans-serif; -webkit-box-flex: 1; flex-grow: 1; line-height: 24px; color: rgb(35, 47, 62); width: 495.844px; font-size: 16px !important;\">Get $200 credit for Sponsored Products CPC adsbids are up to you</div></div></div><div class=\"border-color-squid-ink     padding-left-zero padding-right-zero padding-top-mini padding-bottom-small border-left-zero border-right-zero border-top-zero border-bottom-zero flex-container flex-align-items-flex-start flex-align-content-flex-start flex-full-width amsg-2018 fonts-loaded border-color-squid-ink design-Sell is-fluid is-nowrap\" id=\"\" style=\"border: 0px solid rgb(35, 47, 62); display: flex; -webkit-box-orient: horizontal; -webkit-box-direction: normal; flex-flow: row nowrap; -webkit-box-pack: start; place-content: flex-start; line-height: normal; padding: 12px 0px 24px; -webkit-box-align: start; align-items: flex-start; -webkit-box-flex: 0; flex: 0 0 auto; width: 684.885px;\"><div class=\"border-color-squid-ink     padding-left-zero padding-right-mini padding-top-xxmini padding-bottom-zero border-left-zero border-right-zero border-top-zero border-bottom-zero flex-container flex-align-items-stretch flex-align-content-flex-start amsg-2018 fonts-loaded border-color-squid-ink design-Sell\" id=\"\" style=\"border: 0px solid rgb(35, 47, 62); display: flex; -webkit-box-orient: horizontal; -webkit-box-direction: normal; flex-flow: row wrap; -webkit-box-pack: start; place-content: flex-start; line-height: normal; padding-right: 12px; -webkit-box-align: stretch; align-items: stretch; padding-left: 0px; padding-top: 4px; width: 26.8229px; -webkit-box-flex: 0 !important; flex-grow: 0 !important;\"><div class=\" image image-size-custom align-start  \" style=\"-webkit-box-flex: 1; flex-grow: 1; width: 14.8229px;\"><img src=\"https://m.media-amazon.com/images/G/01/sell/images/icon-check-blue-thick.svg\" alt=\"\" title=\"\" style=\"max-width: none; border: 0px; vertical-align: top; width: auto; height: 12px; max-height: none;\"></div></div><div class=\"border-color-squid-ink     padding-left-zero padding-right-base padding-top-zero padding-bottom-zero border-left-zero border-right-zero border-top-zero border-bottom-zero flex-container flex-align-items-stretch flex-align-content-flex-start amsg-2018 fonts-loaded border-color-squid-ink design-Sell\" id=\"\" style=\"border: 0px solid rgb(35, 47, 62); display: flex; -webkit-box-orient: horizontal; -webkit-box-direction: normal; flex-flow: row wrap; -webkit-box-pack: start; place-content: flex-start; line-height: normal; padding-right: 40px; -webkit-box-align: stretch; align-items: stretch; padding-left: 0px; width: 506.948px; -webkit-box-flex: 0 !important; flex-grow: 0 !important;\"><div class=\"text align-start color-squid-ink font-size-medium ember font-normal\" style=\"font-family: AEmb, Helvetica, Arial, sans-serif; -webkit-box-flex: 1; flex-grow: 1; line-height: 24px; color: rgb(35, 47, 62); width: 466.948px; font-size: 16px !important;\">Get a head start on brand protection, product reviews, and more</div></div></div><div class=\"border-color-squid-ink     padding-left-zero padding-right-zero padding-top-zero padding-bottom-zero border-left-zero border-right-zero border-top-zero border-bottom-zero flex-container flex-align-items-stretch flex-align-content-flex-start flex-full-width amsg-2018 fonts-loaded border-color-squid-ink design-Sell\" id=\"learn_more_nsi\" style=\"border: 0px solid rgb(35, 47, 62); display: flex; -webkit-box-orient: horizontal; -webkit-box-direction: normal; flex-flow: row wrap; -webkit-box-pack: start; place-content: flex-start; line-height: normal; -webkit-box-align: stretch; align-items: stretch; -webkit-box-flex: 0; flex: 0 0 auto; width: 684.885px; padding-left: 0px; padding-right: 0px;\"><div class=\"align-start\" style=\"-webkit-box-flex: 1; flex-grow: 1; width: 684.885px;\"><a href=\"https://sell.amazon.com/grow?initialSessionID=132-8725675-1008520&amp;ld=AZUSSOA-sell\" class=\"link  link-type-external-dark\" aria-label=\"Learn more about new seller incentives\" style=\"color: rgb(35, 47, 62); cursor: pointer; font-variant-numeric: normal; font-variant-east-asian: normal; font-weight: 700; font-stretch: normal; font-size: 16px; line-height: 24px; font-family: AEmb, Helvetica, Arial, sans-serif;\">Learn more</a></div></div></div></div></div><div class=\"border-color-squid-ink     padding-left-zero padding-right-zero padding-top-base padding-bottom-zero border-left-zero border-right-zero border-top-zero border-bottom-zero flex-container flex-align-items-stretch flex-align-content-flex-start flex-full-width amsg-2018 fonts-loaded border-color-squid-ink design-Sell\" id=\"\" style=\"border: 0px solid rgb(35, 47, 62); display: flex; -webkit-box-orient: horizontal; -webkit-box-direction: normal; flex-flow: row wrap; -webkit-box-pack: start; place-content: flex-start; line-height: normal; padding-top: 40px; -webkit-box-align: stretch; align-items: stretch; -webkit-box-flex: 0; flex: 0 0 auto; width: 1247.33px; padding-left: 0px; padding-right: 0px; color: rgb(15, 17, 17); font-family: &quot;Amazon Ember&quot;, Arial, sans-serif; font-size: 14px;\"><h2 class=\"heading align-center font-size-xxlarge color-squid-ink ember font-heavy\" style=\"padding: 0px; margin-right: 0px; margin-bottom: 0px; margin-left: 0px; text-rendering: optimizelegibility; font-weight: 900; line-height: 76px; text-align: center; font-family: AEmb, Helvetica, Arial, sans-serif; -webkit-box-flex: 1; flex-grow: 1; color: rgb(35, 47, 62); width: 1247.33px; font-size: 64px !important;\">Sell more with Amazon</h2></div><div style=\"color: rgb(15, 17, 17); font-family: &quot;Amazon Ember&quot;, Arial, sans-serif; font-size: 14px;\"></div><div class=\"border-color-squid-ink     padding-left-xxlarge padding-right-xxlarge padding-top-zero padding-bottom-base border-left-zero border-right-zero border-top-zero border-bottom-zero flex-container flex-align-items-stretch flex-align-content-flex-start flex-full-width amsg-2018 fonts-loaded border-color-squid-ink design-Sell\" id=\"\" style=\"border: 0px solid rgb(35, 47, 62); display: flex; -webkit-box-orient: horizontal; -webkit-box-direction: normal; flex-flow: row wrap; -webkit-box-pack: start; place-content: flex-start; line-height: normal; padding-left: 80px; padding-bottom: 40px; padding-right: 80px; -webkit-box-align: stretch; align-items: stretch; -webkit-box-flex: 0; flex: 0 0 auto; width: 1247.33px; color: rgb(15, 17, 17); font-family: &quot;Amazon Ember&quot;, Arial, sans-serif; font-size: 14px;\"><div class=\"has-max-width\" style=\"max-width: 1200px; display: flex; -webkit-box-orient: horizontal; -webkit-box-direction: normal; flex-flow: row wrap; -webkit-box-pack: start; place-content: flex-start; margin-left: auto; margin-right: auto; width: 1087.33px; -webkit-box-align: stretch; align-items: stretch;\"><div class=\"border-color-squid-ink     padding-left-zero padding-right-zero padding-top-base padding-bottom-zero border-left-zero border-right-zero border-top-zero border-bottom-zero flex-container flex-align-items-stretch flex-align-content-flex-start flex-full-width amsg-2018 fonts-loaded border-color-squid-ink design-Sell is-nowrap snippet-tile-anchor\" id=\"\" style=\"border: 0px solid rgb(35, 47, 62); display: flex; -webkit-box-orient: horizontal; -webkit-box-direction: normal; flex-flow: row nowrap; -webkit-box-pack: start; place-content: flex-start; line-height: normal; padding-top: 40px; -webkit-box-align: stretch; align-items: stretch; -webkit-box-flex: 0; flex: 0 0 auto; width: 1087.33px; padding-left: 0px; padding-right: 0px;\"><div class=\"has-max-width\" style=\"max-width: 1200px; display: flex; -webkit-box-orient: horizontal; -webkit-box-direction: normal; flex-flow: row nowrap; -webkit-box-pack: start; place-content: flex-start; margin-left: auto; margin-right: auto; width: 1087.33px; -webkit-box-align: stretch; align-items: stretch;\"><div class=\"tile-wrap background-color-white border-color-snow border-radius-16px    padding-left-base padding-right-base padding-top-base padding-bottom-base border-left-1px border-right-1px border-top-1px border-bottom-1px flex-container flex-align-items-stretch flex-align-content-flex-start amsg-2018 fonts-loaded border-color-snow design-Sell\" id=\"\" style=\"border: 1px solid rgb(234, 237, 237); display: flex; -webkit-box-orient: vertical; -webkit-box-direction: normal; flex-flow: column wrap; -webkit-box-pack: start; place-content: flex-start; line-height: normal; padding: 40px; border-radius: 8px; -webkit-box-align: stretch; align-items: stretch; box-shadow: rgba(0, 0, 0, 0.1) 0px 0px 32px; margin-bottom: 40px; margin-right: 24px; width: 531.667px;\"><div class=\"border-color-squid-ink     padding-left-zero padding-right-zero padding-top-zero padding-bottom-small border-left-zero border-right-zero border-top-zero border-bottom-zero flex-container flex-align-items-stretch flex-align-content-flex-start flex-full-width amsg-2018 fonts-loaded border-color-squid-ink design-Sell\" id=\"\" style=\"border: 0px solid rgb(35, 47, 62); display: flex; -webkit-box-orient: horizontal; -webkit-box-direction: normal; flex-flow: row wrap; -webkit-box-pack: start; place-content: flex-start; line-height: normal; padding-bottom: 24px; -webkit-box-align: stretch; align-items: stretch; -webkit-box-flex: 0; flex: 0 0 auto; width: 449.667px; padding-left: 0px; padding-right: 0px;\"><div class=\" image image-size-custom align-start  \" style=\"-webkit-box-flex: 1; flex-grow: 1; width: 449.667px;\"><img src=\"https://m.media-amazon.com/images/G/01/sp-marketing-toolkit/guides/design/iconography/SOA_Desktop_Computer_USD._CB424651259_.svg\" alt=\"computer icon with Amazon Smile logo\" title=\"\" style=\"max-width: none; border: 0px; vertical-align: top; width: auto; height: 64px; max-height: none;\"></div></div><div class=\"border-color-squid-ink     padding-left-zero padding-right-zero padding-top-zero padding-bottom-mini border-left-zero border-right-zero border-top-zero border-bottom-zero flex-container flex-align-items-stretch flex-align-content-flex-start flex-full-width amsg-2018 fonts-loaded border-color-squid-ink design-Sell\" id=\"\" style=\"border: 0px solid rgb(35, 47, 62); display: flex; -webkit-box-orient: horizontal; -webkit-box-direction: normal; flex-flow: row wrap; -webkit-box-pack: start; place-content: flex-start; line-height: normal; padding-bottom: 12px; -webkit-box-align: stretch; align-items: stretch; -webkit-box-flex: 0; flex: 0 0 auto; width: 449.667px; padding-left: 0px; padding-right: 0px;\"><h3 class=\"heading align-start font-size-large color-squid-ink ember font-heavy\" style=\"padding: 0px; margin-right: 0px; margin-bottom: 0px; margin-left: 0px; text-rendering: optimizelegibility; font-weight: 900; line-height: 38px; font-family: AEmb, Helvetica, Arial, sans-serif; -webkit-box-flex: 1; flex-grow: 1; color: rgb(35, 47, 62); width: 449.667px; font-size: 32px !important;\">Theyre here, introduce yourself</h3></div><div class=\"push-content border-color-squid-ink     padding-left-zero padding-right-zero padding-top-zero padding-bottom-small border-left-zero border-right-zero border-top-zero border-bottom-zero flex-container flex-align-items-stretch flex-align-content-flex-start flex-full-width amsg-2018 fonts-loaded border-color-squid-ink design-Sell\" id=\"\" style=\"border: 0px solid rgb(35, 47, 62); display: flex; -webkit-box-orient: horizontal; -webkit-box-direction: normal; flex-flow: row wrap; -webkit-box-pack: start; place-content: flex-start; line-height: normal; padding-bottom: 24px; -webkit-box-align: stretch; align-items: stretch; -webkit-box-flex: 1; flex: 1 0 auto; width: 449.667px; padding-left: 0px; padding-right: 0px;\"><div class=\"text align-start color-storm font-size-medium ember font-normal\" style=\"color: rgb(108, 119, 120); font-family: AEmb, Helvetica, Arial, sans-serif; -webkit-box-flex: 1; flex-grow: 1; line-height: 24px; width: 449.667px; font-size: 16px !important;\">Hundreds of millions of worldwide active customer accounts.&nbsp;<span style=\"font-weight: 700;\">More than 200 million paid Prime members worldwide.</span>&nbsp;Reduce the time, effort, and money you spend on customer acquisition with powerful ad products, unparalleled organic traffic, and a shopping experience that converts.</div></div><div class=\"border-color-squid-ink     padding-left-zero padding-right-zero padding-top-zero padding-bottom-zero border-left-zero border-right-zero border-top-zero border-bottom-zero flex-container flex-align-items-stretch flex-align-content-flex-start flex-full-width amsg-2018 fonts-loaded border-color-squid-ink design-Sell\" id=\"\" style=\"border: 0px solid rgb(35, 47, 62); display: flex; -webkit-box-orient: horizontal; -webkit-box-direction: normal; flex-flow: row wrap; -webkit-box-pack: start; place-content: flex-start; line-height: normal; -webkit-box-align: stretch; align-items: stretch; -webkit-box-flex: 0; flex: 0 0 auto; width: 449.667px; padding-left: 0px; padding-right: 0px;\"><div class=\"align-start\" style=\"-webkit-box-flex: 1; flex-grow: 1; width: 449.667px;\"><a href=\"https://sell.amazon.com/sell?ref_=azus_soa_sd_sell_card&amp;initialSessionID=132-8725675-1008520&amp;ld=AZUSSOA-sell\" class=\"link  link-type-external-dark\" style=\"color: rgb(35, 47, 62); cursor: pointer; font-variant-numeric: normal; font-variant-east-asian: normal; font-weight: 700; font-stretch: normal; font-size: 16px; line-height: 24px; font-family: AEmb, Helvetica, Arial, sans-serif;\">How to get started</a></div></div></div><div class=\"tile-wrap background-color-white border-color-snow border-radius-16px    padding-left-base padding-right-base padding-top-base padding-bottom-base border-left-1px border-right-1px border-top-1px border-bottom-1px flex-container flex-align-items-stretch flex-align-content-flex-start amsg-2018 fonts-loaded border-color-snow design-Sell\" id=\"\" style=\"border: 1px solid rgb(234, 237, 237); display: flex; -webkit-box-orient: vertical; -webkit-box-direction: normal; flex-flow: column wrap; -webkit-box-pack: start; place-content: flex-start; line-height: normal; padding: 40px; border-radius: 8px; -webkit-box-align: stretch; align-items: stretch; box-shadow: rgba(0, 0, 0, 0.1) 0px 0px 32px; margin-bottom: 40px; margin-right: 0px; width: 531.667px;\"><div class=\"border-color-squid-ink     padding-left-zero padding-right-zero padding-top-zero padding-bottom-small border-left-zero border-right-zero border-top-zero border-bottom-zero flex-container flex-align-items-stretch flex-align-content-flex-start flex-full-width amsg-2018 fonts-loaded border-color-squid-ink design-Sell\" id=\"\" style=\"border: 0px solid rgb(35, 47, 62); display: flex; -webkit-box-orient: horizontal; -webkit-box-direction: normal; flex-flow: row wrap; -webkit-box-pack: start; place-content: flex-start; line-height: normal; padding-bottom: 24px; -webkit-box-align: stretch; align-items: stretch; -webkit-box-flex: 0; flex: 0 0 auto; width: 449.667px; padding-left: 0px; padding-right: 0px;\"><div class=\" image image-size-custom align-start  \" style=\"-webkit-box-flex: 1; flex-grow: 1; width: 449.667px;\"><img src=\"https://m.media-amazon.com/images/G/01/sp-marketing-toolkit/guides/design/iconography/Business_Growth._CB424651247_.svg\" alt=\"shipping icon, airplane on top and truck on bottom\" title=\"\" style=\"max-width: none; border: 0px; vertical-align: top; width: auto; height: 64px; max-height: none;\"></div></div><div class=\"border-color-squid-ink     padding-left-zero padding-right-zero padding-top-zero padding-bottom-mini border-left-zero border-right-zero border-top-zero border-bottom-zero flex-container flex-align-items-stretch flex-align-content-flex-start flex-full-width amsg-2018 fonts-loaded border-color-squid-ink design-Sell\" id=\"\" style=\"border: 0px solid rgb(35, 47, 62); display: flex; -webkit-box-orient: horizontal; -webkit-box-direction: normal; flex-flow: row wrap; -webkit-box-pack: start; place-content: flex-start; line-height: normal; padding-bottom: 12px; -webkit-box-align: stretch; align-items: stretch; -webkit-box-flex: 0; flex: 0 0 auto; width: 449.667px; padding-left: 0px; padding-right: 0px;\"><h3 class=\"heading align-start font-size-large color-squid-ink ember font-heavy\" style=\"padding: 0px; margin-right: 0px; margin-bottom: 0px; margin-left: 0px; text-rendering: optimizelegibility; font-weight: 900; line-height: 38px; font-family: AEmb, Helvetica, Arial, sans-serif; -webkit-box-flex: 1; flex-grow: 1; color: rgb(35, 47, 62); width: 449.667px; font-size: 32px !important;\">Unrivaled scale, no cap</h3></div><div class=\"push-content border-color-squid-ink     padding-left-zero padding-right-zero padding-top-zero padding-bottom-small border-left-zero border-right-zero border-top-zero border-bottom-zero flex-container flex-align-items-stretch flex-align-content-flex-start flex-full-width amsg-2018 fonts-loaded border-color-squid-ink design-Sell\" id=\"\" style=\"border: 0px solid rgb(35, 47, 62); display: flex; -webkit-box-orient: horizontal; -webkit-box-direction: normal; flex-flow: row wrap; -webkit-box-pack: start; place-content: flex-start; line-height: normal; padding-bottom: 24px; -webkit-box-align: stretch; align-items: stretch; -webkit-box-flex: 1; flex: 1 0 auto; width: 449.667px; padding-left: 0px; padding-right: 0px;\"><div class=\"text align-start color-storm font-size-medium ember font-normal\" style=\"color: rgb(108, 119, 120); font-family: AEmb, Helvetica, Arial, sans-serif; -webkit-box-flex: 1; flex-grow: 1; line-height: 24px; width: 449.667px; font-size: 16px !important;\">Amazon customers buy roughly&nbsp;<span style=\"font-weight: 700;\">7,400 products per minute from U.S. sellers.</span>&nbsp;Build, grow, and scale your brand with our innovative toolkit: a proven customer experience, rich data insights, cutting-edge advertising &amp; marketing solutions, and world-class logistics with Fulfillment by Amazon (FBA). There is no ceilinghow big do you want to go?</div></div><div class=\"border-color-squid-ink     padding-left-zero padding-right-zero padding-top-zero padding-bottom-zero border-left-zero border-right-zero border-top-zero border-bottom-zero flex-container flex-align-items-stretch flex-align-content-flex-start flex-full-width amsg-2018 fonts-loaded border-color-squid-ink design-Sell\" id=\"\" style=\"border: 0px solid rgb(35, 47, 62); display: flex; -webkit-box-orient: horizontal; -webkit-box-direction: normal; flex-flow: row wrap; -webkit-box-pack: start; place-content: flex-start; line-height: normal; -webkit-box-align: stretch; align-items: stretch; -webkit-box-flex: 0; flex: 0 0 auto; width: 449.667px; padding-left: 0px; padding-right: 0px;\"><div class=\"align-start\" style=\"-webkit-box-flex: 1; flex-grow: 1; width: 449.667px;\"><a href=\"https://sell.amazon.com/pricing?initialSessionID=132-8725675-1008520&amp;ld=AZUSSOA-sell\" class=\"link  link-type-external-dark\" style=\"color: rgb(35, 47, 62); cursor: pointer; font-variant-numeric: normal; font-variant-east-asian: normal; font-weight: 700; font-stretch: normal; font-size: 16px; line-height: 24px; font-family: AEmb, Helvetica, Arial, sans-serif;\">Explore pricing</a></div></div></div></div></div><div class=\"border-color-squid-ink     padding-left-zero padding-right-zero padding-top-zero padding-bottom-zero border-left-zero border-right-zero border-top-zero border-bottom-zero flex-container flex-align-items-stretch flex-align-content-flex-start flex-full-width amsg-2018 fonts-loaded border-color-squid-ink design-Sell is-nowrap snippet-tile-anchor\" id=\"\" style=\"border: 0px solid rgb(35, 47, 62); display: flex; -webkit-box-orient: horizontal; -webkit-box-direction: normal; flex-flow: row nowrap; -webkit-box-pack: start; place-content: flex-start; line-height: normal; -webkit-box-align: stretch; align-items: stretch; -webkit-box-flex: 0; flex: 0 0 auto; width: 1087.33px; padding-left: 0px; padding-right: 0px;\"><div class=\"has-max-width\" style=\"max-width: 1200px; display: flex; -webkit-box-orient: horizontal; -webkit-box-direction: normal; flex-flow: row nowrap; -webkit-box-pack: start; place-content: flex-start; margin-left: auto; margin-right: auto; width: 1087.33px; -webkit-box-align: stretch; align-items: stretch;\"><div class=\"tile-wrap background-color-white border-color-snow border-radius-16px    padding-left-base padding-right-base padding-top-base padding-bottom-base border-left-1px border-right-1px border-top-1px border-bottom-1px flex-container flex-align-items-stretch flex-align-content-flex-start amsg-2018 fonts-loaded border-color-snow design-Sell\" id=\"\" style=\"border: 1px solid rgb(234, 237, 237); display: flex; -webkit-box-orient: vertical; -webkit-box-direction: normal; flex-flow: column wrap; -webkit-box-pack: start; place-content: flex-start; line-height: normal; padding: 40px; border-radius: 8px; -webkit-box-align: stretch; align-items: stretch; box-shadow: rgba(0, 0, 0, 0.1) 0px 0px 32px; margin-bottom: 40px; margin-right: 24px; width: 531.667px;\"><div class=\"border-color-squid-ink     padding-left-zero padding-right-zero padding-top-zero padding-bottom-small border-left-zero border-right-zero border-top-zero border-bottom-zero flex-container flex-align-items-stretch flex-align-content-flex-start flex-full-width amsg-2018 fonts-loaded border-color-squid-ink design-Sell\" id=\"\" style=\"border: 0px solid rgb(35, 47, 62); display: flex; -webkit-box-orient: horizontal; -webkit-box-direction: normal; flex-flow: row wrap; -webkit-box-pack: start; place-content: flex-start; line-height: normal; padding-bottom: 24px; -webkit-box-align: stretch; align-items: stretch; -webkit-box-flex: 0; flex: 0 0 auto; width: 449.667px; padding-left: 0px; padding-right: 0px;\"><div class=\" image image-size-custom align-start  \" style=\"-webkit-box-flex: 1; flex-grow: 1; width: 449.667px;\"><img src=\"https://m.media-amazon.com/images/G/01/sp-marketing-toolkit/guides/design/iconography/Enhanced_Content._CB424651237_.svg\" alt=\"icon of hand holding a coin\" title=\"\" style=\"max-width: none; border: 0px; vertical-align: top; width: auto; height: 64px; max-height: none;\"></div></div><div class=\"border-color-squid-ink     padding-left-zero padding-right-zero padding-top-zero padding-bottom-mini border-left-zero border-right-zero border-top-zero border-bottom-zero flex-container flex-align-items-stretch flex-align-content-flex-start flex-full-width amsg-2018 fonts-loaded border-color-squid-ink design-Sell\" id=\"\" style=\"border: 0px solid rgb(35, 47, 62); display: flex; -webkit-box-orient: horizontal; -webkit-box-direction: normal; flex-flow: row wrap; -webkit-box-pack: start; place-content: flex-start; line-height: normal; padding-bottom: 12px; -webkit-box-align: stretch; align-items: stretch; -webkit-box-flex: 0; flex: 0 0 auto; width: 449.667px; padding-left: 0px; padding-right: 0px;\"><h3 class=\"heading align-start font-size-large color-squid-ink ember font-heavy\" style=\"padding: 0px; margin-right: 0px; margin-bottom: 0px; margin-left: 0px; text-rendering: optimizelegibility; font-weight: 900; line-height: 38px; font-family: AEmb, Helvetica, Arial, sans-serif; -webkit-box-flex: 1; flex-grow: 1; color: rgb(35, 47, 62); width: 449.667px; font-size: 32px !important;\">Your brand experienced</h3></div><div class=\"push-content border-color-squid-ink     padding-left-zero padding-right-zero padding-top-zero padding-bottom-small border-left-zero border-right-zero border-top-zero border-bottom-zero flex-container flex-align-items-stretch flex-align-content-flex-start flex-full-width amsg-2018 fonts-loaded border-color-squid-ink design-Sell\" id=\"\" style=\"border: 0px solid rgb(35, 47, 62); display: flex; -webkit-box-orient: horizontal; -webkit-box-direction: normal; flex-flow: row wrap; -webkit-box-pack: start; place-content: flex-start; line-height: normal; padding-bottom: 24px; -webkit-box-align: stretch; align-items: stretch; -webkit-box-flex: 1; flex: 1 0 auto; width: 449.667px; padding-left: 0px; padding-right: 0px;\"><div class=\"text align-start color-storm font-size-medium ember font-normal\" style=\"color: rgb(108, 119, 120); font-family: AEmb, Helvetica, Arial, sans-serif; -webkit-box-flex: 1; flex-grow: 1; line-height: 24px; width: 449.667px; font-size: 16px !important;\">Connect your brand to millions of customers. Control the experience from discovery to your dedicated storefront, and from your product pages to their inboxes<span style=\"font-weight: 700;\">Amazon customers following a brand spend more than double that of non-followers.</span>&nbsp;Communicate your core values, build loyal relationships, and ignite your brand experience.</div></div><div class=\"border-color-squid-ink     padding-left-zero padding-right-zero padding-top-zero padding-bottom-zero border-left-zero border-right-zero border-top-zero border-bottom-zero flex-container flex-align-items-stretch flex-align-content-flex-start flex-full-width amsg-2018 fonts-loaded border-color-squid-ink design-Sell\" id=\"\" style=\"border: 0px solid rgb(35, 47, 62); display: flex; -webkit-box-orient: horizontal; -webkit-box-direction: normal; flex-flow: row wrap; -webkit-box-pack: start; place-content: flex-start; line-height: normal; -webkit-box-align: stretch; align-items: stretch; -webkit-box-flex: 0; flex: 0 0 auto; width: 449.667px; padding-left: 0px; padding-right: 0px;\"><div class=\"align-start\" style=\"-webkit-box-flex: 1; flex-grow: 1; width: 449.667px;\"><a href=\"https://sell.amazon.com/brands?initialSessionID=132-8725675-1008520&amp;ld=AZUSSOA-sell\" class=\"link  link-type-external-dark\" style=\"color: rgb(35, 47, 62); cursor: pointer; font-variant-numeric: normal; font-variant-east-asian: normal; font-weight: 700; font-stretch: normal; font-size: 16px; line-height: 24px; font-family: AEmb, Helvetica, Arial, sans-serif;\">Explore brand tools</a></div></div></div><div class=\"tile-wrap background-color-white border-color-snow border-radius-16px    padding-left-base padding-right-base padding-top-base padding-bottom-base border-left-1px border-right-1px border-top-1px border-bottom-1px flex-container flex-align-items-stretch flex-align-content-flex-start amsg-2018 fonts-loaded border-color-snow design-Sell\" id=\"\" style=\"border: 1px solid rgb(234, 237, 237); display: flex; -webkit-box-orient: vertical; -webkit-box-direction: normal; flex-flow: column wrap; -webkit-box-pack: start; place-content: flex-start; line-height: normal; padding: 40px; border-radius: 8px; -webkit-box-align: stretch; align-items: stretch; box-shadow: rgba(0, 0, 0, 0.1) 0px 0px 32px; margin-bottom: 40px; margin-right: 0px; width: 531.667px;\"><div class=\"border-color-squid-ink     padding-left-zero padding-right-zero padding-top-zero padding-bottom-small border-left-zero border-right-zero border-top-zero border-bottom-zero flex-container flex-align-items-stretch flex-align-content-flex-start flex-full-width amsg-2018 fonts-loaded border-color-squid-ink design-Sell\" id=\"\" style=\"border: 0px solid rgb(35, 47, 62); display: flex; -webkit-box-orient: horizontal; -webkit-box-direction: normal; flex-flow: row wrap; -webkit-box-pack: start; place-content: flex-start; line-height: normal; padding-bottom: 24px; -webkit-box-align: stretch; align-items: stretch; -webkit-box-flex: 0; flex: 0 0 auto; width: 449.667px; padding-left: 0px; padding-right: 0px;\"><div class=\" image image-size-custom align-start  \" style=\"-webkit-box-flex: 1; flex-grow: 1; width: 449.667px;\"><img src=\"https://m.media-amazon.com/images/G/01/sp-marketing-toolkit/guides/design/iconography/Chatting._CB424651247_.svg\" alt=\"shipping icon, airplane on top and truck on bottom\" title=\"\" style=\"max-width: none; border: 0px; vertical-align: top; width: auto; height: 64px; max-height: none;\"></div></div><div class=\"border-color-squid-ink     padding-left-zero padding-right-zero padding-top-zero padding-bottom-mini border-left-zero border-right-zero border-top-zero border-bottom-zero flex-container flex-align-items-stretch flex-align-content-flex-start flex-full-width amsg-2018 fonts-loaded border-color-squid-ink design-Sell\" id=\"\" style=\"border: 0px solid rgb(35, 47, 62); display: flex; -webkit-box-orient: horizontal; -webkit-box-direction: normal; flex-flow: row wrap; -webkit-box-pack: start; place-content: flex-start; line-height: normal; padding-bottom: 12px; -webkit-box-align: stretch; align-items: stretch; -webkit-box-flex: 0; flex: 0 0 auto; width: 449.667px; padding-left: 0px; padding-right: 0px;\"><h3 class=\"heading align-start font-size-large color-squid-ink ember font-heavy\" style=\"padding: 0px; margin-right: 0px; margin-bottom: 0px; margin-left: 0px; text-rendering: optimizelegibility; font-weight: 900; line-height: 38px; font-family: AEmb, Helvetica, Arial, sans-serif; -webkit-box-flex: 1; flex-grow: 1; color: rgb(35, 47, 62); width: 449.667px; font-size: 32px !important;\">Your success supported</h3></div><div class=\"push-content border-color-squid-ink     padding-left-zero padding-right-zero padding-top-zero padding-bottom-small border-left-zero border-right-zero border-top-zero border-bottom-zero flex-container flex-align-items-stretch flex-align-content-flex-start flex-full-width amsg-2018 fonts-loaded border-color-squid-ink design-Sell\" id=\"\" style=\"border: 0px solid rgb(35, 47, 62); display: flex; -webkit-box-orient: horizontal; -webkit-box-direction: normal; flex-flow: row wrap; -webkit-box-pack: start; place-content: flex-start; line-height: normal; padding-bottom: 24px; -webkit-box-align: stretch; align-items: stretch; -webkit-box-flex: 1; flex: 1 0 auto; width: 449.667px; padding-left: 0px; padding-right: 0px;\"><div class=\"text align-start color-storm font-size-medium ember font-normal\" style=\"color: rgb(108, 119, 120); font-family: AEmb, Helvetica, Arial, sans-serif; -webkit-box-flex: 1; flex-grow: 1; line-height: 24px; width: 449.667px; font-size: 16px !important;\">Protect your brand and IP with powerful tools to defend against counterfeits and fraud, plus get critical performance metrics to monitor customer sentiment and ensure a top-tier, always-on brand experience.&nbsp;<span style=\"font-weight: 700;\">Get started with 1:1 Amazon seller onboarding support</span>&nbsp;for insights to help you take your business to the next level.</div></div><div class=\"border-color-squid-ink     padding-left-zero padding-right-zero padding-top-zero padding-bottom-zero border-left-zero border-right-zero border-top-zero border-bottom-zero flex-container flex-align-items-stretch flex-align-content-flex-start flex-full-width amsg-2018 fonts-loaded border-color-squid-ink design-Sell\" id=\"\" style=\"border: 0px solid rgb(35, 47, 62); display: flex; -webkit-box-orient: horizontal; -webkit-box-direction: normal; flex-flow: row wrap; -webkit-box-pack: start; place-content: flex-start; line-height: normal; -webkit-box-align: stretch; align-items: stretch; -webkit-box-flex: 0; flex: 0 0 auto; width: 449.667px; padding-left: 0px; padding-right: 0px;\"><div class=\"align-start\" style=\"-webkit-box-flex: 1; flex-grow: 1; width: 449.667px;\"><a href=\"https://sell.amazon.com/brands?initialSessionID=132-8725675-1008520&amp;ld=AZUSSOA-sell#protect\" class=\"link  link-type-external-dark\" style=\"color: rgb(35, 47, 62); cursor: pointer; font-variant-numeric: normal; font-variant-east-asian: normal; font-weight: 700; font-stretch: normal; font-size: 16px; line-height: 24px; font-family: AEmb, Helvetica, Arial, sans-serif;\">Protect your brand</a></div></div></div></div></div></div></div><div class=\"border-color-squid-ink     padding-left-xxlarge padding-right-xxlarge padding-top-zero padding-bottom-zero border-left-zero border-right-zero border-top-zero border-bottom-zero flex-container flex-align-items-stretch flex-align-content-flex-start flex-full-width amsg-2018 fonts-loaded border-color-squid-ink design-Sell\" id=\"spotlight\" style=\"border: 0px solid rgb(35, 47, 62); display: flex; -webkit-box-orient: horizontal; -webkit-box-direction: normal; flex-flow: row wrap; -webkit-box-pack: start; place-content: flex-start; line-height: normal; padding-left: 80px; padding-right: 80px; -webkit-box-align: stretch; align-items: stretch; -webkit-box-flex: 0; flex: 0 0 auto; width: 1247.33px; color: rgb(15, 17, 17); font-family: &quot;Amazon Ember&quot;, Arial, sans-serif; font-size: 14px;\"><div class=\"has-max-width\" style=\"max-width: 1200px; display: flex; -webkit-box-orient: horizontal; -webkit-box-direction: normal; flex-flow: row wrap; -webkit-box-pack: start; place-content: flex-start; margin-left: auto; margin-right: auto; width: 1087.33px; -webkit-box-align: stretch; align-items: stretch;\"><div class=\"border-color-squid-ink     padding-left-zero padding-right-small padding-top-zero padding-bottom-zero border-left-zero border-right-zero border-top-zero border-bottom-zero flex-container flex-align-items-stretch flex-align-content-flex-start amsg-2018 fonts-loaded border-color-squid-ink design-Sell\" id=\"\" style=\"border: 0px solid rgb(35, 47, 62); display: flex; -webkit-box-orient: horizontal; -webkit-box-direction: normal; flex-flow: row wrap; -webkit-box-pack: start; place-content: flex-start; line-height: normal; padding-right: 24px; -webkit-box-align: stretch; align-items: stretch; padding-left: 0px; width: 543.667px;\"><div class=\"background-color-squid-ink-dark bg-no-repeat border-color-squid-ink-dark border-radius-16px    padding-left-minibase padding-right-minibase padding-top-large padding-bottom-minibase border-left-zero border-right-zero border-top-zero border-bottom-zero flex-container flex-align-items-stretch flex-align-content-flex-start flex-full-width amsg-2018 fonts-loaded border-color-squid-ink-dark design-Sell\" id=\"\" style=\"border: 0px solid rgb(22, 30, 45); background-repeat: no-repeat; display: flex; -webkit-box-orient: horizontal; -webkit-box-direction: normal; flex-flow: row wrap; -webkit-box-pack: start; place-content: flex-start; line-height: normal; padding: 48px 32px 32px; border-radius: 16px; -webkit-box-align: stretch; align-items: stretch; -webkit-box-flex: 0; flex: 0 0 auto; width: 519.667px; background-color: rgb(22, 30, 45); background-image: url(&quot;https://m.media-amazon.com/images/G/01/sell/images/posters/BrandOwnerCaseStudy-HopeAndHenry-Hero._CB1198675309_._SL1280_FMjpg_.jpg&quot;); background-size: cover; background-position: left center;\"><div class=\"border-color-squid-ink     padding-left-minibase padding-right-minibase padding-top-xmini padding-bottom-small border-left-zero border-right-zero border-top-zero border-bottom-zero flex-container flex-align-items-stretch flex-align-content-flex-start flex-full-width amsg-2018 fonts-loaded border-color-squid-ink design-Sell\" id=\"\" style=\"border: 0px solid rgb(35, 47, 62); display: flex; -webkit-box-orient: horizontal; -webkit-box-direction: normal; flex-flow: row wrap; -webkit-box-pack: start; place-content: flex-start; line-height: normal; padding: 8px 32px 24px; -webkit-box-align: stretch; align-items: stretch; -webkit-box-flex: 0; flex: 0 0 auto; width: 455.667px;\"><div class=\" image image-size-custom align-start  \" style=\"-webkit-box-flex: 1; flex-grow: 1; width: 391.667px;\"><img src=\"https://m.media-amazon.com/images/G/01/sell/images/HH-Logo-white.svg\" alt=\"Hope and Henry logo\" title=\"\" style=\"max-width: none; border: 0px; vertical-align: top; width: auto; height: 14px; max-height: none;\"></div></div><div class=\"border-color-squid-ink     padding-left-minibase padding-right-minibase padding-top-zero padding-bottom-small border-left-zero border-right-zero border-top-zero border-bottom-zero flex-container flex-align-items-stretch flex-align-content-flex-start flex-full-width amsg-2018 fonts-loaded border-color-squid-ink design-Sell is-fluid\" id=\"\" style=\"border: 0px solid rgb(35, 47, 62); display: flex; -webkit-box-orient: horizontal; -webkit-box-direction: normal; flex-flow: row wrap; -webkit-box-pack: start; place-content: flex-start; line-height: normal; padding-left: 32px; padding-bottom: 24px; padding-right: 32px; -webkit-box-align: stretch; align-items: stretch; -webkit-box-flex: 0; flex: 0 0 auto; width: 455.667px;\"><div class=\"bg-no-repeat border-color-siren     padding-left-xxlarge padding-right-zero padding-top-xmini padding-bottom-zero border-left-zero border-right-zero border-top-zero border-bottom-zero flex-container flex-align-items-stretch flex-align-content-flex-start amsg-2018 fonts-loaded border-color-siren design-Sell\" id=\"\" style=\"border: 0px solid rgb(0, 153, 217); background-repeat: no-repeat; display: flex; -webkit-box-orient: horizontal; -webkit-box-direction: normal; flex-flow: row wrap; -webkit-box-pack: start; place-content: flex-start; line-height: normal; padding-left: 80px; padding-top: 8px; -webkit-box-align: stretch; align-items: stretch; padding-right: 0px; width: 80px; background-image: url(&quot;https://m.media-amazon.com/images/G/01/sell/images/colors/blue-400.svg&quot;); background-size: cover; background-position: center center; -webkit-box-flex: 0 !important; flex-grow: 0 !important;\"><div class=\"spacer\" style=\"width: 0px;\"></div></div><div class=\"border-color-squid-ink     padding-left-zero padding-right-zero padding-top-zero padding-bottom-zero border-left-zero border-right-zero border-top-zero border-bottom-zero flex-container flex-align-items-stretch flex-align-content-flex-start amsg-2018 fonts-loaded border-color-squid-ink design-Sell\" id=\"\" style=\"border: 0px solid rgb(35, 47, 62); display: flex; -webkit-box-orient: horizontal; -webkit-box-direction: normal; flex-flow: row wrap; -webkit-box-pack: start; place-content: flex-start; line-height: normal; -webkit-box-align: stretch; align-items: stretch; padding-left: 0px; padding-right: 0px; width: 0px; -webkit-box-flex: 0 !important; flex-grow: 0 !important;\"><div class=\"spacer\" style=\"width: 0px;\"></div></div></div><div class=\"border-color-squid-ink     padding-left-minibase padding-right-xsmall padding-top-zero padding-bottom-zero border-left-zero border-right-zero border-top-zero border-bottom-zero flex-container flex-align-items-stretch flex-align-content-flex-start flex-full-width amsg-2018 fonts-loaded border-color-squid-ink design-Sell\" id=\"\" style=\"border: 0px solid rgb(35, 47, 62); display: flex; -webkit-box-orient: horizontal; -webkit-box-direction: normal; flex-flow: row wrap; -webkit-box-pack: start; place-content: flex-start; line-height: normal; padding-left: 32px; padding-right: 16px; -webkit-box-align: stretch; align-items: stretch; -webkit-box-flex: 0; flex: 0 0 auto; width: 455.667px;\"><h3 class=\"heading align-start font-size-medium color-white bookerly font-normal\" style=\"padding: 0px; margin-right: 0px; margin-bottom: 0px; margin-left: 0px; text-rendering: optimizelegibility; line-height: 36px; font-family: ABook, Georgia, Times, serif; -webkit-box-flex: 1; flex-grow: 1; color: rgb(255, 255, 255); width: 407.667px; font-size: 24px !important;\">Young parents are already shopping on Amazon, so we\'ve tapped into that. They love the convenience, the shipping, they\'re already there. So it was just a matter of introducing them to our brand. Once they get the sizing down and they actually see the quality of the product, then we\'ve got them. They keep reordering on Amazon.</h3></div><div class=\"border-color-prime-morning     padding-left-minibase padding-right-minibase padding-top-xsmall padding-bottom-minibase border-left-zero border-right-zero border-top-zero border-bottom-zero flex-container flex-align-items-center flex-align-content-flex-start flex-justify-content flex-justify-content-flex-start flex-full-width amsg-2018 fonts-loaded border-color-prime-morning design-Sell is-fluid is-nowrap\" id=\"\" style=\"border: 0px solid rgb(178, 229, 246); display: flex; -webkit-box-orient: horizontal; -webkit-box-direction: normal; flex-flow: row nowrap; -webkit-box-pack: start; place-content: flex-start; line-height: normal; padding: 16px 32px 32px; -webkit-box-align: center; align-items: center; -webkit-box-flex: 0; flex: 0 0 auto; width: 455.667px;\"><div class=\"border-color-siren     padding-left-zero padding-right-zero padding-top-zero padding-bottom-zero border-left-zero border-right-zero border-top-zero border-bottom-zero flex-container flex-align-items-stretch flex-align-content-flex-start amsg-2018 fonts-loaded border-color-siren design-Sell\" id=\"\" style=\"border: 0px solid rgb(0, 153, 217); display: flex; -webkit-box-orient: horizontal; -webkit-box-direction: normal; flex-flow: row wrap; -webkit-box-pack: start; place-content: flex-start; line-height: normal; -webkit-box-align: stretch; align-items: stretch; padding-left: 0px; padding-right: 0px; width: 42.1458px; -webkit-box-flex: 0 !important; flex-grow: 0 !important;\"><div class=\" image image-size-custom align-start  \" style=\"-webkit-box-flex: 1; flex-grow: 1; width: 42.1458px;\"><img src=\"https://m.media-amazon.com/images/G/01/sell/images/headshots/marinamccauley-2x.png\" alt=\"headshot image of Matt McCauley\" title=\"\" style=\"max-width: none; border: 0px; vertical-align: top; width: auto; height: 48px; max-height: none;\"></div></div><div class=\"border-color-squid-ink     padding-left-mini padding-right-zero padding-top-xxmini padding-bottom-zero border-left-zero border-right-zero border-top-zero border-bottom-zero flex-container flex-align-items-center flex-align-content-flex-start amsg-2018 fonts-loaded border-color-squid-ink design-Sell\" id=\"\" style=\"border: 0px solid rgb(35, 47, 62); display: flex; -webkit-box-orient: horizontal; -webkit-box-direction: normal; flex-flow: row wrap; -webkit-box-pack: start; place-content: flex-start; line-height: normal; padding-left: 12px; -webkit-box-align: center; align-items: center; padding-right: 0px; padding-top: 4px; width: 204.208px; -webkit-box-flex: 0 !important; flex-grow: 0 !important;\"><div class=\"border-color-squid-ink     padding-left-zero padding-right-zero padding-top-zero padding-bottom-zero border-left-zero border-right-zero border-top-zero border-bottom-zero flex-container flex-align-items-stretch flex-align-content-flex-start flex-justify-content flex-justify-content-flex-start flex-full-width amsg-2018 fonts-loaded border-color-squid-ink design-Sell\" id=\"\" style=\"border: 0px solid rgb(35, 47, 62); display: flex; -webkit-box-orient: horizontal; -webkit-box-direction: normal; flex-flow: row wrap; -webkit-box-pack: start; place-content: flex-start; line-height: normal; -webkit-box-align: stretch; align-items: stretch; -webkit-box-flex: 0; flex: 0 0 auto; width: 192.208px; padding-left: 0px; padding-right: 0px;\"><div class=\"text align-start color-white font-size-medium ember font-bold\" style=\"font-family: AEmb, Helvetica, Arial, sans-serif; -webkit-box-flex: 1; flex-grow: 1; line-height: 24px; color: rgb(255, 255, 255); font-size: 16px !important; width: auto !important;\">Marina McCauley</div></div><div class=\"border-color-squid-ink     padding-left-zero padding-right-zero padding-top-zero padding-bottom-zero border-left-zero border-right-zero border-top-zero border-bottom-zero flex-container flex-align-items-stretch flex-align-content-flex-start flex-justify-content flex-justify-content-flex-start flex-full-width amsg-2018 fonts-loaded border-color-squid-ink design-Sell is-fluid\" id=\"\" style=\"border: 0px solid rgb(35, 47, 62); display: flex; -webkit-box-orient: horizontal; -webkit-box-direction: normal; flex-flow: row wrap; -webkit-box-pack: start; place-content: flex-start; line-height: normal; -webkit-box-align: stretch; align-items: stretch; -webkit-box-flex: 0; flex: 0 0 auto; width: 192.208px; padding-left: 0px; padding-right: 0px;\"><div class=\"text align-start color-snow font-size-xsmall ember font-normal\" style=\"color: rgb(234, 237, 237); font-family: AEmb, Helvetica, Arial, sans-serif; -webkit-box-flex: 1; flex-grow: 1; line-height: 18px; font-size: 12px !important; width: auto !important;\">Co-Founder</div></div></div></div><div class=\"border-color-squid-ink     padding-left-minibase padding-right-zero padding-top-zero padding-bottom-zero border-left-zero border-right-zero border-top-zero border-bottom-zero flex-container flex-align-items-stretch flex-align-content-flex-start flex-full-width amsg-2018 fonts-loaded border-color-squid-ink design-Sell is-fluid\" id=\"\" style=\"border: 0px solid rgb(35, 47, 62); display: flex; -webkit-box-orient: horizontal; -webkit-box-direction: normal; flex-flow: row wrap; -webkit-box-pack: start; place-content: flex-start; line-height: normal; padding-left: 32px; -webkit-box-align: stretch; align-items: stretch; -webkit-box-flex: 0; flex: 0 0 auto; width: 455.667px; padding-right: 0px;\"><div class=\"border-color-squid-ink     padding-left-zero padding-right-base padding-top-zero padding-bottom-zero border-left-zero border-right-zero border-top-zero border-bottom-zero flex-container flex-align-items-stretch flex-align-content-flex-start amsg-2018 fonts-loaded border-color-squid-ink design-Sell\" id=\"\" style=\"border: 0px solid rgb(35, 47, 62); display: flex; -webkit-box-orient: horizontal; -webkit-box-direction: normal; flex-flow: row wrap; -webkit-box-pack: start; place-content: flex-start; line-height: normal; padding-right: 40px; -webkit-box-align: stretch; align-items: stretch; padding-left: 0px; width: 185.094px; -webkit-box-flex: 0 !important; flex-grow: 0 !important;\"><div class=\"align-start\" style=\"-webkit-box-flex: 1; flex-grow: 1; width: 145.094px;\"><a href=\"https://sell.amazon.com/brands/case-studies/hope-and-henry?initialSessionID=132-8725675-1008520&amp;ld=AZUSSOA-sell\" class=\"link  link-type-external-light\" style=\"color: rgb(255, 255, 255); cursor: pointer; font-variant-numeric: normal; font-variant-east-asian: normal; font-weight: 700; font-stretch: normal; font-size: 16px; line-height: 24px; font-family: AEmb, Helvetica, Arial, sans-serif;\">Read case study</a></div></div><div class=\"border-color-squid-ink     padding-left-zero padding-right-zero padding-top-zero padding-bottom-zero border-left-zero border-right-zero border-top-zero border-bottom-zero flex-container flex-align-items-stretch flex-align-content-flex-start amsg-2018 fonts-loaded border-color-squid-ink design-Sell\" id=\"\" style=\"border: 0px solid rgb(35, 47, 62); display: flex; -webkit-box-orient: horizontal; -webkit-box-direction: normal; flex-flow: row wrap; -webkit-box-pack: start; place-content: flex-start; line-height: normal; -webkit-box-align: stretch; align-items: stretch; padding-left: 0px; padding-right: 0px; width: 167.219px; -webkit-box-flex: 0 !important; flex-grow: 0 !important;\"><div class=\"align-start\" style=\"-webkit-box-flex: 1; flex-grow: 1; width: 167.219px;\"><a href=\"https://sell.amazon.com/?initialSessionID=132-8725675-1008520&amp;ld=AZUSSOA-sell#experienced\" class=\"link  link-type-external-light\" style=\"color: rgb(255, 255, 255); cursor: pointer; font-variant-numeric: normal; font-variant-east-asian: normal; font-weight: 700; font-stretch: normal; font-size: 16px; line-height: 24px; font-family: AEmb, Helvetica, Arial, sans-serif;\">Launch your brand</a></div></div></div></div><div class=\"border-color-squid-ink     padding-left-zero padding-right-zero padding-top-zero padding-bottom-zero border-left-zero border-right-zero border-top-zero border-bottom-zero flex-container flex-align-items-stretch flex-align-content-flex-start flex-full-width amsg-2018 fonts-loaded border-color-squid-ink design-Sell\" id=\"nsi\" style=\"border: 0px solid rgb(35, 47, 62); display: flex; -webkit-box-orient: horizontal; -webkit-box-direction: normal; flex-flow: row wrap; -webkit-box-pack: start; place-content: flex-start; line-height: normal; -webkit-box-align: stretch; align-items: stretch; -webkit-box-flex: 0; flex: 0 0 auto; width: 519.667px; padding-left: 0px; padding-right: 0px;\"><div class=\"spacer\" style=\"width: 519.667px;\"></div></div></div><div class=\"bg-no-repeat border-color-squid-ink border-radius-16px    padding-left-zero padding-right-zero padding-top-zero padding-bottom-zero border-left-zero border-right-zero border-top-zero border-bottom-zero flex-container flex-align-items-center flex-align-content-center amsg-2018 fonts-loaded border-color-squid-ink design-Sell hover-scale-up hover-length-fast\" id=\"sp_video_hopehenry\" style=\"border: 0px solid rgb(35, 47, 62); background-repeat: no-repeat; display: flex; -webkit-box-orient: horizontal; -webkit-box-direction: normal; flex-flow: row wrap; -webkit-box-pack: start; place-content: center flex-start; line-height: normal; border-radius: 16px; -webkit-box-align: center; align-items: center; transition-property: all; transition-timing-function: cubic-bezier(0.64, 0.15, 0.53, 0.53); transition-duration: 0.15s; padding-left: 0px; padding-right: 0px; width: 543.667px; background-image: url(&quot;https://m.media-amazon.com/images/G/01/sell/images/posters/BrandOwnerCaseStudy-HopeAndHenry-Hero._CB1198675309_.jpg&quot;); background-size: cover; background-position: right center;\"><a class=\"link-container  video-popup-link-container\" href=\"https://www.amazon.com/b/?_encoding=UTF8&amp;ld=AZUSSOA-sell&amp;node=12766669011&amp;ref_=nav_cs_sell#\" data-youtube-id=\"2Wj55G_WoZg\" data-video-title=\"Brands on Amazon Case Study | Hope &amp; Henry\" aria-label=\"watch video\" style=\"color: rgb(0, 113, 133); width: 543.667px;\"><div class=\"border-color-squid-ink     padding-left-zero padding-right-zero padding-top-zero padding-bottom-zero border-left-zero border-right-zero border-top-zero border-bottom-zero flex-container flex-align-items-stretch flex-align-content-flex-start flex-full-width amsg-2018 fonts-loaded border-color-squid-ink design-Sell\" id=\"\" style=\"border: 0px solid rgb(35, 47, 62); display: flex; -webkit-box-orient: horizontal; -webkit-box-direction: normal; flex-flow: row wrap; -webkit-box-pack: start; place-content: flex-start; line-height: normal; -webkit-box-align: stretch; align-items: stretch; -webkit-box-flex: 0; flex: 0 0 auto; width: 543.667px; padding-left: 0px; padding-right: 0px;\"><div class=\" image image-size-fit align-start  \" style=\"-webkit-box-flex: 1; flex-grow: 1; width: 543.667px; height: 17.3333px; -webkit-box-align: center; align-items: center; display: flex; -webkit-box-pack: center; justify-content: center; position: relative; transition: transform 0.3s cubic-bezier(0.64, 0.15, 0.53, 0.53) 0s, -webkit-transform 0.3s cubic-bezier(0.64, 0.15, 0.53, 0.53) 0s;\"><img src=\"https://s3.amazonaws.com/prod-widgetSource/in-shop/pub/images/amzn_favicon_blk.png\" alt=\"play video\" title=\"\" style=\"max-width: 100%; border: 0px; vertical-align: top; width: auto; height: auto; max-height: 100%;\"></div></div></a></div></div></div><div style=\"color: rgb(15, 17, 17); font-family: &quot;Amazon Ember&quot;, Arial, sans-serif; font-size: 14px;\"></div><div style=\"color: rgb(15, 17, 17); font-family: &quot;Amazon Ember&quot;, Arial, sans-serif; font-size: 14px;\"></div><div class=\"bg-no-repeat border-color-squid-ink     padding-left-minibase padding-right-minibase padding-top-xxlarge padding-bottom-xxlarge border-left-zero border-right-zero border-top-zero border-bottom-zero flex-container flex-align-items-stretch flex-align-content-flex-start flex-full-width amsg-2018 fonts-loaded border-color-squid-ink design-Sell has-wave is-fluid\" id=\"\" style=\"border: 0px solid rgb(35, 47, 62); background-repeat: no-repeat; display: flex; -webkit-box-orient: horizontal; -webkit-box-direction: normal; flex-flow: row wrap; -webkit-box-pack: start; place-content: flex-start; line-height: normal; padding: 80px 32px; -webkit-box-align: stretch; align-items: stretch; -webkit-box-flex: 0; flex: 0 0 auto; width: 1247.33px; position: relative; color: rgb(15, 17, 17); font-family: &quot;Amazon Ember&quot;, Arial, sans-serif; font-size: 14px; background-image: url(&quot;https://m.media-amazon.com/images/G/01/sell/images/colors/blue-50.svg&quot;); background-size: cover; background-position: center center;\"><div class=\"has-max-width\" style=\"max-width: 1200px; display: flex; -webkit-box-orient: horizontal; -webkit-box-direction: normal; flex-flow: row wrap; -webkit-box-pack: start; place-content: flex-start; margin-left: auto; margin-right: auto; width: 1183.33px; -webkit-box-align: stretch; align-items: stretch;\"><div class=\"background-color-white border-color-cumulus border-radius-16px    padding-left-large padding-right-large padding-top-large padding-bottom-large border-left-zero border-right-zero border-top-zero border-bottom-zero flex-container flex-align-items-stretch flex-align-content-flex-start amsg-2018 fonts-loaded border-color-cumulus design-Sell has-box-shadow box-shadow-light\" id=\"\" style=\"border: 0px solid rgb(170, 183, 184); display: flex; -webkit-box-orient: horizontal; -webkit-box-direction: normal; flex-flow: row wrap; -webkit-box-pack: start; place-content: flex-start; line-height: normal; padding: 48px; border-radius: 16px; -webkit-box-align: stretch; align-items: stretch; box-shadow: rgba(0, 0, 0, 0.1) 0px 0px 32px; z-index: 1; position: relative; width: 1183.33px; -webkit-box-flex: 0 !important; flex-grow: 0 !important;\"><div class=\"has-max-width\" style=\"max-width: 1200px; display: flex; -webkit-box-orient: horizontal; -webkit-box-direction: normal; flex-flow: row wrap; -webkit-box-pack: start; place-content: flex-start; margin-left: auto; margin-right: auto; width: 1087.33px; -webkit-box-align: stretch; align-items: stretch;\"><div class=\"border-color-squid-ink     padding-left-zero padding-right-zero padding-top-zero padding-bottom-base border-left-zero border-right-zero border-top-zero border-bottom-zero flex-container flex-align-items-stretch flex-align-content-flex-start flex-full-width amsg-2018 fonts-loaded border-color-squid-ink design-Sell\" id=\"\" style=\"border: 0px solid rgb(35, 47, 62); display: flex; -webkit-box-orient: horizontal; -webkit-box-direction: normal; flex-flow: row wrap; -webkit-box-pack: start; place-content: flex-start; line-height: normal; padding-bottom: 40px; -webkit-box-align: stretch; align-items: stretch; -webkit-box-flex: 0; flex: 0 0 auto; width: 1087.33px; padding-left: 0px; padding-right: 0px;\"><h3 class=\"heading align-center font-size-large color-squid-ink ember font-heavy\" style=\"padding: 0px; margin-right: 0px; margin-bottom: 0px; margin-left: 0px; text-rendering: optimizelegibility; font-weight: 900; line-height: 38px; text-align: center; font-family: AEmb, Helvetica, Arial, sans-serif; -webkit-box-flex: 1; flex-grow: 1; color: rgb(35, 47, 62); width: 1087.33px; font-size: 32px !important;\">Learn more about selling with Amazon</h3></div><div class=\"border-color-squid-ink     padding-left-xxlarge padding-right-xxlarge padding-top-zero padding-bottom-zero border-left-zero border-right-zero border-top-zero border-bottom-zero flex-container flex-align-items-stretch flex-align-content-space-around flex-full-width amsg-2018 fonts-loaded border-color-squid-ink design-Sell\" id=\"\" style=\"border: 0px solid rgb(35, 47, 62); display: flex; -webkit-box-orient: horizontal; -webkit-box-direction: normal; flex-flow: row wrap; -webkit-box-pack: start; place-content: space-around flex-start; line-height: normal; padding-left: 80px; padding-right: 80px; -webkit-box-align: stretch; align-items: stretch; -webkit-box-flex: 0; flex: 0 0 auto; width: 1087.33px;\"><div class=\"border-color-squid-ink     padding-left-zero padding-right-xsmall padding-top-zero padding-bottom-xsmall border-left-zero border-right-zero border-top-zero border-bottom-zero flex-container flex-align-items-stretch flex-align-content-flex-start amsg-2018 fonts-loaded border-color-squid-ink design-Sell\" id=\"\" style=\"border: 0px solid rgb(35, 47, 62); display: flex; -webkit-box-orient: horizontal; -webkit-box-direction: normal; flex-flow: row wrap; -webkit-box-pack: start; place-content: flex-start; line-height: normal; padding-bottom: 16px; padding-right: 16px; -webkit-box-align: stretch; align-items: stretch; padding-left: 0px; width: 463.667px;\"><div class=\"align-start\" style=\"-webkit-box-flex: 1; flex-grow: 1; width: 447.667px;\"><a href=\"https://sell.amazon.com/sell-online?ref_=azus_soa_sd_sov_lm&amp;initialSessionID=132-8725675-1008520&amp;ld=AZUSSOA-sell\" class=\"link  link-type-external-dark\" style=\"color: rgb(35, 47, 62); cursor: pointer; font-variant-numeric: normal; font-variant-east-asian: normal; font-weight: 700; font-stretch: normal; font-size: 16px; line-height: 24px; font-family: AEmb, Helvetica, Arial, sans-serif;\">Sell online: How to get started</a></div></div><div class=\"border-color-squid-ink     padding-left-xsmall padding-right-zero padding-top-zero padding-bottom-xsmall border-left-zero border-right-zero border-top-zero border-bottom-zero flex-container flex-align-items-stretch flex-align-content-flex-start amsg-2018 fonts-loaded border-color-squid-ink design-Sell\" id=\"\" style=\"border: 0px solid rgb(35, 47, 62); display: flex; -webkit-box-orient: horizontal; -webkit-box-direction: normal; flex-flow: row wrap; -webkit-box-pack: start; place-content: flex-start; line-height: normal; padding-left: 16px; padding-bottom: 16px; -webkit-box-align: stretch; align-items: stretch; padding-right: 0px; width: 463.667px;\"><div class=\"align-start\" style=\"-webkit-box-flex: 1; flex-grow: 1; width: 447.667px;\"><a href=\"https://sell.amazon.com/programs/paid-services?ref_=azus_soa_sd_spps_lm&amp;initialSessionID=132-8725675-1008520&amp;ld=AZUSSOA-sell\" class=\"link  link-type-external-dark\" style=\"color: rgb(35, 47, 62); cursor: pointer; font-variant-numeric: normal; font-variant-east-asian: normal; font-weight: 700; font-stretch: normal; font-size: 16px; line-height: 24px; font-family: AEmb, Helvetica, Arial, sans-serif;\">Get help from an Amazon account manager</a></div></div></div><div class=\"border-color-squid-ink     padding-left-xxlarge padding-right-xxlarge padding-top-zero padding-bottom-zero border-left-zero border-right-zero border-top-zero border-bottom-zero flex-container flex-align-items-stretch flex-align-content-space-around flex-full-width amsg-2018 fonts-loaded border-color-squid-ink design-Sell\" id=\"\" style=\"border: 0px solid rgb(35, 47, 62); display: flex; -webkit-box-orient: horizontal; -webkit-box-direction: normal; flex-flow: row wrap; -webkit-box-pack: start; place-content: space-around flex-start; line-height: normal; padding-left: 80px; padding-right: 80px; -webkit-box-align: stretch; align-items: stretch; -webkit-box-flex: 0; flex: 0 0 auto; width: 1087.33px;\"><div class=\"border-color-squid-ink     padding-left-zero padding-right-xsmall padding-top-zero padding-bottom-xsmall border-left-zero border-right-zero border-top-zero border-bottom-zero flex-container flex-align-items-stretch flex-align-content-flex-start amsg-2018 fonts-loaded border-color-squid-ink design-Sell\" id=\"\" style=\"border: 0px solid rgb(35, 47, 62); display: flex; -webkit-box-orient: horizontal; -webkit-box-direction: normal; flex-flow: row wrap; -webkit-box-pack: start; place-content: flex-start; line-height: normal; padding-bottom: 16px; padding-right: 16px; -webkit-box-align: stretch; align-items: stretch; padding-left: 0px; width: 463.667px;\"><div class=\"align-start\" style=\"-webkit-box-flex: 1; flex-grow: 1; width: 447.667px;\"><a href=\"https://sell.amazon.com/beginners-guide?ref_=azus_soa_sd_tbg_lm&amp;initialSessionID=132-8725675-1008520&amp;ld=AZUSSOA-sell\" class=\"link  link-type-external-dark\" style=\"color: rgb(35, 47, 62); cursor: pointer; font-variant-numeric: normal; font-variant-east-asian: normal; font-weight: 700; font-stretch: normal; font-size: 16px; line-height: 24px; font-family: AEmb, Helvetica, Arial, sans-serif;\">The Beginner\'s Guide to Selling on Amazon</a></div></div><div class=\"border-color-squid-ink     padding-left-xsmall padding-right-zero padding-top-zero padding-bottom-xsmall border-left-zero border-right-zero border-top-zero border-bottom-zero flex-container flex-align-items-stretch flex-align-content-flex-start amsg-2018 fonts-loaded border-color-squid-ink design-Sell\" id=\"\" style=\"border: 0px solid rgb(35, 47, 62); display: flex; -webkit-box-orient: horizontal; -webkit-box-direction: normal; flex-flow: row wrap; -webkit-box-pack: start; place-content: flex-start; line-height: normal; padding-left: 16px; padding-bottom: 16px; -webkit-box-align: stretch; align-items: stretch; padding-right: 0px; width: 463.667px;\"><div class=\"align-start\" style=\"-webkit-box-flex: 1; flex-grow: 1; width: 447.667px;\"><a href=\"https://sell.amazon.com/pricing?ref_=azus_soa_sd_pricing_lm&amp;initialSessionID=132-8725675-1008520&amp;ld=AZUSSOA-sell\" class=\"link  link-type-external-dark\" style=\"color: rgb(35, 47, 62); cursor: pointer; font-variant-numeric: normal; font-variant-east-asian: normal; font-weight: 700; font-stretch: normal; font-size: 16px; line-height: 24px; font-family: AEmb, Helvetica, Arial, sans-serif;\">How much does it cost to sell on Amazon?</a></div></div></div><div class=\"border-color-squid-ink     padding-left-xxlarge padding-right-xxlarge padding-top-zero padding-bottom-zero border-left-zero border-right-zero border-top-zero border-bottom-zero flex-container flex-align-items-stretch flex-align-content-space-around flex-full-width amsg-2018 fonts-loaded border-color-squid-ink design-Sell\" id=\"\" style=\"border: 0px solid rgb(35, 47, 62); display: flex; -webkit-box-orient: horizontal; -webkit-box-direction: normal; flex-flow: row wrap; -webkit-box-pack: start; place-content: space-around flex-start; line-height: normal; padding-left: 80px; padding-right: 80px; -webkit-box-align: stretch; align-items: stretch; -webkit-box-flex: 0; flex: 0 0 auto; width: 1087.33px;\"><div class=\"border-color-squid-ink     padding-left-zero padding-right-xsmall padding-top-zero padding-bottom-xsmall border-left-zero border-right-zero border-top-zero border-bottom-zero flex-container flex-align-items-stretch flex-align-content-flex-start amsg-2018 fonts-loaded border-color-squid-ink design-Sell\" id=\"\" style=\"border: 0px solid rgb(35, 47, 62); display: flex; -webkit-box-orient: horizontal; -webkit-box-direction: normal; flex-flow: row wrap; -webkit-box-pack: start; place-content: flex-start; line-height: normal; padding-bottom: 16px; padding-right: 16px; -webkit-box-align: stretch; align-items: stretch; padding-left: 0px; width: 463.667px;\"><div class=\"align-start\" style=\"-webkit-box-flex: 1; flex-grow: 1; width: 447.667px;\"><a href=\"https://sell.amazon.com/grow?ref_=azus_soa_sd_grow_lm&amp;initialSessionID=132-8725675-1008520&amp;ld=AZUSSOA-sell\" class=\"link  link-type-external-dark\" style=\"color: rgb(35, 47, 62); cursor: pointer; font-variant-numeric: normal; font-variant-east-asian: normal; font-weight: 700; font-stretch: normal; font-size: 16px; line-height: 24px; font-family: AEmb, Helvetica, Arial, sans-serif;\">Grow your ecommerce business with Amazon</a></div></div><div class=\"border-color-squid-ink     padding-left-xsmall padding-right-zero padding-top-zero padding-bottom-xsmall border-left-zero border-right-zero border-top-zero border-bottom-zero flex-container flex-align-items-stretch flex-align-content-flex-start amsg-2018 fonts-loaded border-color-squid-ink design-Sell\" id=\"\" style=\"border: 0px solid rgb(35, 47, 62); display: flex; -webkit-box-orient: horizontal; -webkit-box-direction: normal; flex-flow: row wrap; -webkit-box-pack: start; place-content: flex-start; line-height: normal; padding-left: 16px; padding-bottom: 16px; -webkit-box-align: stretch; align-items: stretch; padding-right: 0px; width: 463.667px;\"><div class=\"align-start\" style=\"-webkit-box-flex: 1; flex-grow: 1; width: 447.667px;\"><a href=\"https://sell.amazon.com/fulfillment-by-amazon?ref_=azus_soa_sd_fba_lm&amp;initialSessionID=132-8725675-1008520&amp;ld=AZUSSOA-sell\" class=\"link  link-type-external-dark\" style=\"color: rgb(35, 47, 62); cursor: pointer; font-variant-numeric: normal; font-variant-east-asian: normal; font-weight: 700; font-stretch: normal; font-size: 16px; line-height: 24px; font-family: AEmb, Helvetica, Arial, sans-serif;\">Use FBA to scale your ecommerce business</a></div></div></div><div class=\"border-color-squid-ink     padding-left-xxlarge padding-right-xxlarge padding-top-zero padding-bottom-zero border-left-zero border-right-zero border-top-zero border-bottom-zero flex-container flex-align-items-stretch flex-align-content-flex-start flex-full-width amsg-2018 fonts-loaded border-color-squid-ink design-Sell\" id=\"\" style=\"border: 0px solid rgb(35, 47, 62); display: flex; -webkit-box-orient: horizontal; -webkit-box-direction: normal; flex-flow: row wrap; -webkit-box-pack: start; place-content: flex-start; line-height: normal; padding-left: 80px; padding-right: 80px; -webkit-box-align: stretch; align-items: stretch; -webkit-box-flex: 0; flex: 0 0 auto; width: 1087.33px;\"><div class=\"border-color-squid-ink     padding-left-zero padding-right-xsmall padding-top-zero padding-bottom-xsmall border-left-zero border-right-zero border-top-zero border-bottom-zero flex-container flex-align-items-stretch flex-align-content-flex-start amsg-2018 fonts-loaded border-color-squid-ink design-Sell\" id=\"\" style=\"border: 0px solid rgb(35, 47, 62); display: flex; -webkit-box-orient: horizontal; -webkit-box-direction: normal; flex-flow: row wrap; -webkit-box-pack: start; place-content: flex-start; line-height: normal; padding-bottom: 16px; padding-right: 16px; -webkit-box-align: stretch; align-items: stretch; padding-left: 0px; width: 463.667px;\"><div class=\"align-start\" style=\"-webkit-box-flex: 1; flex-grow: 1; width: 447.667px;\"><a href=\"https://sell.amazon.com/brands?ref_=azus_soa_sd_brands_lm&amp;initialSessionID=132-8725675-1008520&amp;ld=AZUSSOA-sell\" class=\"link  link-type-external-dark\" style=\"color: rgb(35, 47, 62); cursor: pointer; font-variant-numeric: normal; font-variant-east-asian: normal; font-weight: 700; font-stretch: normal; font-size: 16px; line-height: 24px; font-family: AEmb, Helvetica, Arial, sans-serif;\">Build, grow, and protect your brand on Amazon</a></div></div><div class=\"border-color-squid-ink     padding-left-xsmall padding-right-zero padding-top-zero padding-bottom-xsmall border-left-zero border-right-zero border-top-zero border-bottom-zero flex-container flex-align-items-stretch flex-align-content-flex-start amsg-2018 fonts-loaded border-color-squid-ink design-Sell\" id=\"\" style=\"border: 0px solid rgb(35, 47, 62); display: flex; -webkit-box-orient: horizontal; -webkit-box-direction: normal; flex-flow: row wrap; -webkit-box-pack: start; place-content: flex-start; line-height: normal; padding-left: 16px; padding-bottom: 16px; -webkit-box-align: stretch; align-items: stretch; padding-right: 0px; width: 463.667px;\"><div class=\"align-start\" style=\"-webkit-box-flex: 1; flex-grow: 1; width: 447.667px;\"><a href=\"https://sell.amazon.com/programs?ref_=azus_soa_sd_programs_lm&amp;initialSessionID=132-8725675-1008520&amp;ld=AZUSSOA-sell\" class=\"link  link-type-external-dark\" style=\"color: rgb(35, 47, 62); cursor: pointer; font-variant-numeric: normal; font-variant-east-asian: normal; font-weight: 700; font-stretch: normal; font-size: 16px; line-height: 24px; font-family: AEmb, Helvetica, Arial, sans-serif;\">Amazon Handmade, Amazon Business, and more</a></div></div></div><div class=\"border-color-squid-ink     padding-left-xxlarge padding-right-xxlarge padding-top-zero padding-bottom-zero border-left-zero border-right-zero border-top-zero border-bottom-zero flex-container flex-align-items-stretch flex-align-content-flex-start flex-full-width amsg-2018 fonts-loaded border-color-squid-ink design-Sell\" id=\"\" style=\"border: 0px solid rgb(35, 47, 62); display: flex; -webkit-box-orient: horizontal; -webkit-box-direction: normal; flex-flow: row wrap; -webkit-box-pack: start; place-content: flex-start; line-height: normal; padding-left: 80px; padding-right: 80px; -webkit-box-align: stretch; align-items: stretch; -webkit-box-flex: 0; flex: 0 0 auto; width: 1087.33px;\"><div class=\"border-color-squid-ink     padding-left-zero padding-right-xsmall padding-top-zero padding-bottom-xsmall border-left-zero border-right-zero border-top-zero border-bottom-zero flex-container flex-align-items-stretch flex-align-content-flex-start amsg-2018 fonts-loaded border-color-squid-ink design-Sell\" id=\"\" style=\"border: 0px solid rgb(35, 47, 62); display: flex; -webkit-box-orient: horizontal; -webkit-box-direction: normal; flex-flow: row wrap; -webkit-box-pack: start; place-content: flex-start; line-height: normal; padding-bottom: 16px; padding-right: 16px; -webkit-box-align: stretch; align-items: stretch; padding-left: 0px; width: 463.667px;\"><div class=\"align-start\" style=\"-webkit-box-flex: 1; flex-grow: 1; width: 447.667px;\"><a href=\"https://sell.amazon.com/build-an-online-store?ref_=azus_soa_sd_stores_lm&amp;initialSessionID=132-8725675-1008520&amp;ld=AZUSSOA-sell\" class=\"link  link-type-external-dark\" style=\"color: rgb(35, 47, 62); cursor: pointer; font-variant-numeric: normal; font-variant-east-asian: normal; font-weight: 700; font-stretch: normal; font-size: 16px; line-height: 24px; font-family: AEmb, Helvetica, Arial, sans-serif;\">Build an online store featuring your brand</a></div></div><div class=\"border-color-squid-ink     padding-left-xsmall padding-right-zero padding-top-zero padding-bottom-xsmall border-left-zero border-right-zero border-top-zero border-bottom-zero flex-container flex-align-items-stretch flex-align-content-flex-start amsg-2018 fonts-loaded border-color-squid-ink design-Sell\" id=\"\" style=\"border: 0px solid rgb(35, 47, 62); display: flex; -webkit-box-orient: horizontal; -webkit-box-direction: normal; flex-flow: row wrap; -webkit-box-pack: start; place-content: flex-start; line-height: normal; padding-left: 16px; padding-bottom: 16px; -webkit-box-align: stretch; align-items: stretch; padding-right: 0px; width: 463.667px;\"><div class=\"align-start\" style=\"-webkit-box-flex: 1; flex-grow: 1; width: 447.667px;\"><a href=\"https://sell.amazon.com/advertising?ref_=azus_soa_sd_ads_lm&amp;initialSessionID=132-8725675-1008520&amp;ld=AZUSSOA-sell\" class=\"link  link-type-external-dark\" style=\"color: rgb(35, 47, 62); cursor: pointer; font-variant-numeric: normal; font-variant-east-asian: normal; font-weight: 700; font-stretch: normal; font-size: 16px; line-height: 24px; font-family: AEmb, Helvetica, Arial, sans-serif;\">Advertise your products on Amazon</a></div></div></div><div class=\"border-color-squid-ink     padding-left-xxlarge padding-right-xxlarge padding-top-zero padding-bottom-zero border-left-zero border-right-zero border-top-zero border-bottom-zero flex-container flex-align-items-stretch flex-align-content-flex-start flex-full-width amsg-2018 fonts-loaded border-color-squid-ink design-Sell\" id=\"\" style=\"border: 0px solid rgb(35, 47, 62); display: flex; -webkit-box-orient: horizontal; -webkit-box-direction: normal; flex-flow: row wrap; -webkit-box-pack: start; place-content: flex-start; line-height: normal; padding-left: 80px; padding-right: 80px; -webkit-box-align: stretch; align-items: stretch; -webkit-box-flex: 0; flex: 0 0 auto; width: 1087.33px;\"><div class=\"border-color-squid-ink     padding-left-zero padding-right-xsmall padding-top-zero padding-bottom-xsmall border-left-zero border-right-zero border-top-zero border-bottom-zero flex-container flex-align-items-stretch flex-align-content-flex-start amsg-2018 fonts-loaded border-color-squid-ink design-Sell\" id=\"\" style=\"border: 0px solid rgb(35, 47, 62); display: flex; -webkit-box-orient: horizontal; -webkit-box-direction: normal; flex-flow: row wrap; -webkit-box-pack: start; place-content: flex-start; line-height: normal; padding-bottom: 16px; padding-right: 16px; -webkit-box-align: stretch; align-items: stretch; padding-left: 0px; width: 463.667px;\"><div class=\"align-start\" style=\"-webkit-box-flex: 1; flex-grow: 1; width: 447.667px;\"><a href=\"https://sell.amazon.com/learn?ref_=azus_soa_sd_su&amp;initialSessionID=132-8725675-1008520&amp;ld=AZUSSOA-sell\" class=\"link  link-type-external-dark\" style=\"color: rgb(35, 47, 62); cursor: pointer; font-variant-numeric: normal; font-variant-east-asian: normal; font-weight: 700; font-stretch: normal; font-size: 16px; line-height: 24px; font-family: AEmb, Helvetica, Arial, sans-serif;\">Watch free tutorial videos from Seller University</a></div></div><div class=\"border-color-squid-ink     padding-left-xsmall padding-right-zero padding-top-zero padding-bottom-zero border-left-zero border-right-zero border-top-zero border-bottom-zero flex-container flex-align-items-stretch flex-align-content-flex-start amsg-2018 fonts-loaded border-color-squid-ink design-Sell\" id=\"\" style=\"border: 0px solid rgb(35, 47, 62); display: flex; -webkit-box-orient: horizontal; -webkit-box-direction: normal; flex-flow: row wrap; -webkit-box-pack: start; place-content: flex-start; line-height: normal; padding-left: 16px; -webkit-box-align: stretch; align-items: stretch; padding-right: 0px; width: 463.667px;\"><div class=\"align-start\" style=\"-webkit-box-flex: 1; flex-grow: 1; width: 447.667px;\"><a href=\"https://sell.amazon.com/brands/case-studies?ref_=azus_soa_sd_stories_lm&amp;initialSessionID=132-8725675-1008520&amp;ld=AZUSSOA-sell\" class=\"link  link-type-external-dark\" style=\"color: rgb(35, 47, 62); cursor: pointer; font-variant-numeric: normal; font-variant-east-asian: normal; font-weight: 700; font-stretch: normal; font-size: 16px; line-height: 24px; font-family: AEmb, Helvetica, Arial, sans-serif;\">Case studies about Amazon third-party sellers</a></div></div></div></div></div><div class=\"border-color-squid-ink     padding-left-zero padding-right-zero padding-top-zero padding-bottom-zero border-left-zero border-right-zero border-top-zero border-bottom-zero flex-container flex-align-items-stretch flex-align-content-flex-start amsg-2018 fonts-loaded border-color-squid-ink design-Sell\" id=\"\" style=\"border: 0px solid rgb(35, 47, 62); display: flex; -webkit-box-orient: horizontal; -webkit-box-direction: normal; flex-flow: row wrap; -webkit-box-pack: start; place-content: flex-start; line-height: normal; -webkit-box-align: stretch; align-items: stretch; padding-left: 0px; padding-right: 0px; z-index: 1; position: relative; width: 0px; -webkit-box-flex: 0 !important; flex-grow: 0 !important;\"><div class=\"spacer\" style=\"width: 0px;\"></div></div><svg alt=\"\" class=\"wave-placement-top \" height=\"354px\" preserveAspectRatio=\"none\" role=\"presentation\" version=\"1.1\" viewBox=\"0 0 1440 354\" width=\"1440px\" xmlns=\"http://www.w3.org/2000/svg\"><g id=\"Sandbox\" stroke=\"none\" stroke-width=\"1\" fill=\"none\" fill-rule=\"evenodd\"><path d=\"M0,351.933506 C116,262.863915 341.333333,211.08769 676,196.604829 C1010.66667,182.121969 1265.33333,116.587026 1440,0 L1440,354 L0,353.994109 L0,351.933506 Z\" id=\"Wave\" fill=\"#fff\"></path></g></svg></div></div><div class=\"bg-no-repeat border-color-squid-ink     padding-left-xxlarge padding-right-xxlarge padding-top-zero padding-bottom-base border-left-zero border-right-zero border-top-zero border-bottom-zero flex-container flex-align-items-stretch flex-align-content-flex-start flex-full-width amsg-2018 fonts-loaded border-color-squid-ink design-Sell\" id=\"\" style=\"border: 0px solid rgb(35, 47, 62); background-repeat: no-repeat; display: flex; -webkit-box-orient: horizontal; -webkit-box-direction: normal; flex-flow: row wrap; -webkit-box-pack: start; place-content: flex-start; line-height: normal; padding-left: 80px; padding-bottom: 40px; padding-right: 80px; -webkit-box-align: stretch; align-items: stretch; -webkit-box-flex: 0; flex: 0 0 auto; width: 1247.33px; color: rgb(15, 17, 17); font-family: &quot;Amazon Ember&quot;, Arial, sans-serif; font-size: 14px; background-image: url(&quot;https://m.media-amazon.com/images/G/01/sell/images/colors/blue-50.svg&quot;); background-size: cover; background-position: center center;\"><div class=\"has-max-width\" style=\"max-width: 1200px; display: flex; -webkit-box-orient: horizontal; -webkit-box-direction: normal; flex-flow: row wrap; -webkit-box-pack: start; place-content: flex-start; margin-left: auto; margin-right: auto; width: 1087.33px; -webkit-box-align: stretch; align-items: stretch;\"><div class=\"border-color-squid-ink     padding-left-zero padding-right-zero padding-top-zero padding-bottom-base border-left-zero border-right-zero border-top-zero border-bottom-zero flex-container flex-align-items-stretch flex-align-content-flex-start flex-full-width amsg-2018 fonts-loaded border-color-squid-ink design-Sell\" id=\"\" style=\"border: 0px solid rgb(35, 47, 62); display: flex; -webkit-box-orient: horizontal; -webkit-box-direction: normal; flex-flow: row wrap; -webkit-box-pack: start; place-content: flex-start; line-height: normal; padding-bottom: 40px; -webkit-box-align: stretch; align-items: stretch; -webkit-box-flex: 0; flex: 0 0 auto; width: 1087.33px; padding-left: 0px; padding-right: 0px;\"><div class=\"spacer\" style=\"width: 1087.33px;\"></div></div><div class=\"border-color-squid-ink     padding-left-zero padding-right-zero padding-top-zero padding-bottom-zero border-left-zero border-right-zero border-top-zero border-bottom-zero flex-container flex-align-items-stretch flex-align-content-flex-start flex-full-width amsg-2018 fonts-loaded border-color-squid-ink design-Sell\" id=\"\" style=\"border: 0px solid rgb(35, 47, 62); display: flex; -webkit-box-orient: horizontal; -webkit-box-direction: normal; flex-flow: row wrap; -webkit-box-pack: start; place-content: flex-start; line-height: normal; -webkit-box-align: stretch; align-items: stretch; -webkit-box-flex: 0; flex: 0 0 auto; width: 1087.33px; padding-left: 0px; padding-right: 0px;\"><h3 class=\"heading align-center font-size-xlarge color-squid-ink ember font-heavy\" style=\"padding: 0px; margin-right: 0px; margin-bottom: 0px; margin-left: 0px; text-rendering: optimizelegibility; font-weight: 900; line-height: 58px; text-align: center; font-family: AEmb, Helvetica, Arial, sans-serif; -webkit-box-flex: 1; flex-grow: 1; color: rgb(35, 47, 62); width: 1087.33px; font-size: 48px !important;\">Introduction to ecommerce selling</h3></div><div class=\"border-color-squid-ink     padding-left-zero padding-right-zero padding-top-base padding-bottom-zero border-left-zero border-right-zero border-top-zero border-bottom-zero flex-container flex-align-items-stretch flex-align-content-flex-start flex-full-width amsg-2018 fonts-loaded border-color-squid-ink design-Sell is-nowrap snippet-tile-anchor\" id=\"\" style=\"border: 0px solid rgb(35, 47, 62); display: flex; -webkit-box-orient: horizontal; -webkit-box-direction: normal; flex-flow: row nowrap; -webkit-box-pack: start; place-content: flex-start; line-height: normal; padding-top: 40px; -webkit-box-align: stretch; align-items: stretch; -webkit-box-flex: 0; flex: 0 0 auto; width: 1087.33px; padding-left: 0px; padding-right: 0px;\"><div class=\"has-max-width\" style=\"max-width: 1200px; display: flex; -webkit-box-orient: horizontal; -webkit-box-direction: normal; flex-flow: row nowrap; -webkit-box-pack: start; place-content: flex-start; margin-left: auto; margin-right: auto; width: 1087.33px; -webkit-box-align: stretch; align-items: stretch;\"><div class=\"tile-wrap background-color-white border-color-snow border-radius-16px    padding-left-base padding-right-base padding-top-base padding-bottom-base border-left-1px border-right-1px border-top-1px border-bottom-1px flex-container flex-align-items-stretch flex-align-content-flex-start amsg-2018 fonts-loaded border-color-snow design-Sell\" id=\"\" style=\"border: 1px solid rgb(234, 237, 237); display: flex; -webkit-box-orient: vertical; -webkit-box-direction: normal; flex-flow: column wrap; -webkit-box-pack: start; place-content: flex-start; line-height: normal; padding: 40px; border-radius: 8px; -webkit-box-align: stretch; align-items: stretch; box-shadow: rgba(0, 0, 0, 0.1) 0px 0px 32px; margin-bottom: 40px; margin-right: 24px; width: 346.448px;\"><div class=\"border-color-squid-ink     padding-left-zero padding-right-zero padding-top-zero padding-bottom-small border-left-zero border-right-zero border-top-zero border-bottom-zero flex-container flex-align-items-stretch flex-align-content-flex-start flex-full-width amsg-2018 fonts-loaded border-color-squid-ink design-Sell\" id=\"\" style=\"border: 0px solid rgb(35, 47, 62); display: flex; -webkit-box-orient: horizontal; -webkit-box-direction: normal; flex-flow: row wrap; -webkit-box-pack: start; place-content: flex-start; line-height: normal; padding-bottom: 24px; -webkit-box-align: stretch; align-items: stretch; -webkit-box-flex: 0; flex: 0 0 auto; width: 264.448px; padding-left: 0px; padding-right: 0px;\"><div class=\" image image-size-custom align-start  \" style=\"-webkit-box-flex: 1; flex-grow: 1; width: 264.448px;\"><img src=\"https://m.media-amazon.com/images/G/01/sp-marketing-toolkit/guides/design/iconography/Mobile_App.svg\" alt=\"phone icon with shopping cart\" title=\"\" style=\"max-width: none; border: 0px; vertical-align: top; width: auto; height: 64px; max-height: none;\"></div></div><div class=\"border-color-squid-ink     padding-left-zero padding-right-zero padding-top-zero padding-bottom-mini border-left-zero border-right-zero border-top-zero border-bottom-zero flex-container flex-align-items-stretch flex-align-content-flex-start flex-full-width amsg-2018 fonts-loaded border-color-squid-ink design-Sell\" id=\"\" style=\"border: 0px solid rgb(35, 47, 62); display: flex; -webkit-box-orient: horizontal; -webkit-box-direction: normal; flex-flow: row wrap; -webkit-box-pack: start; place-content: flex-start; line-height: normal; padding-bottom: 12px; -webkit-box-align: stretch; align-items: stretch; -webkit-box-flex: 0; flex: 0 0 auto; width: 264.448px; padding-left: 0px; padding-right: 0px;\"><h4 class=\"heading align-start font-size-large color-squid-ink ember font-heavy\" style=\"padding: 0px; margin-right: 0px; margin-bottom: 0px; margin-left: 0px; text-rendering: optimizelegibility; font-weight: 900; line-height: 38px; font-family: AEmb, Helvetica, Arial, sans-serif; -webkit-box-flex: 1; flex-grow: 1; color: rgb(35, 47, 62); width: 264.448px; font-size: 32px !important;\">What is ecommerce?</h4></div><div class=\"push-content border-color-squid-ink     padding-left-zero padding-right-zero padding-top-zero padding-bottom-small border-left-zero border-right-zero border-top-zero border-bottom-zero flex-container flex-align-items-stretch flex-align-content-flex-start flex-full-width amsg-2018 fonts-loaded border-color-squid-ink design-Sell\" id=\"\" style=\"border: 0px solid rgb(35, 47, 62); display: flex; -webkit-box-orient: horizontal; -webkit-box-direction: normal; flex-flow: row wrap; -webkit-box-pack: start; place-content: flex-start; line-height: normal; padding-bottom: 24px; -webkit-box-align: stretch; align-items: stretch; -webkit-box-flex: 1; flex: 1 0 auto; width: 264.448px; padding-left: 0px; padding-right: 0px;\"><div class=\"text align-start color-storm font-size-medium ember font-normal\" style=\"color: rgb(108, 119, 120); font-family: AEmb, Helvetica, Arial, sans-serif; -webkit-box-flex: 1; flex-grow: 1; line-height: 24px; width: 264.448px; font-size: 16px !important;\">Electronic commerce (ecommerce) is the trading of goods and services on the internet. Learn about the advantages and disadvantages of this selling channel.</div></div><div class=\"border-color-squid-ink     padding-left-zero padding-right-zero padding-top-zero padding-bottom-zero border-left-zero border-right-zero border-top-zero border-bottom-zero flex-container flex-align-items-stretch flex-align-content-flex-start flex-full-width amsg-2018 fonts-loaded border-color-squid-ink design-Sell\" id=\"\" style=\"border: 0px solid rgb(35, 47, 62); display: flex; -webkit-box-orient: horizontal; -webkit-box-direction: normal; flex-flow: row wrap; -webkit-box-pack: start; place-content: flex-start; line-height: normal; -webkit-box-align: stretch; align-items: stretch; -webkit-box-flex: 0; flex: 0 0 auto; width: 264.448px; padding-left: 0px; padding-right: 0px;\"><div class=\"align-start\" style=\"-webkit-box-flex: 1; flex-grow: 1; width: 264.448px;\"><a href=\"https://sell.amazon.com/learn/what-is-ecommerce?ref_=azus_soa_sd_ecom_card&amp;initialSessionID=132-8725675-1008520&amp;ld=AZUSSOA-sell\" class=\"link  link-type-external-dark\" style=\"color: rgb(35, 47, 62); cursor: pointer; font-variant-numeric: normal; font-variant-east-asian: normal; font-weight: 700; font-stretch: normal; font-size: 16px; line-height: 24px; font-family: AEmb, Helvetica, Arial, sans-serif;\">Intro to ecommerce</a></div></div></div><div class=\"tile-wrap background-color-white border-color-snow border-radius-16px    padding-left-base padding-right-base padding-top-base padding-bottom-base border-left-1px border-right-1px border-top-1px border-bottom-1px flex-container flex-align-items-stretch flex-align-content-flex-start amsg-2018 fonts-loaded border-color-snow design-Sell\" id=\"\" style=\"border: 1px solid rgb(234, 237, 237); display: flex; -webkit-box-orient: vertical; -webkit-box-direction: normal; flex-flow: column wrap; -webkit-box-pack: start; place-content: flex-start; line-height: normal; padding: 40px; border-radius: 8px; -webkit-box-align: stretch; align-items: stretch; box-shadow: rgba(0, 0, 0, 0.1) 0px 0px 32px; margin-bottom: 40px; margin-right: 24px; width: 346.448px;\"><div class=\"border-color-squid-ink     padding-left-zero padding-right-zero padding-top-zero padding-bottom-small border-left-zero border-right-zero border-top-zero border-bottom-zero flex-container flex-align-items-stretch flex-align-content-flex-start flex-full-width amsg-2018 fonts-loaded border-color-squid-ink design-Sell\" id=\"\" style=\"border: 0px solid rgb(35, 47, 62); display: flex; -webkit-box-orient: horizontal; -webkit-box-direction: normal; flex-flow: row wrap; -webkit-box-pack: start; place-content: flex-start; line-height: normal; padding-bottom: 24px; -webkit-box-align: stretch; align-items: stretch; -webkit-box-flex: 0; flex: 0 0 auto; width: 264.448px; padding-left: 0px; padding-right: 0px;\"><div class=\" image image-size-custom align-start  \" style=\"-webkit-box-flex: 1; flex-grow: 1; width: 264.448px;\"><img src=\"https://m.media-amazon.com/images/G/01/sp-marketing-toolkit/guides/design/iconography/Line_Chart.svg\" alt=\"graph icon with upward trend\" title=\"\" style=\"max-width: none; border: 0px; vertical-align: top; width: auto; height: 64px; max-height: none;\"></div></div><div class=\"border-color-squid-ink     padding-left-zero padding-right-zero padding-top-zero padding-bottom-mini border-left-zero border-right-zero border-top-zero border-bottom-zero flex-container flex-align-items-stretch flex-align-content-flex-start flex-full-width amsg-2018 fonts-loaded border-color-squid-ink design-Sell\" id=\"\" style=\"border: 0px solid rgb(35, 47, 62); display: flex; -webkit-box-orient: horizontal; -webkit-box-direction: normal; flex-flow: row wrap; -webkit-box-pack: start; place-content: flex-start; line-height: normal; padding-bottom: 12px; -webkit-box-align: stretch; align-items: stretch; -webkit-box-flex: 0; flex: 0 0 auto; width: 264.448px; padding-left: 0px; padding-right: 0px;\"><h4 class=\"heading align-start font-size-large color-squid-ink ember font-heavy\" style=\"padding: 0px; margin-right: 0px; margin-bottom: 0px; margin-left: 0px; text-rendering: optimizelegibility; font-weight: 900; line-height: 38px; font-family: AEmb, Helvetica, Arial, sans-serif; -webkit-box-flex: 1; flex-grow: 1; color: rgb(35, 47, 62); width: 264.448px; font-size: 32px !important;\">Build a business</h4></div><div class=\"push-content border-color-squid-ink     padding-left-zero padding-right-zero padding-top-zero padding-bottom-small border-left-zero border-right-zero border-top-zero border-bottom-zero flex-container flex-align-items-stretch flex-align-content-flex-start flex-full-width amsg-2018 fonts-loaded border-color-squid-ink design-Sell\" id=\"\" style=\"border: 0px solid rgb(35, 47, 62); display: flex; -webkit-box-orient: horizontal; -webkit-box-direction: normal; flex-flow: row wrap; -webkit-box-pack: start; place-content: flex-start; line-height: normal; padding-bottom: 24px; -webkit-box-align: stretch; align-items: stretch; -webkit-box-flex: 1; flex: 1 0 auto; width: 264.448px; padding-left: 0px; padding-right: 0px;\"><div class=\"text align-start color-storm font-size-medium ember font-normal\" style=\"color: rgb(108, 119, 120); font-family: AEmb, Helvetica, Arial, sans-serif; -webkit-box-flex: 1; flex-grow: 1; line-height: 24px; width: 264.448px; font-size: 16px !important;\">For entrepreneurs and growing businesses, ecommerce can be a profitable model to adapt either as the sole focus of your business, or as an additional selling channel.</div></div><div class=\"border-color-squid-ink     padding-left-zero padding-right-zero padding-top-zero padding-bottom-zero border-left-zero border-right-zero border-top-zero border-bottom-zero flex-container flex-align-items-stretch flex-align-content-flex-start flex-full-width amsg-2018 fonts-loaded border-color-squid-ink design-Sell\" id=\"\" style=\"border: 0px solid rgb(35, 47, 62); display: flex; -webkit-box-orient: horizontal; -webkit-box-direction: normal; flex-flow: row wrap; -webkit-box-pack: start; place-content: flex-start; line-height: normal; -webkit-box-align: stretch; align-items: stretch; -webkit-box-flex: 0; flex: 0 0 auto; width: 264.448px; padding-left: 0px; padding-right: 0px;\"><div class=\"align-start\" style=\"-webkit-box-flex: 1; flex-grow: 1; width: 264.448px;\"><a href=\"https://sell.amazon.com/ecommerce-business-guide?ref_=azus_soa_sd_ebiz_card&amp;initialSessionID=132-8725675-1008520&amp;ld=AZUSSOA-sell\" class=\"link  link-type-external-dark\" style=\"color: rgb(35, 47, 62); cursor: pointer; font-variant-numeric: normal; font-variant-east-asian: normal; font-weight: 700; font-stretch: normal; font-size: 16px; line-height: 24px; font-family: AEmb, Helvetica, Arial, sans-serif;\">Ecommerce business guide</a></div></div></div><div class=\"tile-wrap background-color-white border-color-snow border-radius-16px    padding-left-base padding-right-base padding-top-base padding-bottom-base border-left-1px border-right-1px border-top-1px border-bottom-1px flex-container flex-align-items-stretch flex-align-content-flex-start amsg-2018 fonts-loaded border-color-snow design-Sell\" id=\"\" style=\"border: 1px solid rgb(234, 237, 237); display: flex; -webkit-box-orient: vertical; -webkit-box-direction: normal; flex-flow: column wrap; -webkit-box-pack: start; place-content: flex-start; line-height: normal; padding: 40px; border-radius: 8px; -webkit-box-align: stretch; align-items: stretch; box-shadow: rgba(0, 0, 0, 0.1) 0px 0px 32px; margin-bottom: 40px; margin-right: 0px; width: 346.448px;\"><div class=\"border-color-squid-ink     padding-left-zero padding-right-zero padding-top-zero padding-bottom-small border-left-zero border-right-zero border-top-zero border-bottom-zero flex-container flex-align-items-stretch flex-align-content-flex-start flex-full-width amsg-2018 fonts-loaded border-color-squid-ink design-Sell\" id=\"\" style=\"border: 0px solid rgb(35, 47, 62); display: flex; -webkit-box-orient: horizontal; -webkit-box-direction: normal; flex-flow: row wrap; -webkit-box-pack: start; place-content: flex-start; line-height: normal; padding-bottom: 24px; -webkit-box-align: stretch; align-items: stretch; -webkit-box-flex: 0; flex: 0 0 auto; width: 264.448px; padding-left: 0px; padding-right: 0px;\"><div class=\" image image-size-custom align-start  \" style=\"-webkit-box-flex: 1; flex-grow: 1; width: 264.448px;\"><img src=\"https://m.media-amazon.com/images/G/01/sp-marketing-toolkit/guides/design/iconography/Delivery_Truck.svg\" alt=\"delivery truck icon\" title=\"\" style=\"max-width: none; border: 0px; vertical-align: top; width: auto; height: 64px; max-height: none;\"></div></div><div class=\"border-color-squid-ink     padding-left-zero padding-right-zero padding-top-zero padding-bottom-zero border-left-zero border-right-zero border-top-zero border-bottom-zero flex-container flex-align-items-stretch flex-align-content-flex-start flex-full-width amsg-2018 fonts-loaded border-color-squid-ink design-Sell\" id=\"\" style=\"border: 0px solid rgb(35, 47, 62); display: flex; -webkit-box-orient: horizontal; -webkit-box-direction: normal; flex-flow: row wrap; -webkit-box-pack: start; place-content: flex-start; line-height: normal; -webkit-box-align: stretch; align-items: stretch; -webkit-box-flex: 0; flex: 0 0 auto; width: 264.448px; padding-left: 0px; padding-right: 0px;\"><h4 class=\"heading align-start font-size-large color-squid-ink ember font-heavy\" style=\"padding: 0px; margin-right: 0px; margin-bottom: 0px; margin-left: 0px; text-rendering: optimizelegibility; font-weight: 900; line-height: 38px; font-family: AEmb, Helvetica, Arial, sans-serif; -webkit-box-flex: 1; flex-grow: 1; color: rgb(35, 47, 62); width: 264.448px; font-size: 32px !important;\">Ecommerce fulfillment</h4></div><div class=\"push-content border-color-squid-ink     padding-left-zero padding-right-zero padding-top-zero padding-bottom-small border-left-zero border-right-zero border-top-zero border-bottom-zero flex-container flex-align-items-stretch flex-align-content-flex-start flex-full-width amsg-2018 fonts-loaded border-color-squid-ink design-Sell\" id=\"\" style=\"border: 0px solid rgb(35, 47, 62); display: flex; -webkit-box-orient: horizontal; -webkit-box-direction: normal; flex-flow: row wrap; -webkit-box-pack: start; place-content: flex-start; line-height: normal; padding-bottom: 24px; -webkit-box-align: stretch; align-items: stretch; -webkit-box-flex: 1; flex: 1 0 auto; width: 264.448px; padding-left: 0px; padding-right: 0px;\"><div class=\"text align-start color-storm font-size-medium ember font-normal\" style=\"color: rgb(108, 119, 120); font-family: AEmb, Helvetica, Arial, sans-serif; -webkit-box-flex: 1; flex-grow: 1; line-height: 24px; width: 264.448px; font-size: 16px !important;\">Ecommerce fulfillment is a vital ingredient to growing a successful online retail channel. Heres what to consider when looking for an order fulfillment service.</div></div><div class=\"border-color-squid-ink     padding-left-zero padding-right-zero padding-top-zero padding-bottom-zero border-left-zero border-right-zero border-top-zero border-bottom-zero flex-container flex-align-items-stretch flex-align-content-flex-start flex-full-width amsg-2018 fonts-loaded border-color-squid-ink design-Sell\" id=\"\" style=\"border: 0px solid rgb(35, 47, 62); display: flex; -webkit-box-orient: horizontal; -webkit-box-direction: normal; flex-flow: row wrap; -webkit-box-pack: start; place-content: flex-start; line-height: normal; -webkit-box-align: stretch; align-items: stretch; -webkit-box-flex: 0; flex: 0 0 auto; width: 264.448px; padding-left: 0px; padding-right: 0px;\"><div class=\"align-start\" style=\"-webkit-box-flex: 1; flex-grow: 1; width: 264.448px;\"><a href=\"https://sell.amazon.com/learn/ecommerce-fulfillment?ref_=azus_soa_sd_efill_card&amp;initialSessionID=132-8725675-1008520&amp;ld=AZUSSOA-sell\" class=\"link  link-type-external-dark\" style=\"color: rgb(35, 47, 62); cursor: pointer; font-variant-numeric: normal; font-variant-east-asian: normal; font-weight: 700; font-stretch: normal; font-size: 16px; line-height: 24px; font-family: AEmb, Helvetica, Arial, sans-serif;\">Learn about fulfillment</a></div></div></div></div></div><div class=\"border-color-squid-ink     padding-left-zero padding-right-zero padding-top-zero padding-bottom-zero border-left-zero border-right-zero border-top-zero border-bottom-zero flex-container flex-align-items-stretch flex-align-content-flex-start flex-full-width amsg-2018 fonts-loaded border-color-squid-ink design-Sell is-nowrap snippet-tile-anchor\" id=\"\" style=\"border: 0px solid rgb(35, 47, 62); display: flex; -webkit-box-orient: horizontal; -webkit-box-direction: normal; flex-flow: row nowrap; -webkit-box-pack: start; place-content: flex-start; line-height: normal; -webkit-box-align: stretch; align-items: stretch; -webkit-box-flex: 0; flex: 0 0 auto; width: 1087.33px; padding-left: 0px; padding-right: 0px;\"><div class=\"has-max-width\" style=\"max-width: 1200px; display: flex; -webkit-box-orient: horizontal; -webkit-box-direction: normal; flex-flow: row nowrap; -webkit-box-pack: start; place-content: flex-start; margin-left: auto; margin-right: auto; width: 1087.33px; -webkit-box-align: stretch; align-items: stretch;\"><div class=\"tile-wrap background-color-white border-color-snow border-radius-16px    padding-left-base padding-right-base padding-top-base padding-bottom-base border-left-1px border-right-1px border-top-1px border-bottom-1px flex-container flex-align-items-stretch flex-align-content-flex-start amsg-2018 fonts-loaded border-color-snow design-Sell\" id=\"\" style=\"border: 1px solid rgb(234, 237, 237); display: flex; -webkit-box-orient: vertical; -webkit-box-direction: normal; flex-flow: column wrap; -webkit-box-pack: start; place-content: flex-start; line-height: normal; padding: 40px; border-radius: 8px; -webkit-box-align: stretch; align-items: stretch; box-shadow: rgba(0, 0, 0, 0.1) 0px 0px 32px; margin-bottom: 40px; margin-right: 24px; width: 346.448px;\"><div class=\"border-color-squid-ink     padding-left-zero padding-right-zero padding-top-zero padding-bottom-small border-left-zero border-right-zero border-top-zero border-bottom-zero flex-container flex-align-items-stretch flex-align-content-flex-start flex-full-width amsg-2018 fonts-loaded border-color-squid-ink design-Sell\" id=\"\" style=\"border: 0px solid rgb(35, 47, 62); display: flex; -webkit-box-orient: horizontal; -webkit-box-direction: normal; flex-flow: row wrap; -webkit-box-pack: start; place-content: flex-start; line-height: normal; padding-bottom: 24px; -webkit-box-align: stretch; align-items: stretch; -webkit-box-flex: 0; flex: 0 0 auto; width: 264.448px; padding-left: 0px; padding-right: 0px;\"><div class=\" image image-size-custom align-start  \" style=\"-webkit-box-flex: 1; flex-grow: 1; width: 264.448px;\"><img src=\"https://m.media-amazon.com/images/G/01/sp-marketing-toolkit/guides/design/iconography/Products_In_Boxes.svg\" alt=\"stack of four boxes icon\" title=\"\" style=\"max-width: none; border: 0px; vertical-align: top; width: auto; height: 64px; max-height: none;\"></div></div><div class=\"border-color-squid-ink     padding-left-zero padding-right-zero padding-top-zero padding-bottom-mini border-left-zero border-right-zero border-top-zero border-bottom-zero flex-container flex-align-items-stretch flex-align-content-flex-start flex-full-width amsg-2018 fonts-loaded border-color-squid-ink design-Sell\" id=\"\" style=\"border: 0px solid rgb(35, 47, 62); display: flex; -webkit-box-orient: horizontal; -webkit-box-direction: normal; flex-flow: row wrap; -webkit-box-pack: start; place-content: flex-start; line-height: normal; padding-bottom: 12px; -webkit-box-align: stretch; align-items: stretch; -webkit-box-flex: 0; flex: 0 0 auto; width: 264.448px; padding-left: 0px; padding-right: 0px;\"><h4 class=\"heading align-start font-size-large color-squid-ink ember font-heavy\" style=\"padding: 0px; margin-right: 0px; margin-bottom: 0px; margin-left: 0px; text-rendering: optimizelegibility; font-weight: 900; line-height: 38px; font-family: AEmb, Helvetica, Arial, sans-serif; -webkit-box-flex: 1; flex-grow: 1; color: rgb(35, 47, 62); width: 264.448px; font-size: 32px !important;\">Inventory management</h4></div><div class=\"push-content border-color-squid-ink     padding-left-zero padding-right-zero padding-top-zero padding-bottom-small border-left-zero border-right-zero border-top-zero border-bottom-zero flex-container flex-align-items-stretch flex-align-content-flex-start flex-full-width amsg-2018 fonts-loaded border-color-squid-ink design-Sell\" id=\"\" style=\"border: 0px solid rgb(35, 47, 62); display: flex; -webkit-box-orient: horizontal; -webkit-box-direction: normal; flex-flow: row wrap; -webkit-box-pack: start; place-content: flex-start; line-height: normal; padding-bottom: 24px; -webkit-box-align: stretch; align-items: stretch; -webkit-box-flex: 1; flex: 1 0 auto; width: 264.448px; padding-left: 0px; padding-right: 0px;\"><div class=\"text align-start color-storm font-size-medium ember font-normal\" style=\"color: rgb(108, 119, 120); font-family: AEmb, Helvetica, Arial, sans-serif; -webkit-box-flex: 1; flex-grow: 1; line-height: 24px; width: 264.448px; font-size: 16px !important;\">Maintaining the right amount of inventory to meet demand can help keep your business humming. Get effective inventory management tips for ecommerce business owners.</div></div><div class=\"border-color-squid-ink     padding-left-zero padding-right-zero padding-top-zero padding-bottom-zero border-left-zero border-right-zero border-top-zero border-bottom-zero flex-container flex-align-items-stretch flex-align-content-flex-start flex-full-width amsg-2018 fonts-loaded border-color-squid-ink design-Sell\" id=\"\" style=\"border: 0px solid rgb(35, 47, 62); display: flex; -webkit-box-orient: horizontal; -webkit-box-direction: normal; flex-flow: row wrap; -webkit-box-pack: start; place-content: flex-start; line-height: normal; -webkit-box-align: stretch; align-items: stretch; -webkit-box-flex: 0; flex: 0 0 auto; width: 264.448px; padding-left: 0px; padding-right: 0px;\"><div class=\"align-start\" style=\"-webkit-box-flex: 1; flex-grow: 1; width: 264.448px;\"><a href=\"https://sell.amazon.com/learn/inventory-management?ref_=azus_soa_sd_invent_card&amp;initialSessionID=132-8725675-1008520&amp;ld=AZUSSOA-sell\" class=\"link  link-type-external-dark\" style=\"color: rgb(35, 47, 62); cursor: pointer; font-variant-numeric: normal; font-variant-east-asian: normal; font-weight: 700; font-stretch: normal; font-size: 16px; line-height: 24px; font-family: AEmb, Helvetica, Arial, sans-serif;\">Intro to inventory</a></div></div></div><div class=\"tile-wrap background-color-white border-color-snow border-radius-16px    padding-left-base padding-right-base padding-top-base padding-bottom-base border-left-1px border-right-1px border-top-1px border-bottom-1px flex-container flex-align-items-stretch flex-align-content-flex-start amsg-2018 fonts-loaded border-color-snow design-Sell\" id=\"\" style=\"border: 1px solid rgb(234, 237, 237); display: flex; -webkit-box-orient: vertical; -webkit-box-direction: normal; flex-flow: column wrap; -webkit-box-pack: start; place-content: flex-start; line-height: normal; padding: 40px; border-radius: 8px; -webkit-box-align: stretch; align-items: stretch; box-shadow: rgba(0, 0, 0, 0.1) 0px 0px 32px; margin-bottom: 40px; margin-right: 24px; width: 346.448px;\"><div class=\"border-color-squid-ink     padding-left-zero padding-right-zero padding-top-zero padding-bottom-small border-left-zero border-right-zero border-top-zero border-bottom-zero flex-container flex-align-items-stretch flex-align-content-flex-start flex-full-width amsg-2018 fonts-loaded border-color-squid-ink design-Sell\" id=\"\" style=\"border: 0px solid rgb(35, 47, 62); display: flex; -webkit-box-orient: horizontal; -webkit-box-direction: normal; flex-flow: row wrap; -webkit-box-pack: start; place-content: flex-start; line-height: normal; padding-bottom: 24px; -webkit-box-align: stretch; align-items: stretch; -webkit-box-flex: 0; flex: 0 0 auto; width: 264.448px; padding-left: 0px; padding-right: 0px;\"><div class=\" image image-size-custom align-start  \" style=\"-webkit-box-flex: 1; flex-grow: 1; width: 264.448px;\"><img src=\"https://m.media-amazon.com/images/G/01/sp-marketing-toolkit/guides/design/iconography/Checklist.svg\" alt=\"checklist icon\" title=\"\" style=\"max-width: none; border: 0px; vertical-align: top; width: auto; height: 64px; max-height: none;\"></div></div><div class=\"border-color-squid-ink     padding-left-zero padding-right-zero padding-top-zero padding-bottom-mini border-left-zero border-right-zero border-top-zero border-bottom-zero flex-container flex-align-items-stretch flex-align-content-flex-start flex-full-width amsg-2018 fonts-loaded border-color-squid-ink design-Sell\" id=\"\" style=\"border: 0px solid rgb(35, 47, 62); display: flex; -webkit-box-orient: horizontal; -webkit-box-direction: normal; flex-flow: row wrap; -webkit-box-pack: start; place-content: flex-start; line-height: normal; padding-bottom: 12px; -webkit-box-align: stretch; align-items: stretch; -webkit-box-flex: 0; flex: 0 0 auto; width: 264.448px; padding-left: 0px; padding-right: 0px;\"><h4 class=\"heading align-start font-size-large color-squid-ink ember font-heavy\" style=\"padding: 0px; margin-right: 0px; margin-bottom: 0px; margin-left: 0px; text-rendering: optimizelegibility; font-weight: 900; line-height: 38px; font-family: AEmb, Helvetica, Arial, sans-serif; -webkit-box-flex: 1; flex-grow: 1; color: rgb(35, 47, 62); width: 264.448px; font-size: 32px !important;\">What is dropshipping?</h4></div><div class=\"push-content border-color-squid-ink     padding-left-zero padding-right-zero padding-top-zero padding-bottom-small border-left-zero border-right-zero border-top-zero border-bottom-zero flex-container flex-align-items-stretch flex-align-content-flex-start flex-full-width amsg-2018 fonts-loaded border-color-squid-ink design-Sell\" id=\"\" style=\"border: 0px solid rgb(35, 47, 62); display: flex; -webkit-box-orient: horizontal; -webkit-box-direction: normal; flex-flow: row wrap; -webkit-box-pack: start; place-content: flex-start; line-height: normal; padding-bottom: 24px; -webkit-box-align: stretch; align-items: stretch; -webkit-box-flex: 1; flex: 1 0 auto; width: 264.448px; padding-left: 0px; padding-right: 0px;\"><div class=\"text align-start color-storm font-size-medium ember font-normal\" style=\"color: rgb(108, 119, 120); font-family: AEmb, Helvetica, Arial, sans-serif; -webkit-box-flex: 1; flex-grow: 1; line-height: 24px; width: 264.448px; font-size: 16px !important;\">This guide covers the definition of dropshipping, how it works, pros and cons, related Amazon policies, and alternatives to consider for ecommerce businesses.</div></div><div class=\"border-color-squid-ink     padding-left-zero padding-right-zero padding-top-zero padding-bottom-zero border-left-zero border-right-zero border-top-zero border-bottom-zero flex-container flex-align-items-stretch flex-align-content-flex-start flex-full-width amsg-2018 fonts-loaded border-color-squid-ink design-Sell\" id=\"\" style=\"border: 0px solid rgb(35, 47, 62); display: flex; -webkit-box-orient: horizontal; -webkit-box-direction: normal; flex-flow: row wrap; -webkit-box-pack: start; place-content: flex-start; line-height: normal; -webkit-box-align: stretch; align-items: stretch; -webkit-box-flex: 0; flex: 0 0 auto; width: 264.448px; padding-left: 0px; padding-right: 0px;\"><div class=\"align-start\" style=\"-webkit-box-flex: 1; flex-grow: 1; width: 264.448px;\"><a href=\"https://sell.amazon.com/learn/what-is-dropshipping?ref_=azus_soa_sd_drop_card&amp;initialSessionID=132-8725675-1008520&amp;ld=AZUSSOA-sell\" class=\"link  link-type-external-dark\" style=\"color: rgb(35, 47, 62); cursor: pointer; font-variant-numeric: normal; font-variant-east-asian: normal; font-weight: 700; font-stretch: normal; font-size: 16px; line-height: 24px; font-family: AEmb, Helvetica, Arial, sans-serif;\">Learn about dropshipping</a></div></div></div><div class=\"tile-wrap background-color-white border-color-snow border-radius-16px    padding-left-base padding-right-base padding-top-base padding-bottom-base border-left-1px border-right-1px border-top-1px border-bottom-1px flex-container flex-align-items-stretch flex-align-content-flex-start amsg-2018 fonts-loaded border-color-snow design-Sell\" id=\"\" style=\"border: 1px solid rgb(234, 237, 237); display: flex; -webkit-box-orient: vertical; -webkit-box-direction: normal; flex-flow: column wrap; -webkit-box-pack: start; place-content: flex-start; line-height: normal; padding: 40px; border-radius: 8px; -webkit-box-align: stretch; align-items: stretch; box-shadow: rgba(0, 0, 0, 0.1) 0px 0px 32px; margin-bottom: 40px; margin-right: 0px; width: 346.448px;\"><div class=\"border-color-squid-ink     padding-left-zero padding-right-zero padding-top-zero padding-bottom-small border-left-zero border-right-zero border-top-zero border-bottom-zero flex-container flex-align-items-stretch flex-align-content-flex-start flex-full-width amsg-2018 fonts-loaded border-color-squid-ink design-Sell\" id=\"\" style=\"border: 0px solid rgb(35, 47, 62); display: flex; -webkit-box-orient: horizontal; -webkit-box-direction: normal; flex-flow: row wrap; -webkit-box-pack: start; place-content: flex-start; line-height: normal; padding-bottom: 24px; -webkit-box-align: stretch; align-items: stretch; -webkit-box-flex: 0; flex: 0 0 auto; width: 264.448px; padding-left: 0px; padding-right: 0px;\"><div class=\" image image-size-custom align-start  \" style=\"-webkit-box-flex: 1; flex-grow: 1; width: 264.448px;\"><img src=\"https://m.media-amazon.com/images/G/01/sp-marketing-toolkit/guides/design/iconography/Stores.svg\" alt=\"computer icon with Amazon Smile logo\" title=\"\" style=\"max-width: none; border: 0px; vertical-align: top; width: auto; height: 64px; max-height: none;\"></div></div><div class=\"border-color-squid-ink     padding-left-zero padding-right-zero padding-top-zero padding-bottom-mini border-left-zero border-right-zero border-top-zero border-bottom-zero flex-container flex-align-items-stretch flex-align-content-flex-start flex-full-width amsg-2018 fonts-loaded border-color-squid-ink design-Sell\" id=\"\" style=\"border: 0px solid rgb(35, 47, 62); display: flex; -webkit-box-orient: horizontal; -webkit-box-direction: normal; flex-flow: row wrap; -webkit-box-pack: start; place-content: flex-start; line-height: normal; padding-bottom: 12px; -webkit-box-align: stretch; align-items: stretch; -webkit-box-flex: 0; flex: 0 0 auto; width: 264.448px; padding-left: 0px; padding-right: 0px;\"><h4 class=\"heading align-start font-size-large color-squid-ink ember font-heavy\" style=\"padding: 0px; margin-right: 0px; margin-bottom: 0px; margin-left: 0px; text-rendering: optimizelegibility; font-weight: 900; line-height: 38px; font-family: AEmb, Helvetica, Arial, sans-serif; -webkit-box-flex: 1; flex-grow: 1; color: rgb(35, 47, 62); width: 264.448px; font-size: 32px !important;\">Create an Amazon storefront</h4></div><div class=\"push-content border-color-squid-ink     padding-left-zero padding-right-zero padding-top-zero padding-bottom-small border-left-zero border-right-zero border-top-zero border-bottom-zero flex-container flex-align-items-stretch flex-align-content-flex-start flex-full-width amsg-2018 fonts-loaded border-color-squid-ink design-Sell\" id=\"\" style=\"border: 0px solid rgb(35, 47, 62); display: flex; -webkit-box-orient: horizontal; -webkit-box-direction: normal; flex-flow: row wrap; -webkit-box-pack: start; place-content: flex-start; line-height: normal; padding-bottom: 24px; -webkit-box-align: stretch; align-items: stretch; -webkit-box-flex: 1; flex: 1 0 auto; width: 264.448px; padding-left: 0px; padding-right: 0px;\"><div class=\"text align-start color-storm font-size-medium ember font-normal\" style=\"color: rgb(108, 119, 120); font-family: AEmb, Helvetica, Arial, sans-serif; -webkit-box-flex: 1; flex-grow: 1; line-height: 24px; width: 264.448px; font-size: 16px !important;\">Learn how to tell your brand story using Amazon tools. Build immersivei storefronts and customize product detail pages with rich media and content.</div></div><div class=\"border-color-squid-ink     padding-left-zero padding-right-zero padding-top-zero padding-bottom-zero border-left-zero border-right-zero border-top-zero border-bottom-zero flex-container flex-align-items-stretch flex-align-content-flex-start flex-full-width amsg-2018 fonts-loaded border-color-squid-ink design-Sell\" id=\"\" style=\"border: 0px solid rgb(35, 47, 62); display: flex; -webkit-box-orient: horizontal; -webkit-box-direction: normal; flex-flow: row wrap; -webkit-box-pack: start; place-content: flex-start; line-height: normal; -webkit-box-align: stretch; align-items: stretch; -webkit-box-flex: 0; flex: 0 0 auto; width: 264.448px; padding-left: 0px; padding-right: 0px;\"><div class=\"align-start\" style=\"-webkit-box-flex: 1; flex-grow: 1; width: 264.448px;\"><a href=\"https://sell.amazon.com/build-an-online-store?ref_=azus_soa_sd_build_card&amp;initialSessionID=132-8725675-1008520&amp;ld=AZUSSOA-sell\" class=\"link  link-type-external-dark\" style=\"color: rgb(35, 47, 62); cursor: pointer; font-variant-numeric: normal; font-variant-east-asian: normal; font-weight: 700; font-stretch: normal; font-size: 16px; line-height: 24px; font-family: AEmb, Helvetica, Arial, sans-serif;\">Build an online store</a></div></div></div></div></div><div class=\"border-color-squid-ink     padding-left-zero padding-right-zero padding-top-zero padding-bottom-zero border-left-zero border-right-zero border-top-zero border-bottom-zero flex-container flex-align-items-stretch flex-align-content-flex-start flex-full-width amsg-2018 fonts-loaded border-color-squid-ink design-Sell is-nowrap snippet-tile-anchor\" id=\"\" style=\"border: 0px solid rgb(35, 47, 62); display: flex; -webkit-box-orient: horizontal; -webkit-box-direction: normal; flex-flow: row nowrap; -webkit-box-pack: start; place-content: flex-start; line-height: normal; -webkit-box-align: stretch; align-items: stretch; -webkit-box-flex: 0; flex: 0 0 auto; width: 1087.33px; padding-left: 0px; padding-right: 0px;\"><div class=\"has-max-width\" style=\"max-width: 1200px; display: flex; -webkit-box-orient: horizontal; -webkit-box-direction: normal; flex-flow: row nowrap; -webkit-box-pack: start; place-content: flex-start; margin-left: auto; margin-right: auto; width: 1087.33px; -webkit-box-align: stretch; align-items: stretch;\"><div class=\"tile-wrap background-color-white border-color-snow border-radius-16px    padding-left-base padding-right-base padding-top-base padding-bottom-base border-left-1px border-right-1px border-top-1px border-bottom-1px flex-container flex-align-items-stretch flex-align-content-flex-start amsg-2018 fonts-loaded border-color-snow design-Sell\" id=\"\" style=\"border: 1px solid rgb(234, 237, 237); display: flex; -webkit-box-orient: vertical; -webkit-box-direction: normal; flex-flow: column wrap; -webkit-box-pack: start; place-content: flex-start; line-height: normal; padding: 40px; border-radius: 8px; -webkit-box-align: stretch; align-items: stretch; box-shadow: rgba(0, 0, 0, 0.1) 0px 0px 32px; margin-bottom: 40px; margin-right: 24px; width: 346.448px;\"><div class=\"border-color-squid-ink     padding-left-zero padding-right-zero padding-top-zero padding-bottom-small border-left-zero border-right-zero border-top-zero border-bottom-zero flex-container flex-align-items-stretch flex-align-content-flex-start flex-full-width amsg-2018 fonts-loaded border-color-squid-ink design-Sell\" id=\"\" style=\"border: 0px solid rgb(35, 47, 62); display: flex; -webkit-box-orient: horizontal; -webkit-box-direction: normal; flex-flow: row wrap; -webkit-box-pack: start; place-content: flex-start; line-height: normal; padding-bottom: 24px; -webkit-box-align: stretch; align-items: stretch; -webkit-box-flex: 0; flex: 0 0 auto; width: 264.448px; padding-left: 0px; padding-right: 0px;\"><div class=\" image image-size-custom align-start  \" style=\"-webkit-box-flex: 1; flex-grow: 1; width: 264.448px;\"><img src=\"https://m.media-amazon.com/images/G/01/sp-marketing-toolkit/guides/design/iconography/Books.svg\" alt=\"three books icon\" title=\"\" style=\"max-width: none; border: 0px; vertical-align: top; width: auto; height: 64px; max-height: none;\"></div></div><div class=\"border-color-squid-ink     padding-left-zero padding-right-zero padding-top-zero padding-bottom-mini border-left-zero border-right-zero border-top-zero border-bottom-zero flex-container flex-align-items-stretch flex-align-content-flex-start flex-full-width amsg-2018 fonts-loaded border-color-squid-ink design-Sell\" id=\"\" style=\"border: 0px solid rgb(35, 47, 62); display: flex; -webkit-box-orient: horizontal; -webkit-box-direction: normal; flex-flow: row wrap; -webkit-box-pack: start; place-content: flex-start; line-height: normal; padding-bottom: 12px; -webkit-box-align: stretch; align-items: stretch; -webkit-box-flex: 0; flex: 0 0 auto; width: 264.448px; padding-left: 0px; padding-right: 0px;\"><h4 class=\"heading align-start font-size-large color-squid-ink ember font-heavy\" style=\"padding: 0px; margin-right: 0px; margin-bottom: 0px; margin-left: 0px; text-rendering: optimizelegibility; font-weight: 900; line-height: 38px; font-family: AEmb, Helvetica, Arial, sans-serif; -webkit-box-flex: 1; flex-grow: 1; color: rgb(35, 47, 62); width: 264.448px; font-size: 32px !important;\">Sell books on Amazon</h4></div><div class=\"push-content border-color-squid-ink     padding-left-zero padding-right-zero padding-top-zero padding-bottom-small border-left-zero border-right-zero border-top-zero border-bottom-zero flex-container flex-align-items-stretch flex-align-content-flex-start flex-full-width amsg-2018 fonts-loaded border-color-squid-ink design-Sell\" id=\"\" style=\"border: 0px solid rgb(35, 47, 62); display: flex; -webkit-box-orient: horizontal; -webkit-box-direction: normal; flex-flow: row wrap; -webkit-box-pack: start; place-content: flex-start; line-height: normal; padding-bottom: 24px; -webkit-box-align: stretch; align-items: stretch; -webkit-box-flex: 1; flex: 1 0 auto; width: 264.448px; padding-left: 0px; padding-right: 0px;\"><div class=\"text align-start color-storm font-size-medium ember font-normal\" style=\"color: rgb(108, 119, 120); font-family: AEmb, Helvetica, Arial, sans-serif; -webkit-box-flex: 1; flex-grow: 1; line-height: 24px; width: 264.448px; font-size: 16px !important;\">Learn how to sell used books, new books, or your own self-published books. We\'ve got the steps to help you get startedand seven tips to help you succeed.</div></div><div class=\"border-color-squid-ink     padding-left-zero padding-right-zero padding-top-zero padding-bottom-zero border-left-zero border-right-zero border-top-zero border-bottom-zero flex-container flex-align-items-stretch flex-align-content-flex-start flex-full-width amsg-2018 fonts-loaded border-color-squid-ink design-Sell\" id=\"\" style=\"border: 0px solid rgb(35, 47, 62); display: flex; -webkit-box-orient: horizontal; -webkit-box-direction: normal; flex-flow: row wrap; -webkit-box-pack: start; place-content: flex-start; line-height: normal; -webkit-box-align: stretch; align-items: stretch; -webkit-box-flex: 0; flex: 0 0 auto; width: 264.448px; padding-left: 0px; padding-right: 0px;\"><div class=\"align-start\" style=\"-webkit-box-flex: 1; flex-grow: 1; width: 264.448px;\"><a href=\"https://sell.amazon.com/learn/how-to-sell-books?ref_=azus_soa_sd_books_card&amp;initialSessionID=132-8725675-1008520&amp;ld=AZUSSOA-sell\" class=\"link  link-type-external-dark\" style=\"color: rgb(35, 47, 62); cursor: pointer; font-variant-numeric: normal; font-variant-east-asian: normal; font-weight: 700; font-stretch: normal; font-size: 16px; line-height: 24px; font-family: AEmb, Helvetica, Arial, sans-serif;\">Sell your books</a></div></div></div><div class=\"tile-wrap background-color-white border-color-snow border-radius-16px    padding-left-base padding-right-base padding-top-base padding-bottom-base border-left-1px border-right-1px border-top-1px border-bottom-1px flex-container flex-align-items-stretch flex-align-content-flex-start amsg-2018 fonts-loaded border-color-snow design-Sell\" id=\"\" style=\"border: 1px solid rgb(234, 237, 237); display: flex; -webkit-box-orient: vertical; -webkit-box-direction: normal; flex-flow: column wrap; -webkit-box-pack: start; place-content: flex-start; line-height: normal; padding: 40px; border-radius: 8px; -webkit-box-align: stretch; align-items: stretch; box-shadow: rgba(0, 0, 0, 0.1) 0px 0px 32px; margin-bottom: 40px; margin-right: 24px; width: 346.448px;\"><div class=\"border-color-squid-ink     padding-left-zero padding-right-zero padding-top-zero padding-bottom-small border-left-zero border-right-zero border-top-zero border-bottom-zero flex-container flex-align-items-stretch flex-align-content-flex-start flex-full-width amsg-2018 fonts-loaded border-color-squid-ink design-Sell\" id=\"\" style=\"border: 0px solid rgb(35, 47, 62); display: flex; -webkit-box-orient: horizontal; -webkit-box-direction: normal; flex-flow: row wrap; -webkit-box-pack: start; place-content: flex-start; line-height: normal; padding-bottom: 24px; -webkit-box-align: stretch; align-items: stretch; -webkit-box-flex: 0; flex: 0 0 auto; width: 264.448px; padding-left: 0px; padding-right: 0px;\"><div class=\" image image-size-custom align-start  \" style=\"-webkit-box-flex: 1; flex-grow: 1; width: 264.448px;\"><img src=\"https://m.media-amazon.com/images/G/01/sp-marketing-toolkit/guides/design/iconography/Seller_University._CB424651257_.svg\" alt=\"icon: graduation cap\" title=\"\" style=\"max-width: none; border: 0px; vertical-align: top; width: auto; height: 64px; max-height: none;\"></div></div><div class=\"border-color-squid-ink     padding-left-zero padding-right-zero padding-top-zero padding-bottom-mini border-left-zero border-right-zero border-top-zero border-bottom-zero flex-container flex-align-items-stretch flex-align-content-flex-start flex-full-width amsg-2018 fonts-loaded border-color-squid-ink design-Sell\" id=\"\" style=\"border: 0px solid rgb(35, 47, 62); display: flex; -webkit-box-orient: horizontal; -webkit-box-direction: normal; flex-flow: row wrap; -webkit-box-pack: start; place-content: flex-start; line-height: normal; padding-bottom: 12px; -webkit-box-align: stretch; align-items: stretch; -webkit-box-flex: 0; flex: 0 0 auto; width: 264.448px; padding-left: 0px; padding-right: 0px;\"><h4 class=\"heading align-start font-size-large color-squid-ink ember font-heavy\" style=\"padding: 0px; margin-right: 0px; margin-bottom: 0px; margin-left: 0px; text-rendering: optimizelegibility; font-weight: 900; line-height: 38px; font-family: AEmb, Helvetica, Arial, sans-serif; -webkit-box-flex: 1; flex-grow: 1; color: rgb(35, 47, 62); width: 264.448px; font-size: 32px !important;\">Seller University</h4></div><div class=\"push-content border-color-squid-ink     padding-left-zero padding-right-zero padding-top-zero padding-bottom-small border-left-zero border-right-zero border-top-zero border-bottom-zero flex-container flex-align-items-stretch flex-align-content-flex-start flex-full-width amsg-2018 fonts-loaded border-color-squid-ink design-Sell\" id=\"\" style=\"border: 0px solid rgb(35, 47, 62); display: flex; -webkit-box-orient: horizontal; -webkit-box-direction: normal; flex-flow: row wrap; -webkit-box-pack: start; place-content: flex-start; line-height: normal; padding-bottom: 24px; -webkit-box-align: stretch; align-items: stretch; -webkit-box-flex: 1; flex: 1 0 auto; width: 264.448px; padding-left: 0px; padding-right: 0px;\"><div class=\"text align-start color-storm font-size-medium ember font-normal\" style=\"color: rgb(108, 119, 120); font-family: AEmb, Helvetica, Arial, sans-serif; -webkit-box-flex: 1; flex-grow: 1; line-height: 24px; width: 264.448px; font-size: 16px !important;\">Our online training program is designed to help brands, businesses, and entrepreneurs learn how to succeed as Amazon selling partners.</div></div><div class=\"border-color-squid-ink     padding-left-zero padding-right-zero padding-top-zero padding-bottom-zero border-left-zero border-right-zero border-top-zero border-bottom-zero flex-container flex-align-items-stretch flex-align-content-flex-start flex-full-width amsg-2018 fonts-loaded border-color-squid-ink design-Sell\" id=\"\" style=\"border: 0px solid rgb(35, 47, 62); display: flex; -webkit-box-orient: horizontal; -webkit-box-direction: normal; flex-flow: row wrap; -webkit-box-pack: start; place-content: flex-start; line-height: normal; -webkit-box-align: stretch; align-items: stretch; -webkit-box-flex: 0; flex: 0 0 auto; width: 264.448px; padding-left: 0px; padding-right: 0px;\"><div class=\"align-start\" style=\"-webkit-box-flex: 1; flex-grow: 1; width: 264.448px;\"><a href=\"https://sell.amazon.com/learn?ref_=azus_soa_sd_learn_card&amp;initialSessionID=132-8725675-1008520&amp;ld=AZUSSOA-sell\" class=\"link  link-type-external-dark\" style=\"color: rgb(35, 47, 62); cursor: pointer; font-variant-numeric: normal; font-variant-east-asian: normal; font-weight: 700; font-stretch: normal; font-size: 16px; line-height: 24px; font-family: AEmb, Helvetica, Arial, sans-serif;\">Go to Seller U</a></div></div></div><div class=\"tile-wrap background-color-white border-color-snow border-radius-16px    padding-left-base padding-right-base padding-top-base padding-bottom-base border-left-1px border-right-1px border-top-1px border-bottom-1px flex-container flex-align-items-stretch flex-align-content-flex-start amsg-2018 fonts-loaded border-color-snow design-Sell\" id=\"\" style=\"border: 1px solid rgb(234, 237, 237); display: flex; -webkit-box-orient: vertical; -webkit-box-direction: normal; flex-flow: column wrap; -webkit-box-pack: start; place-content: flex-start; line-height: normal; padding: 40px; border-radius: 8px; -webkit-box-align: stretch; align-items: stretch; box-shadow: rgba(0, 0, 0, 0.1) 0px 0px 32px; margin-bottom: 40px; margin-right: 0px; width: 346.448px;\"><div class=\"border-color-squid-ink     padding-left-zero padding-right-zero padding-top-zero padding-bottom-small border-left-zero border-right-zero border-top-zero border-bottom-zero flex-container flex-align-items-stretch flex-align-content-flex-start flex-full-width amsg-2018 fonts-loaded border-color-squid-ink design-Sell\" id=\"\" style=\"border: 0px solid rgb(35, 47, 62); display: flex; -webkit-box-orient: horizontal; -webkit-box-direction: normal; flex-flow: row wrap; -webkit-box-pack: start; place-content: flex-start; line-height: normal; padding-bottom: 24px; -webkit-box-align: stretch; align-items: stretch; -webkit-box-flex: 0; flex: 0 0 auto; width: 264.448px; padding-left: 0px; padding-right: 0px;\"><div class=\" image image-size-custom align-start  \" style=\"-webkit-box-flex: 1; flex-grow: 1; width: 264.448px;\"><img src=\"https://m.media-amazon.com/images/G/01/sp-marketing-toolkit/guides/design/iconography/Spotlight._CB424651253_.svg\" alt=\"icon: two stage lights\" title=\"\" style=\"max-width: none; border: 0px; vertical-align: top; width: auto; height: 64px; max-height: none;\"></div></div><div class=\"border-color-squid-ink     padding-left-zero padding-right-zero padding-top-zero padding-bottom-mini border-left-zero border-right-zero border-top-zero border-bottom-zero flex-container flex-align-items-stretch flex-align-content-flex-start flex-full-width amsg-2018 fonts-loaded border-color-squid-ink design-Sell\" id=\"\" style=\"border: 0px solid rgb(35, 47, 62); display: flex; -webkit-box-orient: horizontal; -webkit-box-direction: normal; flex-flow: row wrap; -webkit-box-pack: start; place-content: flex-start; line-height: normal; padding-bottom: 12px; -webkit-box-align: stretch; align-items: stretch; -webkit-box-flex: 0; flex: 0 0 auto; width: 264.448px; padding-left: 0px; padding-right: 0px;\"><h4 class=\"heading align-start font-size-large color-squid-ink ember font-heavy\" style=\"padding: 0px; margin-right: 0px; margin-bottom: 0px; margin-left: 0px; text-rendering: optimizelegibility; font-weight: 900; line-height: 38px; font-family: AEmb, Helvetica, Arial, sans-serif; -webkit-box-flex: 1; flex-grow: 1; color: rgb(35, 47, 62); width: 264.448px; font-size: 32px !important;\">Amazon Selling Partner Blog</h4></div><div class=\"push-content border-color-squid-ink     padding-left-zero padding-right-zero padding-top-zero padding-bottom-small border-left-zero border-right-zero border-top-zero border-bottom-zero flex-container flex-align-items-stretch flex-align-content-flex-start flex-full-width amsg-2018 fonts-loaded border-color-squid-ink design-Sell\" id=\"\" style=\"border: 0px solid rgb(35, 47, 62); display: flex; -webkit-box-orient: horizontal; -webkit-box-direction: normal; flex-flow: row wrap; -webkit-box-pack: start; place-content: flex-start; line-height: normal; padding-bottom: 24px; -webkit-box-align: stretch; align-items: stretch; -webkit-box-flex: 1; flex: 1 0 auto; width: 264.448px; padding-left: 0px; padding-right: 0px;\"><div class=\"text align-start color-storm font-size-medium ember font-normal\" style=\"color: rgb(108, 119, 120); font-family: AEmb, Helvetica, Arial, sans-serif; -webkit-box-flex: 1; flex-grow: 1; line-height: 24px; width: 264.448px; font-size: 16px !important;\">Read updates, articles, and stories about getting started in ecommerce and growing your business in Amazon stores.</div></div><div class=\"border-color-squid-ink     padding-left-zero padding-right-zero padding-top-zero padding-bottom-zero border-left-zero border-right-zero border-top-zero border-bottom-zero flex-container flex-align-items-stretch flex-align-content-flex-start flex-full-width amsg-2018 fonts-loaded border-color-squid-ink design-Sell\" id=\"\" style=\"border: 0px solid rgb(35, 47, 62); display: flex; -webkit-box-orient: horizontal; -webkit-box-direction: normal; flex-flow: row wrap; -webkit-box-pack: start; place-content: flex-start; line-height: normal; -webkit-box-align: stretch; align-items: stretch; -webkit-box-flex: 0; flex: 0 0 auto; width: 264.448px; padding-left: 0px; padding-right: 0px;\"><div class=\"align-start\" style=\"-webkit-box-flex: 1; flex-grow: 1; width: 264.448px;\"><a href=\"https://sell.amazon.com/blog?ref_=azus_soa_sd_blog_card&amp;initialSessionID=132-8725675-1008520&amp;ld=AZUSSOA-sell\" class=\"link  link-type-external-dark\" style=\"color: rgb(35, 47, 62); cursor: pointer; font-variant-numeric: normal; font-variant-east-asian: normal; font-weight: 700; font-stretch: normal; font-size: 16px; line-height: 24px; font-family: AEmb, Helvetica, Arial, sans-serif;\">Read the blog</a></div></div></div></div></div></div></div><div class=\"bg-no-repeat border-color-squid-ink     padding-left-zero padding-right-zero padding-top-zero padding-bottom-zero border-left-zero border-right-zero border-top-zero border-bottom-zero flex-container flex-align-items-center flex-align-content-flex-start flex-justify-content flex-justify-content-center flex-full-width amsg-2018 fonts-loaded border-color-squid-ink design-Sell is-fluid\" id=\"\" style=\"border: 0px solid rgb(35, 47, 62); background-repeat: no-repeat; display: flex; -webkit-box-orient: horizontal; -webkit-box-direction: normal; flex-flow: row wrap; -webkit-box-pack: center; place-content: flex-start center; line-height: normal; -webkit-box-align: center; align-items: center; -webkit-box-flex: 0; flex: 0 0 auto; width: 1247.33px; padding-left: 0px; padding-right: 0px; color: rgb(15, 17, 17); font-family: &quot;Amazon Ember&quot;, Arial, sans-serif; font-size: 14px; background-image: url(&quot;https://m.media-amazon.com/images/G/01/sell/images/colors/blue-50.svg&quot;); background-size: cover; background-position: center center;\"><div class=\"border-color-squid-ink     padding-left-zero padding-right-xsmall padding-top-zero padding-bottom-zero border-left-zero border-right-zero border-top-zero border-bottom-zero flex-container flex-align-items-stretch flex-align-content-flex-start amsg-2018 fonts-loaded border-color-squid-ink design-Sell\" id=\"\" style=\"border: 0px solid rgb(35, 47, 62); display: flex; -webkit-box-orient: horizontal; -webkit-box-direction: normal; flex-flow: row wrap; -webkit-box-pack: start; place-content: flex-start; line-height: normal; padding-right: 16px; -webkit-box-align: stretch; align-items: stretch; padding-left: 0px; width: 226.292px; -webkit-box-flex: 0 !important; flex-grow: 0 !important;\"><div class=\"text align-start color-squid-ink font-size-medium ember font-normal\" style=\"font-family: AEmb, Helvetica, Arial, sans-serif; -webkit-box-flex: 1; flex-grow: 1; line-height: 24px; color: rgb(35, 47, 62); width: 210.292px; font-size: 16px !important;\">Just have a few items to sell?</div></div><div class=\"border-color-squid-ink     padding-left-zero padding-right-zero padding-top-zero padding-bottom-zero border-left-zero border-right-zero border-top-zero border-bottom-zero flex-container flex-align-items-stretch flex-align-content-flex-start amsg-2018 fonts-loaded border-color-squid-ink design-Sell\" id=\"ri_link_pf\" style=\"border: 0px solid rgb(35, 47, 62); display: flex; -webkit-box-orient: horizontal; -webkit-box-direction: normal; flex-flow: row wrap; -webkit-box-pack: start; place-content: flex-start; line-height: normal; -webkit-box-align: stretch; align-items: stretch; padding-left: 0px; padding-right: 0px; width: 313.802px; -webkit-box-flex: 0 !important; flex-grow: 0 !important;\"><div class=\"align-start\" style=\"-webkit-box-flex: 1; flex-grow: 1; width: 313.802px;\"><a href=\"https://sellercentral.amazon.com/gp/flex/sign-in-syh.html?ref_=azus_soa_sell_ri_pf_t1&amp;initialSessionID=132-8725675-1008520&amp;ld=AZUSSOA-sell_AZRI_SELL_PF\" class=\"link  link-type-external-dark\" data-ld-append=\"AZRI_SELL_PF\" style=\"color: rgb(35, 47, 62); cursor: pointer; font-variant-numeric: normal; font-variant-east-asian: normal; font-weight: 700; font-stretch: normal; font-size: 16px; line-height: 24px; font-family: AEmb, Helvetica, Arial, sans-serif;\">Sign up to become an individual seller</a></div></div></div><div class=\"bg-no-repeat border-color-snow     padding-left-xxlarge padding-right-zero padding-top-base padding-bottom-zero border-left-zero border-right-zero border-top-zero border-bottom-zero flex-container flex-align-items-center flex-align-content-center flex-full-width amsg-2018 fonts-loaded border-color-snow design-Sell has-wave\" id=\"\" style=\"border: 0px solid rgb(234, 237, 237); background-repeat: no-repeat; display: flex; -webkit-box-orient: horizontal; -webkit-box-direction: normal; flex-flow: row wrap; -webkit-box-pack: start; place-content: center flex-start; line-height: normal; padding-left: 80px; padding-top: 40px; -webkit-box-align: center; align-items: center; -webkit-box-flex: 0; flex: 0 0 auto; width: 1247.33px; position: relative; padding-right: 0px; color: rgb(15, 17, 17); font-family: &quot;Amazon Ember&quot;, Arial, sans-serif; font-size: 14px; background-image: url(&quot;https://m.media-amazon.com/images/G/01/sell/images/colors/blue-50.svg&quot;); background-size: cover; background-position: center center;\"><div class=\"has-max-width\" style=\"max-width: 1200px; display: flex; -webkit-box-orient: horizontal; -webkit-box-direction: normal; flex-flow: row wrap; -webkit-box-pack: start; place-content: center flex-start; margin-left: auto; margin-right: auto; width: 1167.33px; -webkit-box-align: center; align-items: center;\"><div class=\"background-color-squid-ink-dark border-color-snow border-radius-16px    padding-left-base padding-right-xlarge padding-top-large padding-bottom-large border-left-1px border-right-1px border-top-1px border-bottom-1px flex-container flex-align-items-stretch flex-align-content-flex-start amsg-2018 fonts-loaded border-color-snow design-Sell\" id=\"\" style=\"border: 1px solid rgb(234, 237, 237); display: flex; -webkit-box-orient: horizontal; -webkit-box-direction: normal; flex-flow: row wrap; -webkit-box-pack: start; place-content: flex-start; line-height: normal; padding: 48px 64px 48px 40px; border-radius: 16px; -webkit-box-align: stretch; align-items: stretch; background-color: rgb(22, 30, 45); z-index: 1; position: relative; width: 1070.05px;\"><div class=\"border-color-squid-ink     padding-left-zero padding-right-zero padding-top-zero padding-bottom-zero border-left-zero border-right-zero border-top-zero border-bottom-zero flex-container flex-align-items-stretch flex-align-content-flex-start flex-full-width amsg-2018 fonts-loaded border-color-squid-ink design-Sell\" id=\"\" style=\"border: 0px solid rgb(35, 47, 62); display: flex; -webkit-box-orient: horizontal; -webkit-box-direction: normal; flex-flow: row wrap; -webkit-box-pack: start; place-content: flex-start; line-height: normal; -webkit-box-align: stretch; align-items: stretch; -webkit-box-flex: 0; flex: 0 0 auto; width: 964.052px; padding-left: 0px; padding-right: 0px;\"><div class=\"border-color-squid-ink     padding-left-base padding-right-zero padding-top-zero padding-bottom-xsmall border-left-zero border-right-zero border-top-zero border-bottom-zero flex-container flex-align-items-stretch flex-align-content-flex-start flex-full-width amsg-2018 fonts-loaded border-color-squid-ink design-Sell\" id=\"\" style=\"border: 0px solid rgb(35, 47, 62); display: flex; -webkit-box-orient: horizontal; -webkit-box-direction: normal; flex-flow: row wrap; -webkit-box-pack: start; place-content: flex-start; line-height: normal; padding-left: 40px; padding-bottom: 16px; -webkit-box-align: stretch; align-items: stretch; -webkit-box-flex: 0; flex: 0 0 auto; width: 964.052px; padding-right: 0px;\"><h4 class=\"heading align-start font-size-xxlarge color-white ember font-heavy\" style=\"padding: 0px; margin-right: 0px; margin-bottom: 0px; margin-left: 0px; text-rendering: optimizelegibility; font-weight: 900; line-height: 76px; font-family: AEmb, Helvetica, Arial, sans-serif; -webkit-box-flex: 1; flex-grow: 1; color: rgb(255, 255, 255); width: 924.052px; font-size: 64px !important;\">Start selling today</h4></div><div class=\"border-color-squid-ink     padding-left-zero padding-right-zero padding-top-zero padding-bottom-zero border-left-zero border-right-zero border-top-zero border-bottom-zero flex-container flex-align-items-stretch flex-align-content-flex-start flex-full-width amsg-2018 fonts-loaded border-color-squid-ink design-Sell\" id=\"\" style=\"border: 0px solid rgb(35, 47, 62); display: flex; -webkit-box-orient: horizontal; -webkit-box-direction: normal; flex-flow: row wrap; -webkit-box-pack: start; place-content: flex-start; line-height: normal; -webkit-box-align: stretch; align-items: stretch; -webkit-box-flex: 0; flex: 0 0 auto; width: 964.052px; padding-left: 0px; padding-right: 0px;\"><div class=\"border-color-squid-ink     padding-left-base padding-right-base padding-top-zero padding-bottom-base border-left-zero border-right-zero border-top-zero border-bottom-zero flex-container flex-align-items-stretch flex-align-content-flex-start amsg-2018 fonts-loaded border-color-squid-ink design-Sell\" id=\"\" style=\"border: 0px solid rgb(35, 47, 62); display: flex; -webkit-box-orient: horizontal; -webkit-box-direction: normal; flex-flow: row wrap; -webkit-box-pack: start; place-content: flex-start; line-height: normal; padding-left: 40px; padding-bottom: 40px; padding-right: 40px; -webkit-box-align: stretch; align-items: stretch; width: 642.698px;\"><div class=\"text align-start color-snow font-size-large ember font-normal\" style=\"color: rgb(234, 237, 237); font-family: AEmb, Helvetica, Arial, sans-serif; -webkit-box-flex: 1; flex-grow: 1; line-height: 30px; width: 562.698px; font-size: 20px !important;\">Put your products in front of the millions of customers who search Amazon.com every day.</div></div><div class=\"border-color-squid-ink     padding-left-zero padding-right-zero padding-top-zero padding-bottom-zero border-left-zero border-right-zero border-top-zero border-bottom-zero flex-container flex-align-items-stretch flex-align-content-flex-start amsg-2018 fonts-loaded border-color-squid-ink design-Sell\" id=\"\" style=\"border: 0px solid rgb(35, 47, 62); display: flex; -webkit-box-orient: horizontal; -webkit-box-direction: normal; flex-flow: row wrap; -webkit-box-pack: start; place-content: flex-start; line-height: normal; -webkit-box-align: stretch; align-items: stretch; padding-left: 0px; padding-right: 0px; width: 321.344px;\"><div class=\"spacer\" style=\"width: 321.344px;\"></div></div></div></div><div class=\"border-color-squid-ink     padding-left-base padding-right-zero padding-top-zero padding-bottom-zero border-left-zero border-right-zero border-top-zero border-bottom-zero flex-container flex-align-items-stretch flex-align-content-flex-start flex-full-width amsg-2018 fonts-loaded border-color-squid-ink design-Sell\" id=\"rp_cta_pf\" style=\"border: 0px solid rgb(35, 47, 62); display: flex; -webkit-box-orient: horizontal; -webkit-box-direction: normal; flex-flow: row wrap; -webkit-box-pack: start; place-content: flex-start; line-height: normal; padding-left: 40px; -webkit-box-align: stretch; align-items: stretch; -webkit-box-flex: 0; flex: 0 0 auto; width: 964.052px; padding-right: 0px;\"><div class=\"align-start\" style=\"-webkit-box-flex: 1; flex-grow: 1; width: 924.052px;\"><a href=\"https://sellercentral.amazon.com/gp/on-board/workflow/Registration/login.html?passthrough%2Faccount=fba_soa&amp;passthrough%2FmarketplaceID=ATVPDKIKX0DER&amp;passthrough%2FsuperSource=OAR&amp;ref_=azus_soa_sell_rp_pf_t1&amp;passthrough%2FinitialSessionID=132-8725675-1008520&amp;passthrough%2Fld=AZUSSOA-sell_AZRP_SELL_PF\" class=\"link  button button-type-primary font-size-xlarge\" data-ld-append=\"AZRP_SELL_PF\" style=\"color: rgb(35, 47, 62); border: 2px solid rgb(255, 153, 0); display: inline-block; background-image: none; border-radius: 36px; min-width: 0px; padding: 16px 36px; text-align: center; cursor: pointer; transition: box-shadow 0.15s ease 0s; background-color: rgb(255, 153, 0); box-shadow: rgba(0, 0, 0, 0.2) 0px 0px 16px; font-variant-numeric: normal !important; font-variant-east-asian: normal !important; font-weight: 700 !important; font-stretch: normal !important; font-size: 24px !important; line-height: 24px !important; font-family: AEmb, Helvetica, Arial, sans-serif !important;\">Sign up</a></div></div><div class=\"border-color-granite     padding-left-base padding-right-zero padding-top-xmini padding-bottom-zero border-left-zero border-right-zero border-top-zero border-bottom-zero flex-container flex-align-items-stretch flex-align-content-flex-start flex-full-width amsg-2018 fonts-loaded border-color-granite design-Sell\" id=\"\" style=\"border: 0px solid rgb(55, 61, 62); display: flex; -webkit-box-orient: horizontal; -webkit-box-direction: normal; flex-flow: row wrap; -webkit-box-pack: start; place-content: flex-start; line-height: normal; padding-left: 40px; padding-top: 8px; -webkit-box-align: stretch; align-items: stretch; -webkit-box-flex: 0; flex: 0 0 auto; width: 964.052px; padding-right: 0px;\"><div class=\"text align-start color-snow font-size-xsmall ember font-normal\" style=\"color: rgb(234, 237, 237); font-family: AEmb, Helvetica, Arial, sans-serif; -webkit-box-flex: 1; flex-grow: 1; line-height: 18px; width: 924.052px; font-size: 12px !important;\">$39.99 a month + selling fees</div></div></div><div class=\"border-color-squid-ink border-radius-16px    padding-left-zero padding-right-xxlarge padding-top-minibase padding-bottom-zero border-left-zero border-right-zero border-top-zero border-bottom-zero flex-container flex-align-items-flex-end flex-align-content-center flex-justify-content flex-justify-content-flex-end amsg-2018 fonts-loaded border-color-squid-ink design-Sell\" id=\"\" style=\"border: 0px solid rgb(35, 47, 62); display: flex; -webkit-box-orient: horizontal; -webkit-box-direction: normal; flex-flow: row wrap; -webkit-box-pack: end; place-content: center flex-end; line-height: normal; padding-right: 80px; padding-top: 32px; border-radius: 16px; -webkit-box-align: end; align-items: flex-end; padding-left: 0px; z-index: 1; position: relative; width: 97.2708px;\"><div class=\" image image-size-custom align-center  \" style=\"text-align: center; -webkit-box-flex: 1; flex-grow: 1; width: auto !important;\"><img src=\"https://m.media-amazon.com/images/G/01/sell/images/prime-boxes/prime-boxes-6-sm.png\" alt=\"two Amazon boxes\" title=\"\" style=\"max-width: none; border: 0px; vertical-align: top; width: auto; height: 440px; max-height: none;\"></div></div></div></div></div>',_binary '','Sell Products Online',0,'2022-11-09 09:08:23.319000',30),(5,'Carreers','<div><div id=\"search-container\" style=\"background-color: rgb(35, 47, 62); color: rgb(17, 17, 17); font-family: &quot;Amazon Ember&quot;, &quot;Helvetica Neue&quot;, Helvetica, Arial, sans-serif; font-size: 16px;\"><div class=\"container\" style=\"width: 1140px; padding-right: 15px; padding-left: 15px; max-width: 1140px;\"><div class=\"row\" style=\"margin-right: -15px; margin-left: -15px;\"><div class=\"col-12\" id=\"home-search\" style=\"position: relative; width: 1140px; min-height: 335px; padding-right: 15px; padding-left: 15px; flex-basis: 100%; padding-top: 85px;\"><h1 class=\"find-jobs\" style=\"margin-bottom: 10px; font-family: inherit; font-weight: bold; line-height: 2.5rem; color: rgb(255, 255, 255); font-size: 1.875rem;\">Find jobs</h1><div data-react-class=\"SearchInput\" data-react-props=\"{&quot;action&quot;:&quot;/en/search&quot;,&quot;keyword_typeahead&quot;:&quot;/en/keyword_typeahead&quot;,&quot;locationSearch&quot;:true}\"><form data-reactroot=\"\" class=\"search-input dark-bg\" action=\"https://www.amazon.jobs/en/search\" method=\"get\" style=\"height: 2.75em; position: relative;\"><div class=\"row nopadding location-search-bar\" style=\"margin-right: -15px; margin-left: -15px; height: 44px; padding-right: 65px;\"><div class=\"col-12 col-md-8\" style=\"position: relative; width: 716.656px; min-height: 1px; padding-right: 15px; padding-left: 15px; flex-basis: 66.6667%; max-width: 66.6667%;\"><div class=\"searchbox text-search\" style=\"height: 44px; font-size: 0.875rem; transition: width 0s ease 0s; padding: 0px !important;\"><div class=\"hide-clear-icon\" style=\"z-index: 400; opacity: 0; width: 15px; height: 15px; position: absolute; background: url(&quot;//static.amazon.jobs/assets/icons/clear-e17b8296292968942f77571a778ce30aab09a1781b033662a2669dd1e1828d2b.svg&quot;) 0% 0% / 15px no-repeat; cursor: text; right: 30px; top: 15px;\"></div><span class=\"twitter-typeahead\" style=\"width: 686.656px; height: 44px; position: relative; display: inline-block;\"><input type=\"text\" autocomplete=\"off\" id=\"search_typeahead\" aria-haspopup=\"listbox\" name=\"base_query\" class=\"form-control tt-input\" dir=\"auto\" placeholder=\"Search for jobs by title or keyword\" aria-labelledby=\"search_typeahead-label\" role=\"combobox\" spellcheck=\"false\" style=\"font-size: 0.875rem; overflow: visible; width: 686.656px; height: 44px; padding: 0.5rem 35px 0.5rem 1rem; color: rgb(29, 40, 52); border-width: initial; border-style: none; border-color: initial; border-radius: 2px; box-shadow: rgba(0, 0, 0, 0.075) 0px 1px 1px inset; transition: border-color 0.15s ease-in-out 0s, box-shadow 0.15s ease-in-out 0s, -webkit-box-shadow 0.15s ease-in-out 0s; z-index: 101; left: 0px; position: relative; vertical-align: top;\"><pre aria-hidden=\"true\" style=\"font-family: &quot;Amazon Ember&quot;, &quot;Helvetica Neue&quot;, Helvetica, Arial, sans-serif; font-size: 14px; color: rgb(77, 77, 77); position: absolute; visibility: hidden; font-variant-numeric: normal; font-variant-east-asian: normal; letter-spacing: 0px; text-rendering: auto;\"></pre></span></div></div><div class=\"col-12 col-md-4\" style=\"position: relative; width: 358.323px; min-height: 1px; padding-right: 15px; padding-left: 0px; flex-basis: 33.3333%; max-width: 33.3333%;\"><div class=\"searchbox location-search cxt-icon-location-pin\" style=\"height: 44px; font-size: 0.875rem; transition: width 0s ease 0s; padding: 0px !important;\"><span class=\"twitter-typeahead\" style=\"width: 343.323px; height: 44px; position: relative; display: inline-block;\"><input type=\"text\" autocomplete=\"off\" name=\"\" id=\"location-typeahead\" class=\"undefined form-control tt-input\" aria-haspopup=\"listbox\" dir=\"auto\" placeholder=\"Location\" aria-labelledby=\"location-typeahead-label\" role=\"combobox\" spellcheck=\"false\" style=\"font-size: 0.875rem; overflow: visible; width: 343.323px; height: 44px; padding: 0.5rem 35px 0.5rem 47px; color: rgb(29, 40, 52); border-width: initial; border-style: none; border-color: initial; border-radius: 2px; box-shadow: rgba(0, 0, 0, 0.075) 0px 1px 1px inset; transition: all 0.2s ease-in-out 0s; z-index: 101; left: 0px; position: relative; vertical-align: top;\"><pre aria-hidden=\"true\" style=\"font-family: &quot;Amazon Ember&quot;, &quot;Helvetica Neue&quot;, Helvetica, Arial, sans-serif; font-size: 14px; color: rgb(77, 77, 77); position: absolute; visibility: hidden; font-variant-numeric: normal; font-variant-east-asian: normal; letter-spacing: 0px; text-rendering: auto;\"></pre></span><div class=\"hide-clear-icon\" style=\"z-index: 400; opacity: 0; width: 15px; height: 15px; position: absolute; background: url(&quot;//static.amazon.jobs/assets/icons/clear-e17b8296292968942f77571a778ce30aab09a1781b033662a2669dd1e1828d2b.svg&quot;) 0% 0% / 15px no-repeat; cursor: text; right: 30px; top: 15px;\"></div></div></div></div><button id=\"search-button\" class=\"btn location-search form-control\" type=\"submit\" role=\"button\" aria-labelledby=\"search-button-label\" style=\"border-radius: 2px; font-size: inherit; overflow: visible; appearance: button; width: 50px; height: 2.75em; padding: 0px; color: rgb(255, 255, 255); background: rgb(255, 153, 0); border-width: 0px; border-style: initial; border-color: initial; box-shadow: rgba(0, 0, 0, 0.075) 0px 1px 1px inset; transition: color 0.15s ease-in-out 0s, background-color 0.15s ease-in-out 0s, border-color 0.15s ease-in-out 0s, box-shadow 0.15s ease-in-out 0s, -webkit-box-shadow 0.15s ease-in-out 0s; white-space: initial; min-height: 44px; min-width: 50px; position: absolute; right: 0px; top: 0px;\"><span class=\"button-icon\" style=\"display: inline; padding: 1em; background: url(&quot;//static.amazon.jobs/assets/icons/icon_search_dark-ce98f9e6b87a79df11ba17923d076e9a71f19c4608f057fbc65657a90470f0e9.svg&quot;) center center / 21px 21px no-repeat;\"></span></button></form></div></div></div></div></div><div data-react-class=\"HomepageCampaignBanner\" data-react-props=\"{&quot;image_lg&quot;:&quot;https://static.amazon.jobs/campaign_banners/2/image_lgs/2220x272_v3.jpg?1667318383&quot;,&quot;image_sm&quot;:&quot;https://static.amazon.jobs/campaign_banners/2/image_sms/511x151_v3.jpg?1667318383&quot;,&quot;primary_text&quot;:&quot;&quot;,&quot;button_text&quot;:&quot;Apply now&quot;,&quot;button_link&quot;:&quot;https://www.amazon.jobs/en/landing_pages/reliability-maintenance-engineering-eu?cmpid=OAOTOP300664B&quot;}\" style=\"color: rgb(17, 17, 17); font-family: &quot;Amazon Ember&quot;, &quot;Helvetica Neue&quot;, Helvetica, Arial, sans-serif; font-size: 16px;\"><div data-reactroot=\"\" class=\"homepage-campaign-banner\" style=\"background-color: rgb(29, 40, 52);\"><div class=\"container banner-container\" style=\"width: 1140px; padding-right: 15px; padding-left: 15px; max-width: 1140px;\"><div class=\"row pb-4 pt-4\" style=\"margin-right: -15px; margin-left: -15px;\"><div class=\"col-lg-12 d-none d-md-block\" style=\"position: relative; width: 1140px; min-height: 1px; padding-right: 15px; padding-left: 15px; flex-basis: 100%;\"><img class=\"banner-img\" src=\"https://static.amazon.jobs/campaign_banners/2/image_lgs/2220x272_v3.jpg?1667318383\" alt=\"\" style=\"border-style: none; max-width: 100%;\"><div class=\"banner-text\" style=\"position: absolute; display: flex; align-items: center; left: 126.531px; top: 0px; height: 136px; font-size: 25px; max-width: 600px; font-weight: 600; color: rgb(35, 47, 62); line-height: 1.2em;\"></div><div class=\"banner-btn-container\" style=\"display: flex; position: absolute; align-items: center; top: 0px; height: 136px; right: 114px;\"><a class=\"btn banner-btn\" id=\"homepage-campaign-banner-btn\" role=\"button\" href=\"https://www.amazon.jobs/en/landing_pages/reliability-maintenance-engineering-eu?cmpid=OAOTOP300664B\" target=\"_blank\" aria-label=\"Apply now\" style=\"color: rgb(255, 255, 255); line-height: 29px; white-space: initial; padding: 12px; font-size: 23px; border-radius: 0px; transition: color 0.15s ease-in-out 0s, background-color 0.15s ease-in-out 0s, border-color 0.15s ease-in-out 0s, box-shadow 0.15s ease-in-out 0s, -webkit-box-shadow 0.15s ease-in-out 0s; min-height: 44px; min-width: 90px; position: relative; border-width: 4px !important; border-color: rgb(255, 255, 255) !important;\">Apply now</a></div></div></div></div></div></div><div class=\"portal-tiles\" style=\"padding: 35px 0px; background-color: rgb(234, 237, 242); color: rgb(17, 17, 17); font-family: &quot;Amazon Ember&quot;, &quot;Helvetica Neue&quot;, Helvetica, Arial, sans-serif; font-size: 16px;\"><div class=\"container\" style=\"width: 1140px; padding-right: 15px; padding-left: 15px; max-width: 1140px;\"><div class=\"row\" style=\"margin-right: -15px; margin-left: -15px;\"><div class=\"col-12 d-flex tiles-container col-lg-4\" style=\"position: relative; width: 379.99px; min-height: 1px; padding-right: 15px; padding-left: 15px; flex-basis: 33.3333%; max-width: 33.3333%; background-color: rgb(255, 255, 255); border: 1px solid rgb(234, 237, 242);\"><div data-react-class=\"HomepageTile\" data-react-props=\"{&quot;link&quot;:&quot;/business_categories/student-programs&quot;,&quot;name&quot;:&quot;university_recruiting&quot;}\" style=\"display: flex; width: 347.99px;\"><div data-reactroot=\"\" class=\"homepage-tile d-flex flex-column justify-content-between w-100 university_recruiting\" style=\"width: 347.99px;\"><div class=\"tile d-flex flex-column justify-content-start\" id=\"university_recruiting\" style=\"padding: 30px 10px 10px; text-align: center;\"><div class=\"text-wrapper\"><h2 class=\"tile-title\" style=\"font-family: inherit; line-height: 2rem; color: rgb(17, 17, 17); font-size: 1.5rem;\">Opportunities for students</h2><div>Learn about, search for, and apply to internships and full-time opportunities for students.</div></div></div><div class=\"tile-btn d-flex justify-content-center\" style=\"margin: 30px;\"><a class=\"btn btn-quarternary\" href=\"https://www.amazon.jobs/business_categories/student-programs\" style=\"color: rgb(51, 51, 51); white-space: initial; border-color: rgb(35, 47, 62); padding: 12px 1.2rem; font-size: 0.875rem; border-radius: 3px; transition: background-color 0.15s ease-in-out 0s; min-height: 44px; min-width: 80%; position: relative;\">View open jobs</a></div></div></div></div><div class=\"col-12 d-flex tiles-container col-lg-4\" style=\"position: relative; width: 379.99px; min-height: 1px; padding-right: 15px; padding-left: 15px; flex-basis: 33.3333%; max-width: 33.3333%; background-color: rgb(255, 255, 255); border: 1px solid rgb(234, 237, 242);\"><div data-react-class=\"HomepageTile\" data-react-props=\"{&quot;link&quot;:&quot;/business_categories/fulfillment-operations&quot;,&quot;name&quot;:&quot;fulfillment_center_hiring&quot;}\" style=\"display: flex; width: 347.99px;\"><div data-reactroot=\"\" class=\"homepage-tile d-flex flex-column justify-content-between w-100 fulfillment_center_hiring\" style=\"width: 347.99px;\"><div class=\"tile d-flex flex-column justify-content-start\" id=\"fulfillment_center_hiring\" style=\"padding: 30px 10px 10px; text-align: center;\"><div class=\"text-wrapper\"><h2 class=\"tile-title\" style=\"font-family: inherit; line-height: 2rem; color: rgb(17, 17, 17); font-size: 1.5rem;\">Fulfillment Center hiring</h2><div>Learn about Fulfillment center career opportunities, and see open jobs at our Amazon Fulfillment Portal.</div></div></div><div class=\"tile-btn d-flex justify-content-center\" style=\"margin: 30px;\"><a class=\"btn btn-quarternary\" href=\"https://www.amazon.jobs/business_categories/fulfillment-operations\" style=\"color: rgb(51, 51, 51); white-space: initial; border-color: rgb(35, 47, 62); padding: 12px 1.2rem; font-size: 0.875rem; border-radius: 3px; transition: background-color 0.15s ease-in-out 0s; min-height: 44px; min-width: 80%; position: relative;\">View fulfillment jobs</a></div></div></div></div><div class=\"col-12 d-flex tiles-container col-lg-4\" style=\"position: relative; width: 379.99px; min-height: 1px; padding-right: 15px; padding-left: 15px; flex-basis: 33.3333%; max-width: 33.3333%; background-color: rgb(255, 255, 255); border: 1px solid rgb(234, 237, 242);\"><div data-react-class=\"HomepageTile\" data-react-props=\"{&quot;link&quot;:&quot;/job_categories/software-development&quot;,&quot;name&quot;:&quot;software_development&quot;}\" style=\"display: flex; width: 347.99px;\"><div data-reactroot=\"\" class=\"homepage-tile d-flex flex-column justify-content-between w-100 software_development\" style=\"width: 347.99px;\"><div class=\"tile d-flex flex-column justify-content-start\" id=\"software_development\" style=\"padding: 30px 10px 10px; text-align: center;\"><div class=\"text-wrapper\"><h2 class=\"tile-title\" style=\"font-family: inherit; line-height: 2rem; color: rgb(17, 17, 17); font-size: 1.5rem;\">Software Development</h2><div>Explore job opportunities and what it\'s like to be a software engineer at Amazon.</div></div></div><div class=\"tile-btn d-flex justify-content-center\" style=\"margin: 30px;\"><a class=\"btn btn-quarternary\" href=\"https://www.amazon.jobs/job_categories/software-development\" style=\"color: rgb(51, 51, 51); white-space: initial; border-color: rgb(35, 47, 62); padding: 12px 1.2rem; font-size: 0.875rem; border-radius: 3px; transition: background-color 0.15s ease-in-out 0s; min-height: 44px; min-width: 80%; position: relative;\">View open jobs</a></div></div></div></div></div></div></div><div class=\"explore-opportunities py-5\" style=\"color: rgb(17, 17, 17); font-family: &quot;Amazon Ember&quot;, &quot;Helvetica Neue&quot;, Helvetica, Arial, sans-serif; font-size: 16px;\"><div class=\"container\" style=\"width: 1140px; padding-right: 15px; padding-left: 15px; max-width: 1140px;\"></div></div></div>',_binary '','Careers',0,'2022-11-09 09:19:23.935000',30),(6,'Become an Affiliate','<div><div class=\"ac-header-wrapper\" style=\"display: inline-block; width: 1263.33px; border: 0px; margin: 17px auto 0px; color: rgb(15, 17, 17); font-family: &quot;Amazon Ember&quot;, Arial, sans-serif; font-size: 13px;\"><hr aria-hidden=\"true\" class=\"a-divider-normal\" style=\"border-top: 1px solid rgb(231, 231, 231); line-height: 19px; margin-top: 13px; margin-bottom: 14px;\"></div><span style=\"color: rgb(15, 17, 17); font-family: &quot;Amazon Ember&quot;, Arial, sans-serif; font-size: 13px;\"></span><div class=\"ac-page ac-page-wrapper\" style=\"max-width: 1100px; min-width: 980px; margin: 0px auto; padding: 0px; font-size: 13px; color: rgb(15, 17, 17); font-family: &quot;Amazon Ember&quot;, Arial, sans-serif;\"><div class=\"a-row a-spacing-double-large a-spacing-top-base\" style=\"width: 1100px; margin-top: 12px !important; margin-bottom: 48px !important;\"><div class=\"a-column a-span12 a-spacing-none\" style=\"width: 1100px; margin-right: 22px; float: left; min-height: 1px; overflow: visible; margin-bottom: 0px !important;\"><div class=\"ac-welcome-page-banner-container\" style=\"background-image: url(&quot;https://m.media-amazon.com/images/G/01/associates/network/welcome/top-banner_1x.jpg&quot;); height: 300px; color: rgb(255, 255, 255); position: relative;\"><div class=\"ac-welcome-join-container\" style=\"position: absolute; top: 0px; z-index: 1; min-height: 125px; width: 1100px; height: 300px;\"><div class=\"a-row a-spacing-none banner-content ac-welcome-join ac-welcome-join-bg\" style=\"width: 1100px; top: 0px; left: 0px; background: rgba(0, 0, 0, 0.4); opacity: 1; height: 300px; border: 0px; padding: 0px; display: flex; -webkit-box-pack: center; justify-content: center; -webkit-box-direction: normal; -webkit-box-orient: vertical; flex-direction: column; text-align: center; margin-bottom: 0px !important;\"><div class=\"a-column a-span12 a-spacing-extra-large ac-bold-text-v2 ac-light-font banner-primary-text\" style=\"width: 1100px; margin: 0px; font-family: AmazonEmber_Lt, &quot;Amazon Ember&quot;, Arial, sans-serif; font-weight: bold; float: left; min-height: 1px; overflow: visible; font-size: 33px; padding-bottom: 10px; line-height: 33px;\">Recommend Products. Earn Commissions.</div><div class=\"a-column a-span12 a-spacing-none a-spacing-top-micro\" style=\"width: 1100px; margin: 0px; float: left; min-height: 1px; overflow: visible;\"><span class=\"a-declarative\" data-action=\"ac-welcome-get-started-button\" data-csa-c-type=\"widget\" data-csa-c-func-deps=\"aui-da-ac-welcome-get-started-button\" data-ac-welcome-get-started-button=\"{}\"><span class=\"a-button a-button-primary\" id=\"a-autoid-0\" style=\"background: rgb(255, 216, 20); border-radius: 8px; border-color: rgb(252, 210, 0); border-style: solid; border-width: 1px; cursor: pointer; display: inline-block; overflow: hidden; padding: 0px; vertical-align: middle; box-shadow: rgba(213, 217, 217, 0.5) 0px 2px 5px 0px;\"><span class=\"a-button-inner\" style=\"display: block; position: relative; overflow: hidden; height: 29px; border-radius: 7px; box-shadow: none; background: 0px 0px;\"><a href=\"https://affiliate-program.amazon.com/signup\" class=\"a-button-text\" id=\"a-autoid-0-announce\" style=\"color: rgb(15, 17, 17); background-color: transparent; border: 0px; display: inline-block; font-size: 1.4em; line-height: 29px; margin: 0px; padding: 0px 10px 0px 11px; white-space: nowrap; width: 83.2812px; height: 29px;\">Sign up</a></span></span></span></div></div></div></div></div></div><div class=\"a-row a-spacing-double-large ac-welcome-page-benefits-container\" style=\"width: 1100px; margin-top: 40px; padding: 0px 30px; height: auto; font-size: 16px; margin-bottom: 48px !important;\"><div class=\"a-column a-span12 a-spacing-none a-ws-span12 a-ws-spacing-none\" style=\"width: 1040px; margin-right: 0px; float: left; min-height: 1px; overflow: visible; margin-bottom: 0px !important;\"><div class=\"ac-welcome-page-benefits-heading\" style=\"font-size: 28px; color: rgb(17, 17, 17); margin-top: 0px; line-height: 32px;\">Amazon Associates - Amazons affiliate marketing program</div><div class=\"ac-welcome-page-benefits-sub-heading\" style=\"color: rgb(17, 17, 17); padding-top: 15px; margin-top: 10px; font-family: AmazonEmber_Lt, &quot;Amazon Ember&quot;, Arial, sans-serif; margin-bottom: 60px; line-height: 24px;\">Welcome to one of the largest affiliate marketing programs in the world. The Amazon Associates Program helps content creators, publishers and bloggers monetize their traffic. With millions of products and programs available on Amazon, associates use easy link-building tools to direct their audience to their recommendations, and earn from qualifying purchases and programs.</div><div class=\"ac-welcome-page-benefits-details\"><div class=\"ac-welcome-page-benefits-content\" style=\"display: inline-block; width: 312px; vertical-align: top; text-align: center;\"><div class=\"ac-welcome-page-benefit-img\" style=\"margin-bottom: 20px;\"><img src=\"https://m.media-amazon.com/images/G/01/associates/network/TapHand_Join.svg\" border=\"0\" align=\"center\" alt=\"Sign up\" style=\"max-width: 100%; border: 0px; vertical-align: top;\"></div><div class=\"ac-welcome-page-benefit-step-no\" style=\"border-radius: 50%; background: rgb(0, 0, 0); color: rgb(255, 255, 255); display: inline-block; width: 24px; line-height: 24px; margin-bottom: 10px; font-family: AmazonEmber_Bd, &quot;Amazon Ember&quot;, Arial, sans-serif;\">1</div><div class=\"ac-welcome-page-benefit\" style=\"font-size: 21px; color: rgb(17, 17, 17); line-height: 21px; clear: left; margin-bottom: 20px;\">Sign up</div><div class=\"ac-welcome-page-benefit-description\" style=\"font-family: AmazonEmber_Lt, &quot;Amazon Ember&quot;, Arial, sans-serif; color: rgb(17, 17, 17); line-height: 19px;\">Join tens of thousands of creators, publishers and bloggers who are earning with the Amazon Associates Program.</div></div>&nbsp;<div class=\"ac-welcome-page-benefits-content\" style=\"display: inline-block; width: 312px; vertical-align: top; text-align: center; margin: 0px 41.5938px;\"><div class=\"ac-welcome-page-benefit-img\" style=\"margin-bottom: 20px;\"><img src=\"https://m.media-amazon.com/images/G/01/associates/network/RecommendPage.svg\" border=\"0\" align=\"center\" alt=\"Sign up\" style=\"max-width: 100%; border: 0px; vertical-align: top;\"></div><div class=\"ac-welcome-page-benefit-step-no\" style=\"border-radius: 50%; background: rgb(0, 0, 0); color: rgb(255, 255, 255); display: inline-block; width: 24px; line-height: 24px; margin-bottom: 10px; font-family: AmazonEmber_Bd, &quot;Amazon Ember&quot;, Arial, sans-serif;\">2</div><div class=\"ac-welcome-page-benefit\" style=\"font-size: 21px; color: rgb(17, 17, 17); line-height: 21px; clear: left; margin-bottom: 20px;\">Recommend</div><div class=\"ac-welcome-page-benefit-description\" style=\"font-family: AmazonEmber_Lt, &quot;Amazon Ember&quot;, Arial, sans-serif; color: rgb(17, 17, 17); line-height: 19px;\">Share millions of products with your audience. We have customized linking tools for large publishers, individual bloggers and social media influencers.</div></div>&nbsp;<div class=\"ac-welcome-page-benefits-content\" style=\"display: inline-block; width: 312px; vertical-align: top; text-align: center;\"><div class=\"ac-welcome-page-benefit-img\" style=\"margin-bottom: 20px;\"><img src=\"https://m.media-amazon.com/images/G/01/associates/network/EarnBag.svg\" border=\"0\" align=\"center\" alt=\"Sign up\" style=\"max-width: 100%; border: 0px; vertical-align: top;\"></div><div class=\"ac-welcome-page-benefit-step-no\" style=\"border-radius: 50%; background: rgb(0, 0, 0); color: rgb(255, 255, 255); display: inline-block; width: 24px; line-height: 24px; margin-bottom: 10px; font-family: AmazonEmber_Bd, &quot;Amazon Ember&quot;, Arial, sans-serif;\">3</div><div class=\"ac-welcome-page-benefit\" style=\"font-size: 21px; color: rgb(17, 17, 17); line-height: 21px; clear: left; margin-bottom: 20px;\">Earn</div><div class=\"ac-welcome-page-benefit-description\" style=\"font-family: AmazonEmber_Lt, &quot;Amazon Ember&quot;, Arial, sans-serif; color: rgb(17, 17, 17); line-height: 19px;\">Earn up to 10% in associate commissions from qualifying purchases and programs. Our competitive conversion rates help maximize earnings.</div></div></div></div></div><div class=\"ac-welcome-page-carousel-container\" style=\"height: 420px; width: 1100px; margin-bottom: 80px;\"><div class=\"ac-carousel\" data-ac-name=\"ac-welcome-page-carousel\" data-auto-rotate=\"true\" id=\"ac-carousel-ac-welcome-page-carousel\" style=\"position: relative;\"><div data-a-carousel-options=\"{&quot;set_size&quot;:4,&quot;name&quot;:&quot;ac-welcome-page-circular-carousel&quot;,&quot;interval&quot;:4000,&quot;minimum_gutter_width&quot;:0}\" data-a-display-strategy=\"single\" data-a-transition-strategy=\"slideCircular\" class=\"a-begin a-carousel-container a-carousel-display-single a-carousel-transition-slideCircular a-carousel-initialized\" style=\"position: relative; overflow: hidden;\"><div class=\"a-row a-carousel-controls a-carousel-row\" style=\"width: 1100px;\"><div class=\"a-carousel-row-inner\" style=\"position: relative; height: 420px;\"><div class=\"a-carousel-col a-carousel-center\" style=\"overflow: hidden; min-height: 1px; position: relative; zoom: 1;\"><div class=\"a-carousel-viewport\" id=\"anonCarousel1\" style=\"width: 1100px; overflow: hidden; height: 420px;\"><ol class=\"a-carousel\" role=\"list\" style=\"margin: 0px; padding: 0px; list-style-type: none; height: 420px; white-space: nowrap; overflow-x: visible; letter-spacing: -4px; width: 4400px; transition: all 0ms ease 0s; transform: translateX(-1100px) translateZ(0px);\"><li class=\"a-carousel-card carousel-card-3\" role=\"listitem\" aria-setsize=\"4\" aria-posinset=\"4\" aria-hidden=\"true\" style=\"list-style: none; overflow-wrap: break-word; margin: 0px; vertical-align: top; text-align: center; overflow: hidden; width: 1100px; min-height: 100%; display: inline-block; white-space: normal; letter-spacing: normal; max-width: 100%; height: 420px; background-image: url(&quot;https://m.media-amazon.com/images/G/01/associates/network/welcome/carousel_bg_3_1x.jpg&quot;); visibility: hidden;\"><div class=\"overlay-container\" style=\"background: rgba(0, 0, 0, 0.4); height: 420px; padding: 60px 0px 0px 60px;\"><div class=\"ac-welcome-page-carousel-quote-text\" style=\"width: 728px; color: rgb(255, 255, 255); left: 15%; margin: 0px 0px 30px; text-align: left; font-size: 28px; line-height: 1.32; font-family: AmazonEmber_Lt, &quot;Amazon Ember&quot;, Arial, sans-serif;\"></div><div class=\"ac-welcome-page-carousel-quote-author\" style=\"margin: 30px 0px 0px; text-align: left; color: rgb(255, 255, 255); font-family: AmazonEmber_Md, &quot;Amazon Ember&quot;, Arial, sans-serif; font-size: 21px;\"></div></div></li><li class=\"a-carousel-card carousel-card-0\" role=\"listitem\" aria-setsize=\"4\" aria-posinset=\"1\" aria-hidden=\"false\" style=\"list-style: none; overflow-wrap: break-word; margin: 0px; vertical-align: top; text-align: center; overflow: hidden; width: 1100px; min-height: 100%; display: inline-block; white-space: normal; letter-spacing: normal; max-width: 100%; height: 420px; background-image: url(&quot;https://m.media-amazon.com/images/G/01/associates/network/welcome/carousel_bg_0_1x.jpg&quot;); visibility: visible;\"><div class=\"overlay-container\" style=\"background: rgba(0, 0, 0, 0.4); height: 420px; padding: 60px 0px 0px 60px;\"><div class=\"ac-welcome-page-carousel-quote-text\" style=\"width: 728px; color: rgb(255, 255, 255); left: 15%; margin: 0px 0px 30px; text-align: left; font-size: 28px; line-height: 1.32; font-family: AmazonEmber_Lt, &quot;Amazon Ember&quot;, Arial, sans-serif;\">Amazon Associates has been a critical driver of our commerce initiatives and has enabled BuzzFeed to build a business that first and foremost services our audience.</div><div class=\"ac-welcome-page-carousel-quote-author\" style=\"margin: 30px 0px 0px; text-align: left; color: rgb(255, 255, 255); font-family: AmazonEmber_Md, &quot;Amazon Ember&quot;, Arial, sans-serif; font-size: 21px;\">BuzzFeed</div></div></li><li class=\"a-carousel-card carousel-card-1\" role=\"listitem\" aria-setsize=\"4\" aria-posinset=\"2\" aria-hidden=\"true\" style=\"list-style: none; overflow-wrap: break-word; margin: 0px; vertical-align: top; text-align: center; overflow: hidden; width: 1100px; min-height: 100%; display: inline-block; white-space: normal; letter-spacing: normal; max-width: 100%; height: 420px; background-image: url(&quot;https://m.media-amazon.com/images/G/01/associates/network/welcome/carousel_bg_1_1x.jpg&quot;); visibility: hidden;\"><div class=\"overlay-container\" style=\"background: rgba(0, 0, 0, 0.4); height: 420px; padding: 60px 0px 0px 60px;\"><div class=\"ac-welcome-page-carousel-quote-text\" style=\"width: 728px; color: rgb(255, 255, 255); left: 15%; margin: 0px 0px 30px; text-align: left; font-size: 28px; line-height: 1.32; font-family: AmazonEmber_Lt, &quot;Amazon Ember&quot;, Arial, sans-serif;\"></div><div class=\"ac-welcome-page-carousel-quote-author\" style=\"margin: 30px 0px 0px; text-align: left; color: rgb(255, 255, 255); font-family: AmazonEmber_Md, &quot;Amazon Ember&quot;, Arial, sans-serif; font-size: 21px;\"></div></div></li><li class=\"a-carousel-card carousel-card-2\" role=\"listitem\" aria-setsize=\"4\" aria-posinset=\"3\" aria-hidden=\"true\" style=\"list-style: none; overflow-wrap: break-word; margin: 0px; vertical-align: top; text-align: center; overflow: hidden; width: 1100px; min-height: 100%; display: inline-block; white-space: normal; letter-spacing: normal; max-width: 100%; height: 420px; background-image: url(&quot;https://m.media-amazon.com/images/G/01/associates/network/welcome/carousel_bg_2_1x.jpg&quot;); visibility: hidden;\"><div class=\"overlay-container\" style=\"background: rgba(0, 0, 0, 0.4); height: 420px; padding: 60px 0px 0px 60px;\"><div class=\"ac-welcome-page-carousel-quote-text\" style=\"width: 728px; color: rgb(255, 255, 255); left: 15%; margin: 0px 0px 30px; text-align: left; font-size: 28px; line-height: 1.32; font-family: AmazonEmber_Lt, &quot;Amazon Ember&quot;, Arial, sans-serif;\"></div><div class=\"ac-welcome-page-carousel-quote-author\" style=\"margin: 30px 0px 0px; text-align: left; color: rgb(255, 255, 255); font-family: AmazonEmber_Md, &quot;Amazon Ember&quot;, Arial, sans-serif; font-size: 21px;\"></div></div></li></ol></div></div></div></div></div><ul class=\"a-unordered-list a-nostyle a-button-list a-declarative a-button-toggle-group a-horizontal ac-carousel-circular-nav ac-welcome-page-carousel\" role=\"radiogroup\" data-csa-c-func-deps=\"aui-da-a-button-group\" data-csa-c-type=\"widget\" data-csa-interaction-events=\"click\" data-action=\"a-button-group\" data-a-button-group=\"{&quot;name&quot;:&quot;ac-carousel-circular-nav&quot;}\" style=\"margin: 20px 0px 0px -6px; padding: 0px; text-align: center;\"><li class=\"a-list-normal\" role=\"button\" style=\"list-style: none; overflow-wrap: break-word; margin: 0px 0px 0px 6px; display: inline-block;\"><span class=\"a-list-item\"><span class=\"a-button a-button-toggle a-button-selected\" id=\"a-autoid-1\" style=\"background: rgb(85, 85, 85); border-radius: 50%; border-color: rgb(85, 85, 85); border-style: solid; border-width: 1px; cursor: pointer; display: inline-block; overflow: hidden; padding: 0px; vertical-align: middle; width: 9px; height: 9px; box-shadow: none;\"><span class=\"a-button-inner\" style=\"display: block; position: relative; overflow: hidden; height: auto; border-radius: 50%; background-image: initial; background-position: initial; background-size: initial; background-repeat: initial; background-attachment: initial; background-origin: initial; background-clip: initial; filter: none; box-shadow: none;\"><input data-name=\"ac-welcome-page-carousel\" data-page=\"0\" class=\"a-button-input\" type=\"submit\" value=\"1\" aria-labelledby=\"a-autoid-1-announce\" style=\"font-size: 13px; vertical-align: middle; line-height: 19px; transition: all 0.1s linear 0s; position: absolute; border-width: 0px; border-style: initial; border-color: initial; height: 10px; width: 12px; left: 0px; top: 0px; opacity: 0.01; outline: 0px; overflow: visible; z-index: 20;\"><span class=\"a-button-text\" aria-hidden=\"true\" id=\"a-autoid-1-announce\" style=\"background-color: transparent; border: 0px; display: block; line-height: 19px; margin: 0px; outline: 0px; padding: 5px 10px 5px 11px; text-align: left; font-weight: 700;\"></span></span></span></span></li><li class=\"a-list-normal\" role=\"button\" style=\"list-style: none; overflow-wrap: break-word; margin: 0px 0px 0px 6px; display: inline-block;\"><span class=\"a-list-item\"><span class=\"a-button a-button-toggle\" id=\"a-autoid-2\" style=\"background-image: initial; background-position: initial; background-size: initial; background-repeat: initial; background-attachment: initial; background-origin: initial; background-clip: initial; border-radius: 50%; border-color: rgb(85, 85, 85); border-style: solid; border-width: 1px; cursor: pointer; display: inline-block; overflow: hidden; padding: 0px; vertical-align: middle; width: 9px; height: 9px;\"><span class=\"a-button-inner\" style=\"display: block; position: relative; overflow: hidden; height: auto; border-radius: 2px; background-image: none; filter: none;\"><input data-name=\"ac-welcome-page-carousel\" data-page=\"1\" class=\"a-button-input\" type=\"submit\" value=\"1\" aria-labelledby=\"a-autoid-2-announce\" style=\"font-size: 13px; vertical-align: middle; line-height: 19px; transition: all 0.1s linear 0s; position: absolute; border-width: 0px; border-style: initial; border-color: initial; height: 10px; width: 12px; left: 0px; top: 0px; opacity: 0.01; outline: 0px; overflow: visible; z-index: 20;\"><span class=\"a-button-text\" aria-hidden=\"true\" id=\"a-autoid-2-announce\" style=\"background-color: transparent; border: 0px; display: block; line-height: 19px; margin: 0px; outline: 0px; padding: 5px 10px 5px 11px; text-align: left;\"></span></span></span></span></li><li class=\"a-list-normal\" role=\"button\" style=\"list-style: none; overflow-wrap: break-word; margin: 0px 0px 0px 6px; display: inline-block;\"><span class=\"a-list-item\"><span class=\"a-button a-button-toggle\" id=\"a-autoid-3\" style=\"background-image: initial; background-position: initial; background-size: initial; background-repeat: initial; background-attachment: initial; background-origin: initial; background-clip: initial; border-radius: 50%; border-color: rgb(85, 85, 85); border-style: solid; border-width: 1px; cursor: pointer; display: inline-block; overflow: hidden; padding: 0px; vertical-align: middle; width: 9px; height: 9px;\"><span class=\"a-button-inner\" style=\"display: block; position: relative; overflow: hidden; height: auto; border-radius: 2px; background-image: none; filter: none;\"><input data-name=\"ac-welcome-page-carousel\" data-page=\"2\" class=\"a-button-input\" type=\"submit\" value=\"1\" aria-labelledby=\"a-autoid-3-announce\" style=\"font-size: 13px; vertical-align: middle; line-height: 19px; transition: all 0.1s linear 0s; position: absolute; border-width: 0px; border-style: initial; border-color: initial; height: 10px; width: 12px; left: 0px; top: 0px; opacity: 0.01; outline: 0px; overflow: visible; z-index: 20;\"><span class=\"a-button-text\" aria-hidden=\"true\" id=\"a-autoid-3-announce\" style=\"background-color: transparent; border: 0px; display: block; line-height: 19px; margin: 0px; outline: 0px; padding: 5px 10px 5px 11px; text-align: left;\"></span></span></span></span></li><li class=\"a-list-normal\" role=\"button\" style=\"list-style: none; overflow-wrap: break-word; margin: 0px 0px 0px 6px; display: inline-block;\"><span class=\"a-list-item\"><span class=\"a-button a-button-toggle\" id=\"a-autoid-4\" style=\"background-image: initial; background-position: initial; background-size: initial; background-repeat: initial; background-attachment: initial; background-origin: initial; background-clip: initial; border-radius: 50%; border-color: rgb(85, 85, 85); border-style: solid; border-width: 1px; cursor: pointer; display: inline-block; overflow: hidden; padding: 0px; vertical-align: middle; width: 9px; height: 9px;\"><span class=\"a-button-inner\" style=\"display: block; position: relative; overflow: hidden; height: auto; border-radius: 2px; background-image: none; filter: none;\"><input data-name=\"ac-welcome-page-carousel\" data-page=\"3\" class=\"a-button-input\" type=\"submit\" value=\"1\" aria-labelledby=\"a-autoid-4-announce\" style=\"font-size: 13px; vertical-align: middle; line-height: 19px; transition: all 0.1s linear 0s; position: absolute; border-width: 0px; border-style: initial; border-color: initial; height: 10px; width: 12px; left: 0px; top: 0px; opacity: 0.01; outline: 0px; overflow: visible; z-index: 20;\"><span class=\"a-button-text\" aria-hidden=\"true\" id=\"a-autoid-4-announce\" style=\"background-color: transparent; border: 0px; display: block; line-height: 19px; margin: 0px; outline: 0px; padding: 5px 10px 5px 11px; text-align: left;\"></span></span></span></span></li></ul></div></div><div class=\"ac-welcome-page-faq-container\" style=\"margin-top: 60px; width: 1100px; overflow: auto; padding: 0px 30px; font-size: 16px;\"><h2 class=\"ac-welcome-page-faq-title\" style=\"padding: 0px; margin-right: 0px; margin-bottom: 0px; margin-left: 0px; text-rendering: optimizelegibility; font-size: 28px; line-height: 1.16; color: inherit;\">Frequently Asked Questions</h2><div class=\"ac-welcome-page-questions\" style=\"float: left; display: inline-block;\"><ul style=\"margin: 0px; padding: 0px 52px 0px 0px; float: left; width: 520px;\"><li style=\"list-style: none; overflow-wrap: break-word; margin: 0px; float: left;\"><div class=\"ac-welcome-page-question\" style=\"font-size: 21px; color: rgb(0, 0, 0); margin-top: 40px; margin-bottom: 20px; line-height: 1.2;\">How does the Associates Program work?</div><div class=\"ac-welcome-page-answer\" style=\"margin-top: 5px; font-family: AmazonEmber_Lt, &quot;Amazon Ember&quot;, Arial, sans-serif; color: rgb(0, 0, 0); line-height: 21px;\">You can share products and available programs on Amazon with your audience through customized linking tools and earn money on qualifying purchases and customer actions like signing up for a free trial program.&nbsp;<a href=\"https://affiliate-program.amazon.com/welcome/topic/tools/ref=amb_link_0SCmvU4qQnOltlh4q-t01g_1?pf_rd_p=52944aa9-5c7d-441e-8c97-2082bebdb7ed\" style=\"color: rgb(0, 113, 133);\">Learn more.</a></div></li><li style=\"list-style: none; overflow-wrap: break-word; margin: 0px; float: left;\"><div class=\"ac-welcome-page-question\" style=\"font-size: 21px; color: rgb(0, 0, 0); margin-top: 40px; margin-bottom: 20px; line-height: 1.2;\">How do I qualify for this program?</div><div class=\"ac-welcome-page-answer\" style=\"margin-top: 5px; font-family: AmazonEmber_Lt, &quot;Amazon Ember&quot;, Arial, sans-serif; color: rgb(0, 0, 0); line-height: 21px;\">Bloggers, publishers and content creators with a qualifying website or mobile app can participate in this program.&nbsp;<a href=\"https://affiliate-program.amazon.com/help/operating/policies/ref=amb_link_0SCmvU4qQnOltlh4q-t01g_2?pf_rd_p=52944aa9-5c7d-441e-8c97-2082bebdb7ed&amp;ac-ms-src=ac-nav%23Associates+Program+Participation+Requirements\" style=\"color: rgb(0, 113, 133);\">Learn more.</a><div class=\"\" style=\"margin-top: 20px;\">If you\'re an influencer with an established social media following,&nbsp;<a href=\"https://affiliate-program.amazon.com/influencers/ref=amb_link_0SCmvU4qQnOltlh4q-t01g_3?pf_rd_p=52944aa9-5c7d-441e-8c97-2082bebdb7ed\" style=\"color: rgb(0, 113, 133);\">learn about the Amazon Influencer Program.</a></div></div></li></ul><ul style=\"margin: 0px; padding: 0px 52px 0px 0px; float: left; width: 520px;\"><li style=\"list-style: none; overflow-wrap: break-word; margin: 0px; float: left;\"><div class=\"ac-welcome-page-question\" style=\"font-size: 21px; color: rgb(0, 0, 0); margin-top: 40px; margin-bottom: 20px; line-height: 1.2;\">How do I earn in this program?</div><div class=\"ac-welcome-page-answer\" style=\"margin-top: 5px; font-family: AmazonEmber_Lt, &quot;Amazon Ember&quot;, Arial, sans-serif; color: rgb(0, 0, 0); line-height: 21px;\">You earn from qualifying purchases and programs through the traffic you drive to Amazon. Commission income for qualifying purchases and programs differ based on product category.&nbsp;<a href=\"https://affiliate-program.amazon.com/help/node/topic/GRXPHT8U84RAYDXZ/ref=amb_link_0SCmvU4qQnOltlh4q-t01g_4?pf_rd_p=52944aa9-5c7d-441e-8c97-2082bebdb7ed\" style=\"color: rgb(0, 113, 133);\">Learn more.</a></div></li><li style=\"list-style: none; overflow-wrap: break-word; margin: 0px; float: left;\"><div class=\"ac-welcome-page-question\" style=\"font-size: 21px; color: rgb(0, 0, 0); margin-top: 40px; margin-bottom: 20px; line-height: 1.2;\">How do I sign up to the program?</div><div class=\"ac-welcome-page-answer\" style=\"margin-top: 5px; font-family: AmazonEmber_Lt, &quot;Amazon Ember&quot;, Arial, sans-serif; color: rgb(0, 0, 0); line-height: 21px;\">Sign up to the program&nbsp;<a href=\"https://affiliate-program.amazon.com/signup/ref=amb_link_0SCmvU4qQnOltlh4q-t01g_5?pf_rd_p=52944aa9-5c7d-441e-8c97-2082bebdb7ed\" style=\"color: rgb(0, 113, 133);\">here.</a><div class=\"\" style=\"margin-top: 20px;\">We will review your application and approve it if you meet the qualifying criteria.&nbsp;<a href=\"https://affiliate-program.amazon.com/help/node/topic/G8TW5AE9XL2VX9VM/ref=amb_link_0SCmvU4qQnOltlh4q-t01g_6?pf_rd_p=52944aa9-5c7d-441e-8c97-2082bebdb7ed\" style=\"color: rgb(0, 113, 133);\">Learn more.</a></div></div></li></ul></div></div></div></div>',_binary '','Become an Affiliate',0,'2022-11-09 09:32:06.785000',30),(7,'About-Us','<div><div class=\"Homepage-above\" data-modulewell=\"\" style=\"-webkit-font-smoothing: antialiased; color: rgb(0, 0, 0); font-family: amazon_ember, Arial, sans-serif; font-size: medium;\"><div data-module=\"\" class=\"ListFastFacts\" style=\"-webkit-font-smoothing: antialiased; background-color: rgb(241, 246, 246); padding: 20px calc((100% - 1240px) / 2); margin-bottom: 25px;\"><div data-width=\"full-width-constrained\" style=\"-webkit-font-smoothing: antialiased; position: relative;\"><bsp-list-fast-facts-carousel class=\"ListFastFacts-wrapper\" data-autoplay=\"true\" data-autoplay-speed=\"8000\" style=\"-webkit-font-smoothing: antialiased;\"><div class=\"ListFastFacts-controls\" style=\"-webkit-font-smoothing: antialiased; position: absolute; color: rgb(112, 115, 121); font-size: 12px; line-height: 24px; letter-spacing: 2px; padding: 0px 60px; right: -10px; top: 24px; transform: translateY(-50%); min-width: 175px; display: flex; justify-content: center;\"><div class=\"flickity-counter\" style=\"-webkit-font-smoothing: antialiased;\">2 / 10</div><button class=\"flickity-button flickity-prev-next-button next\" type=\"button\" aria-label=\"Next\" style=\"-webkit-font-smoothing: antialiased; color: rgb(24, 32, 42); font-style: inherit; font-variant: inherit; font-weight: inherit; font-stretch: inherit; overflow: visible; position: absolute; background-image: initial; background-position: initial; background-size: initial; background-repeat: initial; background-attachment: initial; background-origin: initial; background-clip: initial; border-width: 1px; border-style: solid; border-color: rgb(219, 221, 225); top: 12px; width: 24px; height: 24px; border-radius: 50%; transform: translateY(-50%); right: 10px;\"><svg class=\"flickity-button-icon\" viewBox=\"0 0 100 100\"><path d=\"M92.5,42.5H25.6L37.8,30.3A7.5,7.5,0,1,0,27.2,19.7l-25,25a7.5,7.5,0,0,0,0,10.6l25,25a7.5,7.5,0,0,0,10.6,0,7.5,7.5,0,0,0,0-10.6L25.6,57.5H92.5a7.5,7.5,0,0,0,0-15Z\" class=\"arrow\" transform=\"translate(100, 100) rotate(180) \"></path></svg></button></div></bsp-list-fast-facts-carousel></div></div></div><div class=\"Homepage-contentWrapper\" style=\"-webkit-font-smoothing: antialiased; max-width: unset; margin: 0px auto; color: rgb(0, 0, 0); font-family: amazon_ember, Arial, sans-serif; font-size: medium;\"><main class=\"Homepage-main\" data-modulewell=\"\" style=\"-webkit-font-smoothing: antialiased;\"><div class=\"Hub4\" data-module=\"\" data-width=\"full-width-mobile-only\" data-bsp-plugin=\"Module19819\" style=\"-webkit-font-smoothing: antialiased; margin-top: 25px; display: grid; grid-template-columns: 294px auto; padding-left: calc((100% - 1240px) / 2); padding-right: calc((100% - 1240px) / 2); padding-top: 0px; margin-bottom: -55px;\"><div class=\"Hub4-row\" style=\"-webkit-font-smoothing: antialiased; background: rgb(247, 247, 247); display: grid; grid-template-columns: 545px 399px; flex-shrink: 0; overflow: hidden; order: 2; width: 944px;\"><div class=\"Hub4-column\" style=\"-webkit-font-smoothing: antialiased; border-right: 1px solid rgb(219, 221, 225); border-left: 1px solid rgb(219, 221, 225);\"><div class=\"HubPromo\" data-content-type=\"article\" style=\"-webkit-font-smoothing: antialiased; position: relative; display: flex; flex-direction: column; justify-content: space-between; height: 627.833px;\"><div class=\"HubPromo-media\" style=\"-webkit-font-smoothing: antialiased;\"><a href=\"https://www.aboutamazon.com/news/transportation/rivian-amazon-van-expands-to-100-us-cities-by-end-of-2022\" data-amzn-id=\"00000184-439f-d545-a5e6-fbbff7ff0001\" data-cms-ai=\"0\" style=\"-webkit-font-smoothing: antialiased; background-color: transparent; color: rgb(15, 18, 24);\"><source media=\"(min-width: 1024px)\" type=\"image/webp\" width=\"1320\" height=\"743\" srcset=\"https://assets.aboutamazon.com/dims4/default/f0887a9/2147483647/strip/true/crop/2000x1126+0+0/resize/1320x743!/format/webp/quality/90/?url=https%3A%2F%2Famazon-blogs-brightspot.s3.amazonaws.com%2F4d%2F42%2F70dec02640579454676e5159b4f8%2Frivian-hero-2000x1126-2.jpg\" style=\"-webkit-font-smoothing: antialiased;\"><source media=\"(min-width: 1024px)\" width=\"1320\" height=\"743\" srcset=\"https://assets.aboutamazon.com/dims4/default/a697f58/2147483647/strip/true/crop/2000x1126+0+0/resize/1320x743!/quality/90/?url=https%3A%2F%2Famazon-blogs-brightspot.s3.amazonaws.com%2F4d%2F42%2F70dec02640579454676e5159b4f8%2Frivian-hero-2000x1126-2.jpg\" style=\"-webkit-font-smoothing: antialiased;\"><source media=\"(min-width: 768px)\" type=\"image/webp\" width=\"800\" height=\"800\" srcset=\"https://assets.aboutamazon.com/dims4/default/18e2709/2147483647/strip/true/crop/1126x1126+437+0/resize/300x300!/format/webp/quality/90/?url=https%3A%2F%2Famazon-blogs-brightspot.s3.amazonaws.com%2F4d%2F42%2F70dec02640579454676e5159b4f8%2Frivian-hero-2000x1126-2.jpg 300w,https://assets.aboutamazon.com/dims4/default/f2c69a6/2147483647/strip/true/crop/1126x1126+437+0/resize/500x500!/format/webp/quality/90/?url=https%3A%2F%2Famazon-blogs-brightspot.s3.amazonaws.com%2F4d%2F42%2F70dec02640579454676e5159b4f8%2Frivian-hero-2000x1126-2.jpg 500w,https://assets.aboutamazon.com/dims4/default/a4e4224/2147483647/strip/true/crop/1126x1126+437+0/resize/800x800!/format/webp/quality/90/?url=https%3A%2F%2Famazon-blogs-brightspot.s3.amazonaws.com%2F4d%2F42%2F70dec02640579454676e5159b4f8%2Frivian-hero-2000x1126-2.jpg 800w\" style=\"-webkit-font-smoothing: antialiased;\"><source media=\"(min-width: 768px)\" width=\"800\" height=\"800\" srcset=\"https://assets.aboutamazon.com/dims4/default/8b7b879/2147483647/strip/true/crop/1126x1126+437+0/resize/800x800!/quality/90/?url=https%3A%2F%2Famazon-blogs-brightspot.s3.amazonaws.com%2F4d%2F42%2F70dec02640579454676e5159b4f8%2Frivian-hero-2000x1126-2.jpg\" style=\"-webkit-font-smoothing: antialiased;\"><source type=\"image/webp\" width=\"1320\" height=\"743\" srcset=\"https://assets.aboutamazon.com/dims4/default/f0887a9/2147483647/strip/true/crop/2000x1126+0+0/resize/1320x743!/format/webp/quality/90/?url=https%3A%2F%2Famazon-blogs-brightspot.s3.amazonaws.com%2F4d%2F42%2F70dec02640579454676e5159b4f8%2Frivian-hero-2000x1126-2.jpg\" style=\"-webkit-font-smoothing: antialiased;\"><source width=\"1320\" height=\"743\" srcset=\"https://assets.aboutamazon.com/dims4/default/a697f58/2147483647/strip/true/crop/2000x1126+0+0/resize/1320x743!/quality/90/?url=https%3A%2F%2Famazon-blogs-brightspot.s3.amazonaws.com%2F4d%2F42%2F70dec02640579454676e5159b4f8%2Frivian-hero-2000x1126-2.jpg\" style=\"-webkit-font-smoothing: antialiased;\"><img class=\"Image\" alt=\"An Amazon delivery driver walks a package to a customer\'s front door while the Rivian delivery vehicle is parked on the street.\" width=\"1320\" height=\"743\" src=\"https://assets.aboutamazon.com/dims4/default/a697f58/2147483647/strip/true/crop/2000x1126+0+0/resize/1320x743!/quality/90/?url=https%3A%2F%2Famazon-blogs-brightspot.s3.amazonaws.com%2F4d%2F42%2F70dec02640579454676e5159b4f8%2Frivian-hero-2000x1126-2.jpg\" style=\"-webkit-font-smoothing: antialiased; border: 0px; display: block; width: 543px; height: 305.635px; object-fit: contain;\"></a></div><div class=\"HubPromo-content\" style=\"-webkit-font-smoothing: antialiased; background-image: initial; background-position: initial; background-size: initial; background-repeat: initial; background-attachment: initial; background-origin: initial; background-clip: initial; padding: 50px 40px;\"><div class=\"HubPromo-title\" style=\"-webkit-font-smoothing: antialiased; color: rgb(15, 18, 24); font-family: amazon_ember_serif, Times, serif; font-size: 24px; line-height: 1.3;\"><a class=\"Link\" href=\"https://www.aboutamazon.com/news/transportation/rivian-amazon-van-expands-to-100-us-cities-by-end-of-2022\" data-cms-ai=\"0\" style=\"-webkit-font-smoothing: antialiased; background-color: transparent; color: rgb(15, 18, 24);\">Amazons new electric vans will be making deliveries in over 100 U.S. cities this holiday season</a></div><div class=\"HubPromo-description\" style=\"-webkit-font-smoothing: antialiased; font-size: 14px; line-height: 1.71; color: rgb(74, 74, 74); margin-top: 20px;\"><a class=\"Link\" href=\"https://www.aboutamazon.com/news/transportation/rivian-amazon-van-expands-to-100-us-cities-by-end-of-2022\" data-cms-ai=\"0\" style=\"-webkit-font-smoothing: antialiased; background-color: transparent; color: rgb(15, 18, 24);\">Since first rolling out in July, Amazons zero-emissions vehicles from Rivian have delivered more than 5 million packages to customers in the U.S.</a></div><div class=\"HubPromo-button\" style=\"-webkit-font-smoothing: antialiased; margin-top: 20px; font-size: 14px; line-height: 1.2; display: inline-flex; position: relative;\"><a class=\"Link\" href=\"https://www.aboutamazon.com/news/transportation/rivian-amazon-van-expands-to-100-us-cities-by-end-of-2022\" data-amzn-id=\"00000184-439f-d545-a5e6-fbbff7ff0001\" data-cms-ai=\"0\" style=\"-webkit-font-smoothing: antialiased; background-color: transparent; color: rgb(15, 18, 24); display: inline-block; margin-right: 10px; position: relative;\"><span style=\"-webkit-font-smoothing: antialiased;\">Read more</span></a></div></div></div></div><div class=\"Hub4-column\" style=\"-webkit-font-smoothing: antialiased;\"><div class=\"Hub4-list\" style=\"-webkit-font-smoothing: antialiased; overflow: hidden; position: relative; width: 399px; padding: 0px; height: 627.833px;\"><div class=\"Hub4-list-title\" style=\"-webkit-font-smoothing: antialiased; background-image: initial; background-position: initial; background-size: initial; background-repeat: initial; background-attachment: initial; background-origin: initial; background-clip: initial; color: rgb(112, 115, 121); text-transform: uppercase; font-size: 12px; border-bottom: 1px solid rgb(219, 221, 225); padding: 17px 20px; letter-spacing: 2px;\">TOP STORIES</div><div class=\"Hub4-list-items\" style=\"-webkit-font-smoothing: antialiased; height: calc(100% - 90px);\"><div class=\"Hub4-list-items-item\" style=\"-webkit-font-smoothing: antialiased; background-image: initial; background-position: initial; background-size: initial; background-repeat: initial; background-attachment: initial; background-origin: initial; background-clip: initial; border-bottom: 1px solid rgb(219, 221, 225); align-items: center; display: flex; height: 134.458px;\"><div class=\"HubPromoImageOnSide\" data-content-type=\"listicle\" style=\"-webkit-font-smoothing: antialiased; background-image: initial; background-position: initial; background-size: initial; background-repeat: initial; background-attachment: initial; background-origin: initial; background-clip: initial; padding: 15px 20px; display: flex; align-items: center; height: 133.458px;\"><div class=\"HubPromoImageOnSide-wrapper\" style=\"-webkit-font-smoothing: antialiased; display: flex;\"><div class=\"HubPromoImageOnSide-media\" style=\"-webkit-font-smoothing: antialiased; width: 140px; flex-shrink: 0; margin-right: 20px; position: relative;\"><a href=\"https://www.aboutamazon.com/news/devices/alexa-updates-what-alexa-learned-this-month\" data-amzn-id=\"0000017f-46ed-d6be-ad7f-f6ede0870002\" data-cms-ai=\"0\" style=\"-webkit-font-smoothing: antialiased; background-color: transparent; color: rgb(15, 18, 24);\"><source media=\"(min-width: 1024px)\" type=\"image/webp\" width=\"1320\" height=\"743\" srcset=\"https://assets.aboutamazon.com/dims4/default/3b4a412/2147483647/strip/true/crop/1919x1080+1+0/resize/1320x743!/format/webp/quality/90/?url=https%3A%2F%2Famazon-blogs-brightspot.s3.amazonaws.com%2F67%2Ffe%2F1e62e89441b8b172b0bca9929d3f%2Falexa-new.jpg\" style=\"-webkit-font-smoothing: antialiased;\"><source media=\"(min-width: 1024px)\" width=\"1320\" height=\"743\" srcset=\"https://assets.aboutamazon.com/dims4/default/9d5186d/2147483647/strip/true/crop/1919x1080+1+0/resize/1320x743!/quality/90/?url=https%3A%2F%2Famazon-blogs-brightspot.s3.amazonaws.com%2F67%2Ffe%2F1e62e89441b8b172b0bca9929d3f%2Falexa-new.jpg\" style=\"-webkit-font-smoothing: antialiased;\"><source type=\"image/webp\" width=\"800\" height=\"800\" srcset=\"https://assets.aboutamazon.com/dims4/default/077c1bb/2147483647/strip/true/crop/1080x1080+420+0/resize/300x300!/format/webp/quality/90/?url=https%3A%2F%2Famazon-blogs-brightspot.s3.amazonaws.com%2F67%2Ffe%2F1e62e89441b8b172b0bca9929d3f%2Falexa-new.jpg 300w,https://assets.aboutamazon.com/dims4/default/e70ea29/2147483647/strip/true/crop/1080x1080+420+0/resize/500x500!/format/webp/quality/90/?url=https%3A%2F%2Famazon-blogs-brightspot.s3.amazonaws.com%2F67%2Ffe%2F1e62e89441b8b172b0bca9929d3f%2Falexa-new.jpg 500w,https://assets.aboutamazon.com/dims4/default/e482127/2147483647/strip/true/crop/1080x1080+420+0/resize/800x800!/format/webp/quality/90/?url=https%3A%2F%2Famazon-blogs-brightspot.s3.amazonaws.com%2F67%2Ffe%2F1e62e89441b8b172b0bca9929d3f%2Falexa-new.jpg 800w\" style=\"-webkit-font-smoothing: antialiased;\"><source width=\"800\" height=\"800\" srcset=\"https://assets.aboutamazon.com/dims4/default/b2d6e96/2147483647/strip/true/crop/1080x1080+420+0/resize/800x800!/quality/90/?url=https%3A%2F%2Famazon-blogs-brightspot.s3.amazonaws.com%2F67%2Ffe%2F1e62e89441b8b172b0bca9929d3f%2Falexa-new.jpg\" style=\"-webkit-font-smoothing: antialiased;\"><img class=\"Image\" alt=\"An image of a child sitting on a sofa looking at an Amazon Echo Show 8 device. The child is wearing green pants and a sweater with starts and planets on it. \" srcset=\"https://assets.aboutamazon.com/dims4/default/2cfbf4c/2147483647/strip/true/crop/1080x1080+420+0/resize/300x300!/quality/90/?url=https%3A%2F%2Famazon-blogs-brightspot.s3.amazonaws.com%2F67%2Ffe%2F1e62e89441b8b172b0bca9929d3f%2Falexa-new.jpg 300w,https://assets.aboutamazon.com/dims4/default/7b60492/2147483647/strip/true/crop/1080x1080+420+0/resize/500x500!/quality/90/?url=https%3A%2F%2Famazon-blogs-brightspot.s3.amazonaws.com%2F67%2Ffe%2F1e62e89441b8b172b0bca9929d3f%2Falexa-new.jpg 500w,https://assets.aboutamazon.com/dims4/default/b2d6e96/2147483647/strip/true/crop/1080x1080+420+0/resize/800x800!/quality/90/?url=https%3A%2F%2Famazon-blogs-brightspot.s3.amazonaws.com%2F67%2Ffe%2F1e62e89441b8b172b0bca9929d3f%2Falexa-new.jpg 800w\" width=\"800\" height=\"800\" src=\"https://assets.aboutamazon.com/dims4/default/b2d6e96/2147483647/strip/true/crop/1080x1080+420+0/resize/800x800!/quality/90/?url=https%3A%2F%2Famazon-blogs-brightspot.s3.amazonaws.com%2F67%2Ffe%2F1e62e89441b8b172b0bca9929d3f%2Falexa-new.jpg\" style=\"-webkit-font-smoothing: antialiased; border: 0px; display: block; height: auto; width: 140px;\"></a></div><div class=\"HubPromoImageOnSide-content\" style=\"-webkit-font-smoothing: antialiased;\"><div class=\"HubPromoImageOnSide-title\" style=\"-webkit-font-smoothing: antialiased; color: rgb(15, 18, 24); font-size: 14px; line-height: 1.71; position: relative; top: 39.3958px; transform: translateY(-50%);\"><a class=\"Link\" href=\"https://www.aboutamazon.com/news/devices/alexa-updates-what-alexa-learned-this-month\" data-cms-ai=\"0\" style=\"-webkit-font-smoothing: antialiased; background-color: transparent; color: rgb(15, 18, 24); display: block;\"><span style=\"-webkit-font-smoothing: antialiased;\">What are the newest Alexa features?</span></a></div></div></div></div></div><div class=\"Hub4-list-items-item\" style=\"-webkit-font-smoothing: antialiased; background-image: initial; background-position: initial; background-size: initial; background-repeat: initial; background-attachment: initial; background-origin: initial; background-clip: initial; border-bottom: 1px solid rgb(219, 221, 225); align-items: center; display: flex; height: 134.458px;\"><div class=\"HubPromoImageOnSide\" data-content-type=\"article\" style=\"-webkit-font-smoothing: antialiased; background-image: initial; background-position: initial; background-size: initial; background-repeat: initial; background-attachment: initial; background-origin: initial; background-clip: initial; padding: 15px 20px; display: flex; align-items: center; height: 133.458px;\"><div class=\"HubPromoImageOnSide-wrapper\" style=\"-webkit-font-smoothing: antialiased; display: flex;\"><div class=\"HubPromoImageOnSide-media\" style=\"-webkit-font-smoothing: antialiased; width: 140px; flex-shrink: 0; margin-right: 20px; position: relative;\"><a href=\"https://www.aboutamazon.com/news/sustainability/amazon-commits-53-million-to-fast-track-innovations-by-female-climate-tech-entrepreneurs\" data-amzn-id=\"00000184-3973-d0e5-a994-fffbc8570001\" data-cms-ai=\"0\" style=\"-webkit-font-smoothing: antialiased; background-color: transparent; color: rgb(15, 18, 24);\"><source media=\"(min-width: 1024px)\" type=\"image/webp\" width=\"1320\" height=\"743\" srcset=\"https://assets.aboutamazon.com/dims4/default/1131241/2147483647/strip/true/crop/1919x1080+1+0/resize/1320x743!/format/webp/quality/90/?url=https%3A%2F%2Famazon-blogs-brightspot.s3.amazonaws.com%2F7d%2F65%2F5541b3674a19baf2f35a83a71cc9%2Fclimate-tech-hero-1.jpg\" style=\"-webkit-font-smoothing: antialiased;\"><source media=\"(min-width: 1024px)\" width=\"1320\" height=\"743\" srcset=\"https://assets.aboutamazon.com/dims4/default/80ec17a/2147483647/strip/true/crop/1919x1080+1+0/resize/1320x743!/quality/90/?url=https%3A%2F%2Famazon-blogs-brightspot.s3.amazonaws.com%2F7d%2F65%2F5541b3674a19baf2f35a83a71cc9%2Fclimate-tech-hero-1.jpg\" style=\"-webkit-font-smoothing: antialiased;\"><source type=\"image/webp\" width=\"800\" height=\"800\" srcset=\"https://assets.aboutamazon.com/dims4/default/f9a5f91/2147483647/strip/true/crop/1080x1080+232+0/resize/300x300!/format/webp/quality/90/?url=https%3A%2F%2Famazon-blogs-brightspot.s3.amazonaws.com%2F7d%2F65%2F5541b3674a19baf2f35a83a71cc9%2Fclimate-tech-hero-1.jpg 300w,https://assets.aboutamazon.com/dims4/default/04ee296/2147483647/strip/true/crop/1080x1080+232+0/resize/500x500!/format/webp/quality/90/?url=https%3A%2F%2Famazon-blogs-brightspot.s3.amazonaws.com%2F7d%2F65%2F5541b3674a19baf2f35a83a71cc9%2Fclimate-tech-hero-1.jpg 500w,https://assets.aboutamazon.com/dims4/default/30bea59/2147483647/strip/true/crop/1080x1080+232+0/resize/800x800!/format/webp/quality/90/?url=https%3A%2F%2Famazon-blogs-brightspot.s3.amazonaws.com%2F7d%2F65%2F5541b3674a19baf2f35a83a71cc9%2Fclimate-tech-hero-1.jpg 800w\" style=\"-webkit-font-smoothing: antialiased;\"><source width=\"800\" height=\"800\" srcset=\"https://assets.aboutamazon.com/dims4/default/bba6b72/2147483647/strip/true/crop/1080x1080+232+0/resize/800x800!/quality/90/?url=https%3A%2F%2Famazon-blogs-brightspot.s3.amazonaws.com%2F7d%2F65%2F5541b3674a19baf2f35a83a71cc9%2Fclimate-tech-hero-1.jpg\" style=\"-webkit-font-smoothing: antialiased;\"><img class=\"Image\" alt=\"A woman wears an orange safey vest, a hard hat, and sungalsses as she walks outside by a solar farm.\" srcset=\"https://assets.aboutamazon.com/dims4/default/4758549/2147483647/strip/true/crop/1080x1080+232+0/resize/300x300!/quality/90/?url=https%3A%2F%2Famazon-blogs-brightspot.s3.amazonaws.com%2F7d%2F65%2F5541b3674a19baf2f35a83a71cc9%2Fclimate-tech-hero-1.jpg 300w,https://assets.aboutamazon.com/dims4/default/64ff070/2147483647/strip/true/crop/1080x1080+232+0/resize/500x500!/quality/90/?url=https%3A%2F%2Famazon-blogs-brightspot.s3.amazonaws.com%2F7d%2F65%2F5541b3674a19baf2f35a83a71cc9%2Fclimate-tech-hero-1.jpg 500w,https://assets.aboutamazon.com/dims4/default/bba6b72/2147483647/strip/true/crop/1080x1080+232+0/resize/800x800!/quality/90/?url=https%3A%2F%2Famazon-blogs-brightspot.s3.amazonaws.com%2F7d%2F65%2F5541b3674a19baf2f35a83a71cc9%2Fclimate-tech-hero-1.jpg 800w\" width=\"800\" height=\"800\" src=\"https://assets.aboutamazon.com/dims4/default/bba6b72/2147483647/strip/true/crop/1080x1080+232+0/resize/800x800!/quality/90/?url=https%3A%2F%2Famazon-blogs-brightspot.s3.amazonaws.com%2F7d%2F65%2F5541b3674a19baf2f35a83a71cc9%2Fclimate-tech-hero-1.jpg\" style=\"-webkit-font-smoothing: antialiased; border: 0px; display: block; height: auto; width: 140px;\"></a></div><div class=\"HubPromoImageOnSide-content\" style=\"-webkit-font-smoothing: antialiased;\"><div class=\"HubPromoImageOnSide-title\" style=\"-webkit-font-smoothing: antialiased; color: rgb(15, 18, 24); font-size: 14px; line-height: 1.71; position: relative; top: 47.875px; transform: translateY(-50%);\"><a class=\"Link\" href=\"https://www.aboutamazon.com/news/sustainability/amazon-commits-53-million-to-fast-track-innovations-by-female-climate-tech-entrepreneurs\" data-cms-ai=\"0\" style=\"-webkit-font-smoothing: antialiased; background-color: transparent; color: rgb(15, 18, 24); display: block;\"><span style=\"-webkit-font-smoothing: antialiased;\">Amazon commits $53 million to fast-track innovations by female climate tech entrepreneurs</span></a></div></div></div></div></div><div class=\"Hub4-list-items-item\" style=\"-webkit-font-smoothing: antialiased; background-image: initial; background-position: initial; background-size: initial; background-repeat: initial; background-attachment: initial; background-origin: initial; background-clip: initial; border-bottom: 1px solid rgb(219, 221, 225); align-items: center; display: flex; height: 134.458px;\"><div class=\"HubPromoImageOnSide\" data-content-type=\"article\" style=\"-webkit-font-smoothing: antialiased; background-image: initial; background-position: initial; background-size: initial; background-repeat: initial; background-attachment: initial; background-origin: initial; background-clip: initial; padding: 15px 20px; display: flex; align-items: center; height: 133.458px;\"><div class=\"HubPromoImageOnSide-wrapper\" style=\"-webkit-font-smoothing: antialiased; display: flex;\"><div class=\"HubPromoImageOnSide-media\" style=\"-webkit-font-smoothing: antialiased; width: 140px; flex-shrink: 0; margin-right: 20px; position: relative;\"><a href=\"https://www.aboutamazon.com/news/devices/inside-the-writers-room-cranking-out-alexas-jokes-from-the-cheeky-to-the-downright-corny\" data-amzn-id=\"00000184-4407-d8fd-a1d6-5657fabc0001\" data-cms-ai=\"0\" style=\"-webkit-font-smoothing: antialiased; background-color: transparent; color: rgb(15, 18, 24);\"><source media=\"(min-width: 1024px)\" type=\"image/webp\" width=\"1320\" height=\"743\" srcset=\"https://assets.aboutamazon.com/dims4/default/a0c115f/2147483647/strip/true/crop/2000x1126+0+0/resize/1320x743!/format/webp/quality/90/?url=https%3A%2F%2Famazon-blogs-brightspot.s3.amazonaws.com%2Fb9%2F65%2F3a34e36346bc92d78f372571e662%2Falexajokes-hero-2000x1126-updated.jpg\" style=\"-webkit-font-smoothing: antialiased;\"><source media=\"(min-width: 1024px)\" width=\"1320\" height=\"743\" srcset=\"https://assets.aboutamazon.com/dims4/default/020eb8c/2147483647/strip/true/crop/2000x1126+0+0/resize/1320x743!/quality/90/?url=https%3A%2F%2Famazon-blogs-brightspot.s3.amazonaws.com%2Fb9%2F65%2F3a34e36346bc92d78f372571e662%2Falexajokes-hero-2000x1126-updated.jpg\" style=\"-webkit-font-smoothing: antialiased;\"><source type=\"image/webp\" width=\"800\" height=\"800\" srcset=\"https://assets.aboutamazon.com/dims4/default/0488c36/2147483647/strip/true/crop/1126x1126+437+0/resize/300x300!/format/webp/quality/90/?url=https%3A%2F%2Famazon-blogs-brightspot.s3.amazonaws.com%2Fb9%2F65%2F3a34e36346bc92d78f372571e662%2Falexajokes-hero-2000x1126-updated.jpg 300w,https://assets.aboutamazon.com/dims4/default/6592bcf/2147483647/strip/true/crop/1126x1126+437+0/resize/500x500!/format/webp/quality/90/?url=https%3A%2F%2Famazon-blogs-brightspot.s3.amazonaws.com%2Fb9%2F65%2F3a34e36346bc92d78f372571e662%2Falexajokes-hero-2000x1126-updated.jpg 500w,https://assets.aboutamazon.com/dims4/default/3ec0a1c/2147483647/strip/true/crop/1126x1126+437+0/resize/800x800!/format/webp/quality/90/?url=https%3A%2F%2Famazon-blogs-brightspot.s3.amazonaws.com%2Fb9%2F65%2F3a34e36346bc92d78f372571e662%2Falexajokes-hero-2000x1126-updated.jpg 800w\" style=\"-webkit-font-smoothing: antialiased;\"><source width=\"800\" height=\"800\" srcset=\"https://assets.aboutamazon.com/dims4/default/31fc7b0/2147483647/strip/true/crop/1126x1126+437+0/resize/800x800!/quality/90/?url=https%3A%2F%2Famazon-blogs-brightspot.s3.amazonaws.com%2Fb9%2F65%2F3a34e36346bc92d78f372571e662%2Falexajokes-hero-2000x1126-updated.jpg\" style=\"-webkit-font-smoothing: antialiased;\"><img class=\"Image\" alt=\"A woman sits on a chair next to Alexa in a living room. A word bubble reads, &quot;Alexa, tell me a joke.&quot;\" srcset=\"https://assets.aboutamazon.com/dims4/default/0aa3057/2147483647/strip/true/crop/1126x1126+437+0/resize/300x300!/quality/90/?url=https%3A%2F%2Famazon-blogs-brightspot.s3.amazonaws.com%2Fb9%2F65%2F3a34e36346bc92d78f372571e662%2Falexajokes-hero-2000x1126-updated.jpg 300w,https://assets.aboutamazon.com/dims4/default/1f87b6e/2147483647/strip/true/crop/1126x1126+437+0/resize/500x500!/quality/90/?url=https%3A%2F%2Famazon-blogs-brightspot.s3.amazonaws.com%2Fb9%2F65%2F3a34e36346bc92d78f372571e662%2Falexajokes-hero-2000x1126-updated.jpg 500w,https://assets.aboutamazon.com/dims4/default/31fc7b0/2147483647/strip/true/crop/1126x1126+437+0/resize/800x800!/quality/90/?url=https%3A%2F%2Famazon-blogs-brightspot.s3.amazonaws.com%2Fb9%2F65%2F3a34e36346bc92d78f372571e662%2Falexajokes-hero-2000x1126-updated.jpg 800w\" width=\"800\" height=\"800\" src=\"https://assets.aboutamazon.com/dims4/default/31fc7b0/2147483647/strip/true/crop/1126x1126+437+0/resize/800x800!/quality/90/?url=https%3A%2F%2Famazon-blogs-brightspot.s3.amazonaws.com%2Fb9%2F65%2F3a34e36346bc92d78f372571e662%2Falexajokes-hero-2000x1126-updated.jpg\" style=\"-webkit-font-smoothing: antialiased; border: 0px; display: block; height: auto; width: 140px;\"></a></div><div class=\"HubPromoImageOnSide-content\" style=\"-webkit-font-smoothing: antialiased;\"><div class=\"HubPromoImageOnSide-title\" style=\"-webkit-font-smoothing: antialiased; color: rgb(15, 18, 24); font-size: 14px; line-height: 1.71; position: relative; top: 47.875px; transform: translateY(-50%);\"><a class=\"Link\" href=\"https://www.aboutamazon.com/news/devices/inside-the-writers-room-cranking-out-alexas-jokes-from-the-cheeky-to-the-downright-corny\" data-cms-ai=\"0\" style=\"-webkit-font-smoothing: antialiased; background-color: transparent; color: rgb(15, 18, 24); display: block;\"><span style=\"-webkit-font-smoothing: antialiased;\">Inside the writers room cranking out Alexas jokes, from the cheeky to the downright corny</span></a></div></div></div></div></div><div class=\"Hub4-list-items-item\" style=\"-webkit-font-smoothing: antialiased; background-image: initial; background-position: initial; background-size: initial; background-repeat: initial; background-attachment: initial; background-origin: initial; background-clip: initial; border-bottom: 1px solid rgb(219, 221, 225); align-items: center; display: flex; height: 134.458px;\"><div class=\"HubPromoImageOnSide\" data-content-type=\"article\" style=\"-webkit-font-smoothing: antialiased; background-image: initial; background-position: initial; background-size: initial; background-repeat: initial; background-attachment: initial; background-origin: initial; background-clip: initial; padding: 15px 20px; display: flex; align-items: center; height: 133.458px;\"><div class=\"HubPromoImageOnSide-wrapper\" style=\"-webkit-font-smoothing: antialiased; display: flex;\"><div class=\"HubPromoImageOnSide-media\" style=\"-webkit-font-smoothing: antialiased; width: 140px; flex-shrink: 0; margin-right: 20px; position: relative;\"><a href=\"https://www.aboutamazon.com/news/operations/amazons-plan-to-serve-customers-this-holiday-season-includes-alternate-delivery-methods-and-easy-returns\" data-amzn-id=\"00000184-34c3-d71e-abaf-b4ef66740001\" data-cms-ai=\"0\" style=\"-webkit-font-smoothing: antialiased; background-color: transparent; color: rgb(15, 18, 24);\"><source media=\"(min-width: 1024px)\" type=\"image/webp\" width=\"1320\" height=\"743\" srcset=\"https://assets.aboutamazon.com/dims4/default/1c0ef7c/2147483647/strip/true/crop/2000x1126+0+0/resize/1320x743!/format/webp/quality/90/?url=https%3A%2F%2Famazon-blogs-brightspot.s3.amazonaws.com%2Fd3%2Fb4%2F91384c314326ababca65849c893c%2Fholidaypreparedness-hero-2000x1126.jpg\" style=\"-webkit-font-smoothing: antialiased;\"><source media=\"(min-width: 1024px)\" width=\"1320\" height=\"743\" srcset=\"https://assets.aboutamazon.com/dims4/default/b94f6bb/2147483647/strip/true/crop/2000x1126+0+0/resize/1320x743!/quality/90/?url=https%3A%2F%2Famazon-blogs-brightspot.s3.amazonaws.com%2Fd3%2Fb4%2F91384c314326ababca65849c893c%2Fholidaypreparedness-hero-2000x1126.jpg\" style=\"-webkit-font-smoothing: antialiased;\"><source type=\"image/webp\" width=\"800\" height=\"800\" srcset=\"https://assets.aboutamazon.com/dims4/default/28f9efa/2147483647/strip/true/crop/1126x1126+437+0/resize/300x300!/format/webp/quality/90/?url=https%3A%2F%2Famazon-blogs-brightspot.s3.amazonaws.com%2Fd3%2Fb4%2F91384c314326ababca65849c893c%2Fholidaypreparedness-hero-2000x1126.jpg 300w,https://assets.aboutamazon.com/dims4/default/ed5969b/2147483647/strip/true/crop/1126x1126+437+0/resize/500x500!/format/webp/quality/90/?url=https%3A%2F%2Famazon-blogs-brightspot.s3.amazonaws.com%2Fd3%2Fb4%2F91384c314326ababca65849c893c%2Fholidaypreparedness-hero-2000x1126.jpg 500w,https://assets.aboutamazon.com/dims4/default/a4c8bad/2147483647/strip/true/crop/1126x1126+437+0/resize/800x800!/format/webp/quality/90/?url=https%3A%2F%2Famazon-blogs-brightspot.s3.amazonaws.com%2Fd3%2Fb4%2F91384c314326ababca65849c893c%2Fholidaypreparedness-hero-2000x1126.jpg 800w\" style=\"-webkit-font-smoothing: antialiased;\"><source width=\"800\" height=\"800\" srcset=\"https://assets.aboutamazon.com/dims4/default/4a3cd64/2147483647/strip/true/crop/1126x1126+437+0/resize/800x800!/quality/90/?url=https%3A%2F%2Famazon-blogs-brightspot.s3.amazonaws.com%2Fd3%2Fb4%2F91384c314326ababca65849c893c%2Fholidaypreparedness-hero-2000x1126.jpg\" style=\"-webkit-font-smoothing: antialiased;\"><img class=\"Image\" alt=\"An Amazon delivery driver dressed in uniform carries an Amazon package with a delivery vehicle in the background.\" srcset=\"https://assets.aboutamazon.com/dims4/default/17fda32/2147483647/strip/true/crop/1126x1126+437+0/resize/300x300!/quality/90/?url=https%3A%2F%2Famazon-blogs-brightspot.s3.amazonaws.com%2Fd3%2Fb4%2F91384c314326ababca65849c893c%2Fholidaypreparedness-hero-2000x1126.jpg 300w,https://assets.aboutamazon.com/dims4/default/fae9092/2147483647/strip/true/crop/1126x1126+437+0/resize/500x500!/quality/90/?url=https%3A%2F%2Famazon-blogs-brightspot.s3.amazonaws.com%2Fd3%2Fb4%2F91384c314326ababca65849c893c%2Fholidaypreparedness-hero-2000x1126.jpg 500w,https://assets.aboutamazon.com/dims4/default/4a3cd64/2147483647/strip/true/crop/1126x1126+437+0/resize/800x800!/quality/90/?url=https%3A%2F%2Famazon-blogs-brightspot.s3.amazonaws.com%2Fd3%2Fb4%2F91384c314326ababca65849c893c%2Fholidaypreparedness-hero-2000x1126.jpg 800w\" width=\"800\" height=\"800\" src=\"https://assets.aboutamazon.com/dims4/default/4a3cd64/2147483647/strip/true/crop/1126x1126+437+0/resize/800x800!/quality/90/?url=https%3A%2F%2Famazon-blogs-brightspot.s3.amazonaws.com%2Fd3%2Fb4%2F91384c314326ababca65849c893c%2Fholidaypreparedness-hero-2000x1126.jpg\" style=\"-webkit-font-smoothing: antialiased; border: 0px; display: block; height: auto; width: 140px;\"></a></div><div class=\"HubPromoImageOnSide-content\" style=\"-webkit-font-smoothing: antialiased;\"><div class=\"HubPromoImageOnSide-title\" style=\"-webkit-font-smoothing: antialiased; color: rgb(15, 18, 24); font-size: 14px; line-height: 1.71; position: relative; top: 47.875px; transform: translateY(-50%);\"><a class=\"Link\" href=\"https://www.aboutamazon.com/news/operations/amazons-plan-to-serve-customers-this-holiday-season-includes-alternate-delivery-methods-and-easy-returns\" data-cms-ai=\"0\" style=\"-webkit-font-smoothing: antialiased; background-color: transparent; color: rgb(15, 18, 24); display: block;\"><span style=\"-webkit-font-smoothing: antialiased;\">Amazon\'s plan to serve customers this holiday season includes alternate delivery methods and easy returns</span></a></div></div></div></div></div></div><div class=\"Hub4-cta\" style=\"-webkit-font-smoothing: antialiased; font-size: 14px; line-height: 1.43; position: absolute; inset: auto 20px 10px; background-image: initial; background-position: initial; background-size: initial; background-repeat: initial; background-attachment: initial; background-origin: initial; background-clip: initial;\"><a href=\"https://www.aboutamazon.com/news\" data-cms-ai=\"0\" style=\"-webkit-font-smoothing: antialiased; background-color: transparent; color: rgb(15, 18, 24);\">See all stories</a></div></div></div></div><div class=\"Hub4-column\" style=\"-webkit-font-smoothing: antialiased; border-right: 0px; margin-right: 0px; background: rgb(247, 247, 247); border-left: 0px; flex-shrink: 0; overflow: hidden; order: 1; width: 294px;\"><bsp-hublistcarousel class=\"HubListCarousel\" data-carousel-list=\"\" style=\"-webkit-font-smoothing: antialiased; background-image: initial; background-position: initial; background-size: initial; background-repeat: initial; background-attachment: initial; background-origin: initial; background-clip: initial; display: block; overflow: hidden; position: relative; width: 294px; padding: 0px; height: 627.833px;\"><div class=\"HubListCarousel-title\" style=\"-webkit-font-smoothing: antialiased; color: rgb(112, 115, 121); text-transform: uppercase; font-size: 12px; border-bottom: 1px solid rgb(219, 221, 225); padding: 17px 20px; margin-bottom: 0px; letter-spacing: 2px;\">NEWSFEED</div><div class=\"HubListCarousel-items\" data-carousel-slides=\"\" style=\"-webkit-font-smoothing: antialiased; padding: 0px; height: calc(100% - 90px);\"><div class=\"HubListCarousel-items-item\" style=\"-webkit-font-smoothing: antialiased; width: 294px; height: 107.562px; margin-right: 20px; border-bottom: 1px solid rgb(219, 221, 225);\"><div class=\"HubPromoSimpleDate\" style=\"-webkit-font-smoothing: antialiased; background-image: initial; background-position: initial; background-size: initial; background-repeat: initial; background-attachment: initial; background-origin: initial; background-clip: initial; height: 106.562px; padding: 15px 15px 15px 20px; position: relative; display: flex; align-items: center;\"><div class=\"HubPromoSimpleDate-wrapper\" style=\"-webkit-font-smoothing: antialiased; display: flex; flex-direction: column;\"><bsp-timestamp class=\"HubPromoSimpleDate-meta\" data-timestamp=\"1667500786091\" style=\"-webkit-font-smoothing: antialiased; flex-shrink: 0; order: 2;\"><div class=\"HubPromoSimpleDate-date\" data-date=\"\" style=\"-webkit-font-smoothing: antialiased; font-size: 12px; line-height: 1.67; color: rgb(47, 48, 51);\">Nov. 4</div></bsp-timestamp><div class=\"HubPromoSimpleDate-title\" style=\"-webkit-font-smoothing: antialiased; color: rgb(47, 48, 51); margin-top: 0px; font-size: 14px; line-height: 1.71; max-height: none; overflow: visible; flex-shrink: 0; margin-bottom: 10px; order: 1;\"><a class=\"Link\" href=\"https://developer.amazon.com/en-US/blogs/alexa/device-makers/2022/11/matter-works-with-alexa-introduction-november-2022\" target=\"_blank\" data-amzn-id=\"00000184-3ec9-dca2-a9ef-fecf295c0000\" data-cms-ai=\"0\" style=\"-webkit-font-smoothing: antialiased; background-color: transparent; color: rgb(15, 18, 24); display: block;\"><span style=\"-webkit-font-smoothing: antialiased; display: block; position: relative;\">Amazon announces the launch of Matter and introduces Works with&nbsp;Alexa</span></a></div></div></div></div><div class=\"HubListCarousel-items-item\" style=\"-webkit-font-smoothing: antialiased; width: 294px; height: 107.562px; margin-right: 20px; border-bottom: 1px solid rgb(219, 221, 225);\"><div class=\"HubPromoSimpleDate\" style=\"-webkit-font-smoothing: antialiased; background-image: initial; background-position: initial; background-size: initial; background-repeat: initial; background-attachment: initial; background-origin: initial; background-clip: initial; height: 106.562px; padding: 15px 15px 15px 20px; position: relative; display: flex; align-items: center;\"><div class=\"HubPromoSimpleDate-wrapper\" style=\"-webkit-font-smoothing: antialiased; display: flex; flex-direction: column;\"><bsp-timestamp class=\"HubPromoSimpleDate-meta\" data-timestamp=\"1666904672400\" style=\"-webkit-font-smoothing: antialiased; flex-shrink: 0; order: 2;\"><div class=\"HubPromoSimpleDate-date\" data-date=\"\" style=\"-webkit-font-smoothing: antialiased; font-size: 12px; line-height: 1.67; color: rgb(47, 48, 51);\">Oct. 28</div></bsp-timestamp><div class=\"HubPromoSimpleDate-title\" style=\"-webkit-font-smoothing: antialiased; color: rgb(47, 48, 51); margin-top: 0px; font-size: 14px; line-height: 1.71; max-height: none; overflow: visible; flex-shrink: 0; margin-bottom: 10px; order: 1;\"><a class=\"Link\" href=\"https://press.aboutamazon.com/news-releases/news-release-details/amazoncom-announces-third-quarter-results-1\" target=\"_blank\" data-amzn-id=\"00000184-1b41-dea0-a3f7-7f4dba1c0001\" data-cms-ai=\"0\" style=\"-webkit-font-smoothing: antialiased; background-color: transparent; color: rgb(15, 18, 24); display: block;\"><span style=\"-webkit-font-smoothing: antialiased; display: block; position: relative;\">Amazon announces third quarter&nbsp;results</span></a></div></div></div></div><div class=\"HubListCarousel-items-item\" style=\"-webkit-font-smoothing: antialiased; width: 294px; height: 107.562px; margin-right: 20px; border-bottom: 1px solid rgb(219, 221, 225);\"><div class=\"HubPromoSimpleDate\" style=\"-webkit-font-smoothing: antialiased; background-image: initial; background-position: initial; background-size: initial; background-repeat: initial; background-attachment: initial; background-origin: initial; background-clip: initial; height: 106.562px; padding: 15px 15px 15px 20px; position: relative; display: flex; align-items: center;\"><div class=\"HubPromoSimpleDate-wrapper\" style=\"-webkit-font-smoothing: antialiased; display: flex; flex-direction: column;\"><bsp-timestamp class=\"HubPromoSimpleDate-meta\" data-timestamp=\"1666801436547\" style=\"-webkit-font-smoothing: antialiased; flex-shrink: 0; order: 2;\"><div class=\"HubPromoSimpleDate-date\" data-date=\"\" style=\"-webkit-font-smoothing: antialiased; font-size: 12px; line-height: 1.67; color: rgb(47, 48, 51);\">Oct. 26</div></bsp-timestamp><div class=\"HubPromoSimpleDate-title\" style=\"-webkit-font-smoothing: antialiased; color: rgb(47, 48, 51); margin-top: 0px; font-size: 14px; line-height: 1.71; max-height: none; overflow: visible; flex-shrink: 0; margin-bottom: 10px; order: 1;\"><a class=\"Link\" href=\"https://press.aboutamazon.com/news-releases/news-release-details/amazon-offers-customers-new-way-pay-holiday-season-venmo\" target=\"_blank\" data-amzn-id=\"00000184-1518-d437-af8f-d5fe6f1c0000\" data-cms-ai=\"0\" style=\"-webkit-font-smoothing: antialiased; background-color: transparent; color: rgb(15, 18, 24); display: block;\"><span style=\"-webkit-font-smoothing: antialiased; display: block; position: relative;\">Amazon offers customers a new secure way to pay with&nbsp;Venmo</span></a></div></div></div></div><div class=\"HubListCarousel-items-item\" style=\"-webkit-font-smoothing: antialiased; width: 294px; height: 107.562px; margin-right: 20px; border-bottom: 1px solid rgb(219, 221, 225);\"><div class=\"HubPromoSimpleDate\" style=\"-webkit-font-smoothing: antialiased; background-image: initial; background-position: initial; background-size: initial; background-repeat: initial; background-attachment: initial; background-origin: initial; background-clip: initial; height: 106.562px; padding: 15px 15px 15px 20px; position: relative; display: flex; align-items: center;\"><div class=\"HubPromoSimpleDate-wrapper\" style=\"-webkit-font-smoothing: antialiased; display: flex; flex-direction: column;\"><bsp-timestamp class=\"HubPromoSimpleDate-meta\" data-timestamp=\"1666731144276\" style=\"-webkit-font-smoothing: antialiased; flex-shrink: 0; order: 2;\"><div class=\"HubPromoSimpleDate-date\" data-date=\"\" style=\"-webkit-font-smoothing: antialiased; font-size: 12px; line-height: 1.67; color: rgb(47, 48, 51);\">Oct. 26</div></bsp-timestamp><div class=\"HubPromoSimpleDate-title\" style=\"-webkit-font-smoothing: antialiased; color: rgb(47, 48, 51); margin-top: 0px; font-size: 14px; line-height: 1.71; max-height: none; overflow: visible; flex-shrink: 0; margin-bottom: 10px; order: 1;\"><a class=\"Link\" href=\"https://www.amazon.science/latest-news/the-quest-to-deploy-autonomous-robots-within-amazon-fulfillment-centers\" target=\"_blank\" data-amzn-id=\"00000184-10e7-da0e-a1dc-bcf747d70000\" data-cms-ai=\"0\" style=\"-webkit-font-smoothing: antialiased; background-color: transparent; color: rgb(15, 18, 24); display: block;\"><span style=\"-webkit-font-smoothing: antialiased; display: block; position: relative;\">Amazon is testing robots that use AI within fulfillment&nbsp;centers</span></a></div></div></div></div><div class=\"HubListCarousel-items-item\" style=\"-webkit-font-smoothing: antialiased; width: 294px; height: 107.562px; margin-right: 20px; border-bottom: 1px solid rgb(219, 221, 225);\"><div class=\"HubPromoSimpleDate\" style=\"-webkit-font-smoothing: antialiased; background-image: initial; background-position: initial; background-size: initial; background-repeat: initial; background-attachment: initial; background-origin: initial; background-clip: initial; height: 106.562px; padding: 15px 15px 15px 20px; position: relative; display: flex; align-items: center;\"><div class=\"HubPromoSimpleDate-wrapper\" style=\"-webkit-font-smoothing: antialiased; display: flex; flex-direction: column;\"><bsp-timestamp class=\"HubPromoSimpleDate-meta\" data-timestamp=\"1666216143949\" style=\"-webkit-font-smoothing: antialiased; flex-shrink: 0; order: 2;\"><div class=\"HubPromoSimpleDate-date\" data-date=\"\" style=\"-webkit-font-smoothing: antialiased; font-size: 12px; line-height: 1.67; color: rgb(47, 48, 51);\">Oct. 20</div></bsp-timestamp><div class=\"HubPromoSimpleDate-title\" style=\"-webkit-font-smoothing: antialiased; color: rgb(47, 48, 51); margin-top: 0px; font-size: 14px; line-height: 1.71; max-height: none; overflow: visible; flex-shrink: 0; margin-bottom: 10px; order: 1;\"><a class=\"Link\" href=\"https://www.youtube.com/watch?v=rzAXfCoaHtY\" target=\"_blank\" data-amzn-id=\"00000183-f213-d882-afcf-f21b011b0000\" data-cms-ai=\"0\" style=\"-webkit-font-smoothing: antialiased; background-color: transparent; color: rgb(15, 18, 24); display: block;\"><span style=\"-webkit-font-smoothing: antialiased; display: block; position: relative;\">Watch the trailer for Amazon Music Live, Thursday nights new live concert&nbsp;series</span></a></div></div></div></div></div><div class=\"HubListCarousel-cta\" style=\"-webkit-font-smoothing: antialiased; font-size: 14px; line-height: 1.43; position: absolute; inset: auto 40px 10px 20px; background-image: initial; background-position: initial; background-size: initial; background-repeat: initial; background-attachment: initial; background-origin: initial; background-clip: initial;\"><a href=\"https://press.aboutamazon.com/\" target=\"_blank\" data-cms-ai=\"0\" style=\"-webkit-font-smoothing: antialiased; background-color: transparent; color: rgb(15, 18, 24);\">More news releases</a></div></bsp-hublistcarousel></div></div><div data-module=\"\" data-width=\"full-width-mobile-only\" style=\"-webkit-font-smoothing: antialiased; padding: 80px calc((100% - 1240px) / 2);\"><bsp-tabs class=\"Tabs\" data-widget=\"Tabs\" style=\"-webkit-font-smoothing: antialiased; display: block;\"><div class=\"Tabs-container\" style=\"-webkit-font-smoothing: antialiased;\"><div class=\"Tabs-tabs-container\" style=\"-webkit-font-smoothing: antialiased; display: flex; align-items: center; border-bottom: 2px solid rgb(216, 216, 216); padding-bottom: 19px; overflow: visible; padding-left: 0px; margin-right: 0px; margin-left: 0px; margin-bottom: 10px;\"><ul class=\"Tabs-tabs\" style=\"-webkit-font-smoothing: antialiased; list-style: none; padding: 0px; margin: 0px; justify-content: flex-start; height: 44px; display: flex; align-items: center;\"><li style=\"-webkit-font-smoothing: antialiased; padding: 0px 50px 0px 0px;\"><a class=\"Tabs-tab\" href=\"https://www.aboutamazon.com/?utm_source=gateway&amp;utm_medium=footer&amp;initialSessionID=132-8725675-1008520&amp;ld=AZUSSOA-sell#trending-now\" data-tab=\"\" data-cms-ai=\"0\" data-active=\"true\" style=\"-webkit-font-smoothing: antialiased; background-color: transparent; color: rgb(15, 18, 24); font-family: amazon_ember, Arial, sans-serif; font-size: 18px; line-height: 1.33; position: relative; white-space: nowrap; width: 100%;\">Trending now</a></li><li style=\"-webkit-font-smoothing: antialiased; padding: 0px 50px 0px 0px;\"><a class=\"Tabs-tab\" href=\"https://www.aboutamazon.com/?utm_source=gateway&amp;utm_medium=footer&amp;initialSessionID=132-8725675-1008520&amp;ld=AZUSSOA-sell#watch-videos\" data-tab=\"\" data-cms-ai=\"0\" data-active=\"false\" style=\"-webkit-font-smoothing: antialiased; background-color: transparent; color: rgb(112, 115, 121); font-family: amazon_ember, Arial, sans-serif; font-size: 18px; line-height: 1.33; position: relative; white-space: nowrap; width: 100%;\">Watch videos</a></li><li style=\"-webkit-font-smoothing: antialiased; padding: 0px 50px 0px 0px;\"><a class=\"Tabs-tab\" href=\"https://www.aboutamazon.com/?utm_source=gateway&amp;utm_medium=footer&amp;initialSessionID=132-8725675-1008520&amp;ld=AZUSSOA-sell#meet-us\" data-tab=\"\" data-cms-ai=\"0\" data-active=\"false\" style=\"-webkit-font-smoothing: antialiased; background-color: transparent; color: rgb(112, 115, 121); font-family: amazon_ember, Arial, sans-serif; font-size: 18px; line-height: 1.33; position: relative; white-space: nowrap; width: 100%;\">Meet us</a></li></ul></div><div class=\"Tabs-content\" style=\"-webkit-font-smoothing: antialiased; width: 1240px;\"><div class=\"Tabs-panel\" id=\"trending-now\" data-tab-panel=\"\" data-visible=\"true\" style=\"-webkit-font-smoothing: antialiased;\"><div class=\"TabItem\" style=\"-webkit-font-smoothing: antialiased;\"><div class=\"TabItem-content\" style=\"-webkit-font-smoothing: antialiased;\"><div class=\"ListWithNewsletter\" style=\"-webkit-font-smoothing: antialiased;\"><ul class=\"ListWithNewsletter-items\" style=\"-webkit-font-smoothing: antialiased; list-style: none; padding: 30px 0px 0px; margin: 0px 0px -20px; position: relative; display: grid; grid-template-columns: 1fr 1fr 1fr 1fr; gap: 20px;\"><li class=\"ListWithNewsletter-items-item desktop-only\" style=\"-webkit-font-smoothing: antialiased; width: 295px; border-bottom: none; display: block;\"><div class=\"PromoCard\" data-content-type=\"oneOffPage\" style=\"-webkit-font-smoothing: antialiased; background: rgb(247, 247, 247); height: 509.688px; padding: 0px; position: relative;\"><div class=\"PromoCard-media\" style=\"-webkit-font-smoothing: antialiased; position: relative;\"><a class=\"Link\" href=\"https://www.aboutamazon.com/workplace/our-employees/job-to-career\" data-amzn-id=\"00000182-a2b4-d76d-a7de-b6bd0b54002d\" data-cms-ai=\"0\" style=\"-webkit-font-smoothing: antialiased; background-color: transparent; color: rgb(0, 0, 0);\"><source type=\"image/webp\" width=\"605\" height=\"605\" srcset=\"https://assets.aboutamazon.com/dims4/default/2773d8d/2147483647/strip/true/crop/743x743+100+0/resize/605x605!/format/webp/quality/90/?url=https%3A%2F%2Famazon-blogs-brightspot.s3.amazonaws.com%2Fd2%2Faf%2F5fa372b8442c80e06e9a2feefabb%2Femployees-operations-center1.jpg\" style=\"-webkit-font-smoothing: antialiased;\"><source width=\"605\" height=\"605\" srcset=\"https://assets.aboutamazon.com/dims4/default/cb370c6/2147483647/strip/true/crop/743x743+100+0/resize/605x605!/quality/90/?url=https%3A%2F%2Famazon-blogs-brightspot.s3.amazonaws.com%2Fd2%2Faf%2F5fa372b8442c80e06e9a2feefabb%2Femployees-operations-center1.jpg\" style=\"-webkit-font-smoothing: antialiased;\"><img class=\"Image\" alt=\"Three amazon employees wearing safety vests discuss their experiences of personal and professional growth at a table in an operations facility.\" width=\"605\" height=\"605\" src=\"https://assets.aboutamazon.com/dims4/default/cb370c6/2147483647/strip/true/crop/743x743+100+0/resize/605x605!/quality/90/?url=https%3A%2F%2Famazon-blogs-brightspot.s3.amazonaws.com%2Fd2%2Faf%2F5fa372b8442c80e06e9a2feefabb%2Femployees-operations-center1.jpg\" style=\"-webkit-font-smoothing: antialiased; border: 0px; display: block; height: auto; max-width: 100%; width: 295px;\"></a></div><div class=\"PromoCard-info\" style=\"-webkit-font-smoothing: antialiased; padding: 17px 20px 60px;\"><div class=\"PromoCard-title\" style=\"-webkit-font-smoothing: antialiased;\"><h2 style=\"-webkit-font-smoothing: antialiased; color: rgb(51, 62, 72); font-family: amazon_ember_serif, Times, serif; line-height: 1.33; font-size: 18px; margin: 3px 0px 15px;\"><a class=\"Link\" href=\"https://www.aboutamazon.com/workplace/our-employees/job-to-career\" data-amzn-id=\"00000182-a2b4-d76d-a7de-b6bd0b54002d\" data-cms-ai=\"0\" style=\"-webkit-font-smoothing: antialiased; background-color: transparent; color: rgb(51, 62, 72);\">Watch: Amazon employees discuss how they grow their careers and pay</a></h2></div><div class=\"PromoCard-actions\" style=\"-webkit-font-smoothing: antialiased; display: flex; margin-top: 0px; position: absolute; bottom: 20px; width: 295px;\"><div class=\"PromoCard-cta\" style=\"-webkit-font-smoothing: antialiased; font-size: 14px; color: rgb(15, 18, 24); line-height: 20px;\"><a class=\"Link\" href=\"https://www.aboutamazon.com/workplace/our-employees/job-to-career\" data-amzn-id=\"00000182-a2b4-d76d-a7de-b6bd0b54002d\" data-cms-ai=\"0\" style=\"-webkit-font-smoothing: antialiased; background-color: transparent; color: rgb(0, 0, 0);\">Read more</a></div><div class=\"PromoCard-date\" style=\"-webkit-font-smoothing: antialiased; font-size: 12px; color: rgb(112, 115, 121); line-height: 20px; letter-spacing: 0px; margin-left: auto; margin-right: 50px;\"><bsp-timestamp data-timestamp=\"1662481850163\" style=\"-webkit-font-smoothing: antialiased;\">September 6, 2022</bsp-timestamp></div></div></div></div></li><li class=\"ListWithNewsletter-items-item desktop-only\" style=\"-webkit-font-smoothing: antialiased; width: 295px; border-bottom: none; display: block;\"><div class=\"PromoCard\" data-content-type=\"article\" style=\"-webkit-font-smoothing: antialiased; background: rgb(247, 247, 247); height: 509.688px; padding: 0px; position: relative;\"><div class=\"PromoCard-media\" style=\"-webkit-font-smoothing: antialiased; position: relative;\"><a class=\"Link\" href=\"https://www.aboutamazon.com/news/devices/amazons-new-head-of-alexa-rohit-prasad\" data-amzn-id=\"00000184-38a2-d545-a5e6-b8a7913b0001\" data-cms-ai=\"0\" style=\"-webkit-font-smoothing: antialiased; background-color: transparent; color: rgb(0, 0, 0);\"><source type=\"image/webp\" width=\"605\" height=\"605\" srcset=\"https://assets.aboutamazon.com/dims4/default/3a2d639/2147483647/strip/true/crop/1126x1126+437+0/resize/605x605!/format/webp/quality/90/?url=https%3A%2F%2Famazon-blogs-brightspot.s3.amazonaws.com%2F16%2F45%2F99eba75643c0be9a2f48927215ff%2Frohit-hero-2000x1126.jpg\" style=\"-webkit-font-smoothing: antialiased;\"><source width=\"605\" height=\"605\" srcset=\"https://assets.aboutamazon.com/dims4/default/88bc959/2147483647/strip/true/crop/1126x1126+437+0/resize/605x605!/quality/90/?url=https%3A%2F%2Famazon-blogs-brightspot.s3.amazonaws.com%2F16%2F45%2F99eba75643c0be9a2f48927215ff%2Frohit-hero-2000x1126.jpg\" style=\"-webkit-font-smoothing: antialiased;\"><img class=\"Image\" alt=\"Rohit Prasad on stage at re:MARS 2022. A screen behind him says &quot;ambient intelligence&quot; \" width=\"605\" height=\"605\" src=\"https://assets.aboutamazon.com/dims4/default/88bc959/2147483647/strip/true/crop/1126x1126+437+0/resize/605x605!/quality/90/?url=https%3A%2F%2Famazon-blogs-brightspot.s3.amazonaws.com%2F16%2F45%2F99eba75643c0be9a2f48927215ff%2Frohit-hero-2000x1126.jpg\" style=\"-webkit-font-smoothing: antialiased; border: 0px; display: block; height: auto; max-width: 100%; width: 295px;\"></a></div><div class=\"PromoCard-info\" style=\"-webkit-font-smoothing: antialiased; padding: 17px 20px 60px;\"><div class=\"PromoCard-title\" style=\"-webkit-font-smoothing: antialiased;\"><h2 style=\"-webkit-font-smoothing: antialiased; color: rgb(51, 62, 72); font-family: amazon_ember_serif, Times, serif; line-height: 1.33; font-size: 18px; margin: 3px 0px 15px;\"><a class=\"Link\" href=\"https://www.aboutamazon.com/news/devices/amazons-new-head-of-alexa-rohit-prasad\" data-amzn-id=\"00000184-38a2-d545-a5e6-b8a7913b0001\" data-cms-ai=\"0\" style=\"-webkit-font-smoothing: antialiased; background-color: transparent; color: rgb(51, 62, 72);\">Amazons new head of Alexa shares his vision for the future, including new shopping and entertainment features</a></h2></div><div class=\"PromoCard-actions\" style=\"-webkit-font-smoothing: antialiased; display: flex; margin-top: 0px; position: absolute; bottom: 20px; width: 295px;\"><div class=\"PromoCard-cta\" style=\"-webkit-font-smoothing: antialiased; font-size: 14px; color: rgb(15, 18, 24); line-height: 20px;\"><a class=\"Link\" href=\"https://www.aboutamazon.com/news/devices/amazons-new-head-of-alexa-rohit-prasad\" data-amzn-id=\"00000184-38a2-d545-a5e6-b8a7913b0001\" data-cms-ai=\"0\" style=\"-webkit-font-smoothing: antialiased; background-color: transparent; color: rgb(0, 0, 0);\">Read more</a></div><div class=\"PromoCard-date\" style=\"-webkit-font-smoothing: antialiased; font-size: 12px; color: rgb(112, 115, 121); line-height: 20px; letter-spacing: 0px; margin-left: auto; margin-right: 50px;\"><bsp-timestamp data-timestamp=\"1667413292041\" style=\"-webkit-font-smoothing: antialiased;\">November 3, 2022</bsp-timestamp></div></div></div></div></li><li class=\"ListWithNewsletter-items-item desktop-only\" style=\"-webkit-font-smoothing: antialiased; width: 295px; border-bottom: none; display: block; order: 3;\"><div class=\"PromoCard\" data-content-type=\"listicle\" style=\"-webkit-font-smoothing: antialiased; background: rgb(247, 247, 247); height: 509.688px; padding: 0px; position: relative;\"><div class=\"PromoCard-media\" style=\"-webkit-font-smoothing: antialiased; position: relative;\"><a class=\"Link\" href=\"https://www.aboutamazon.com/news/entertainment/amazon-music-amazon-prime-benefits\" data-amzn-id=\"00000184-2ff1-df2a-ab9d-ffffe80f0003\" data-cms-ai=\"0\" style=\"-webkit-font-smoothing: antialiased; background-color: transparent; color: rgb(0, 0, 0);\"><source type=\"image/webp\" width=\"605\" height=\"605\" srcset=\"https://assets.aboutamazon.com/dims4/default/6fe1248/2147483647/strip/true/crop/1080x1080+420+0/resize/605x605!/format/webp/quality/90/?url=https%3A%2F%2Famazon-blogs-brightspot.s3.amazonaws.com%2F36%2F36%2F2fef12724f3ba5fefe8045b28722%2Famazon-music-prime-benefits-announcement.jpg\" style=\"-webkit-font-smoothing: antialiased;\"><source width=\"605\" height=\"605\" srcset=\"https://assets.aboutamazon.com/dims4/default/041c918/2147483647/strip/true/crop/1080x1080+420+0/resize/605x605!/quality/90/?url=https%3A%2F%2Famazon-blogs-brightspot.s3.amazonaws.com%2F36%2F36%2F2fef12724f3ba5fefe8045b28722%2Famazon-music-prime-benefits-announcement.jpg\" style=\"-webkit-font-smoothing: antialiased;\"><img class=\"Image\" alt=\"The cover art for new podcasts and music on Amazon Music.\" width=\"605\" height=\"605\" src=\"https://assets.aboutamazon.com/dims4/default/041c918/2147483647/strip/true/crop/1080x1080+420+0/resize/605x605!/quality/90/?url=https%3A%2F%2Famazon-blogs-brightspot.s3.amazonaws.com%2F36%2F36%2F2fef12724f3ba5fefe8045b28722%2Famazon-music-prime-benefits-announcement.jpg\" style=\"-webkit-font-smoothing: antialiased; border: 0px; display: block; height: auto; max-width: 100%; width: 295px;\"></a></div><div class=\"PromoCard-info\" style=\"-webkit-font-smoothing: antialiased; padding: 17px 20px 60px;\"><div class=\"PromoCard-title\" style=\"-webkit-font-smoothing: antialiased;\"><h2 style=\"-webkit-font-smoothing: antialiased; color: rgb(51, 62, 72); font-family: amazon_ember_serif, Times, serif; line-height: 1.33; font-size: 18px; margin: 3px 0px 15px;\"><a class=\"Link\" href=\"https://www.aboutamazon.com/news/entertainment/amazon-music-amazon-prime-benefits\" data-amzn-id=\"00000184-2ff1-df2a-ab9d-ffffe80f0003\" data-cms-ai=\"0\" style=\"-webkit-font-smoothing: antialiased; background-color: transparent; color: rgb(51, 62, 72);\">Amazon Music expands its Prime benefit to offer a full catalog of music and new experiences for podcast lovers</a></h2></div><div class=\"PromoCard-actions\" style=\"-webkit-font-smoothing: antialiased; display: flex; margin-top: 0px; position: absolute; bottom: 20px; width: 295px;\"><div class=\"PromoCard-cta\" style=\"-webkit-font-smoothing: antialiased; font-size: 14px; color: rgb(15, 18, 24); line-height: 20px;\"><a class=\"Link\" href=\"https://www.aboutamazon.com/news/entertainment/amazon-music-amazon-prime-benefits\" data-amzn-id=\"00000184-2ff1-df2a-ab9d-ffffe80f0003\" data-cms-ai=\"0\" style=\"-webkit-font-smoothing: antialiased; background-color: transparent; color: rgb(0, 0, 0);\">Read more</a></div><div class=\"PromoCard-date\" style=\"-webkit-font-smoothing: antialiased; font-size: 12px; color: rgb(112, 115, 121); line-height: 20px; letter-spacing: 0px; margin-left: auto; margin-right: 50px;\"><bsp-timestamp data-timestamp=\"1667309502337\" style=\"-webkit-font-smoothing: antialiased;\">November 1, 2022</bsp-timestamp></div></div></div></div></li><li class=\"ListWithNewsletter-items-item desktop-only\" style=\"-webkit-font-smoothing: antialiased; width: 295px; border-bottom: none; display: block; order: 3;\"><div class=\"PromoCard\" data-content-type=\"article\" style=\"-webkit-font-smoothing: antialiased; background: rgb(247, 247, 247); height: 509.688px; padding: 0px; position: relative;\"><div class=\"PromoCard-media\" style=\"-webkit-font-smoothing: antialiased; position: relative;\"><a class=\"Link\" href=\"https://www.aboutamazon.com/news/retail/amazons-2022-holiday-kids-gift-book\" data-amzn-id=\"00000183-d788-db6d-a3a7-d7cb215b0002\" data-cms-ai=\"0\" style=\"-webkit-font-smoothing: antialiased; background-color: transparent; color: rgb(0, 0, 0);\"><source type=\"image/webp\" width=\"605\" height=\"605\" srcset=\"https://assets.aboutamazon.com/dims4/default/6642359/2147483647/strip/true/crop/1126x1126+437+0/resize/605x605!/format/webp/quality/90/?url=https%3A%2F%2Famazon-blogs-brightspot.s3.amazonaws.com%2F69%2Fe0%2F2c6e117c4080b1cc11837130b013%2Fholidaykidsgiftguide-hero-2000x1126.jpg\" style=\"-webkit-font-smoothing: antialiased;\"><source width=\"605\" height=\"605\" srcset=\"https://assets.aboutamazon.com/dims4/default/1a667e0/2147483647/strip/true/crop/1126x1126+437+0/resize/605x605!/quality/90/?url=https%3A%2F%2Famazon-blogs-brightspot.s3.amazonaws.com%2F69%2Fe0%2F2c6e117c4080b1cc11837130b013%2Fholidaykidsgiftguide-hero-2000x1126.jpg\" style=\"-webkit-font-smoothing: antialiased;\"><img class=\"Image\" alt=\"An illustration of Amazon\'s holiday toy catalog for 2022\" width=\"605\" height=\"605\" src=\"https://assets.aboutamazon.com/dims4/default/1a667e0/2147483647/strip/true/crop/1126x1126+437+0/resize/605x605!/quality/90/?url=https%3A%2F%2Famazon-blogs-brightspot.s3.amazonaws.com%2F69%2Fe0%2F2c6e117c4080b1cc11837130b013%2Fholidaykidsgiftguide-hero-2000x1126.jpg\" style=\"-webkit-font-smoothing: antialiased; border: 0px; display: block; height: auto; max-width: 100%; width: 295px;\"></a></div><div class=\"PromoCard-info\" style=\"-webkit-font-smoothing: antialiased; padding: 17px 20px 60px;\"><div class=\"PromoCard-title\" style=\"-webkit-font-smoothing: antialiased;\"><h2 style=\"-webkit-font-smoothing: antialiased; color: rgb(51, 62, 72); font-family: amazon_ember_serif, Times, serif; line-height: 1.33; font-size: 18px; margin: 3px 0px 15px;\"><a class=\"Link\" href=\"https://www.aboutamazon.com/news/retail/amazons-2022-holiday-kids-gift-book\" data-amzn-id=\"00000183-d788-db6d-a3a7-d7cb215b0002\" data-cms-ai=\"0\" style=\"-webkit-font-smoothing: antialiased; background-color: transparent; color: rgb(51, 62, 72);\">Amazon\'s 2022 Holiday Kids Gift Book is our most interactive ever</a></h2></div><div class=\"PromoCard-actions\" style=\"-webkit-font-smoothing: antialiased; display: flex; margin-top: 0px; position: absolute; bottom: 20px; width: 295px;\"><div class=\"PromoCard-cta\" style=\"-webkit-font-smoothing: antialiased; font-size: 14px; color: rgb(15, 18, 24); line-height: 20px;\"><a class=\"Link\" href=\"https://www.aboutamazon.com/news/retail/amazons-2022-holiday-kids-gift-book\" data-amzn-id=\"00000183-d788-db6d-a3a7-d7cb215b0002\" data-cms-ai=\"0\" style=\"-webkit-font-smoothing: antialiased; background-color: transparent; color: rgb(0, 0, 0);\">Read more</a></div><div class=\"PromoCard-date\" style=\"-webkit-font-smoothing: antialiased; font-size: 12px; color: rgb(112, 115, 121); line-height: 20px; letter-spacing: 0px; margin-left: auto; margin-right: 50px;\"><bsp-timestamp data-timestamp=\"1666011612248\" style=\"-webkit-font-smoothing: antialiased;\">October 17, 2022</bsp-timestamp></div></div></div></div></li><li class=\"ListWithNewsletter-items-item desktop-only\" style=\"-webkit-font-smoothing: antialiased; width: 295px; border-bottom: none; display: block; order: 3;\"><div class=\"PromoCard\" data-content-type=\"article\" style=\"-webkit-font-smoothing: antialiased; background: rgb(247, 247, 247); height: 509.688px; padding: 0px; position: relative;\"><div class=\"PromoCard-media\" style=\"-webkit-font-smoothing: antialiased; position: relative;\"><a class=\"Link\" href=\"https://www.aboutamazon.com/news/workplace/a-new-workplace-study-highlights-the-importance-of-amazons-career-opportunity-and-skills-development-programs\" data-amzn-id=\"00000184-204d-d71e-abaf-a4ef8e7e0001\" data-cms-ai=\"0\" style=\"-webkit-font-smoothing: antialiased; background-color: transparent; color: rgb(0, 0, 0);\"><source type=\"image/webp\" width=\"605\" height=\"605\" srcset=\"https://assets.aboutamazon.com/dims4/default/99e21a2/2147483647/strip/true/crop/1126x1126+437+0/resize/605x605!/format/webp/quality/90/?url=https%3A%2F%2Famazon-blogs-brightspot.s3.amazonaws.com%2F7a%2F7b%2Fddf7240e4ac687f6b875f1d5fad5%2Fworkplacesurvey-hero-2000x1126.jpg\" style=\"-webkit-font-smoothing: antialiased;\"><source width=\"605\" height=\"605\" srcset=\"https://assets.aboutamazon.com/dims4/default/f678e6b/2147483647/strip/true/crop/1126x1126+437+0/resize/605x605!/quality/90/?url=https%3A%2F%2Famazon-blogs-brightspot.s3.amazonaws.com%2F7a%2F7b%2Fddf7240e4ac687f6b875f1d5fad5%2Fworkplacesurvey-hero-2000x1126.jpg\" style=\"-webkit-font-smoothing: antialiased;\"><img class=\"Image\" alt=\"Four people work around a table with their computers in front of them.\" width=\"605\" height=\"605\" src=\"https://assets.aboutamazon.com/dims4/default/f678e6b/2147483647/strip/true/crop/1126x1126+437+0/resize/605x605!/quality/90/?url=https%3A%2F%2Famazon-blogs-brightspot.s3.amazonaws.com%2F7a%2F7b%2Fddf7240e4ac687f6b875f1d5fad5%2Fworkplacesurvey-hero-2000x1126.jpg\" style=\"-webkit-font-smoothing: antialiased; border: 0px; display: block; height: auto; max-width: 100%; width: 295px;\"></a></div><div class=\"PromoCard-info\" style=\"-webkit-font-smoothing: antialiased; padding: 17px 20px 60px;\"><div class=\"PromoCard-title\" style=\"-webkit-font-smoothing: antialiased;\"><h2 style=\"-webkit-font-smoothing: antialiased; color: rgb(51, 62, 72); font-family: amazon_ember_serif, Times, serif; line-height: 1.33; font-size: 18px; margin: 3px 0px 15px;\"><a class=\"Link\" href=\"https://www.aboutamazon.com/news/workplace/a-new-workplace-study-highlights-the-importance-of-amazons-career-opportunity-and-skills-development-programs\" data-amzn-id=\"00000184-204d-d71e-abaf-a4ef8e7e0001\" data-cms-ai=\"0\" style=\"-webkit-font-smoothing: antialiased; background-color: transparent; color: rgb(51, 62, 72); text-decoration-line: underline !important;\"><span style=\"-webkit-font-smoothing: antialiased;\">A new workplace study highlights the importance of Amazons programs for career growth and skills development</span></a></h2></div><div class=\"PromoCard-actions\" style=\"-webkit-font-smoothing: antialiased; display: flex; margin-top: 0px; position: absolute; bottom: 20px; width: 295px;\"><div class=\"PromoCard-cta\" style=\"-webkit-font-smoothing: antialiased; font-size: 14px; color: rgb(15, 18, 24); line-height: 20px;\"><a class=\"Link\" href=\"https://www.aboutamazon.com/news/workplace/a-new-workplace-study-highlights-the-importance-of-amazons-career-opportunity-and-skills-development-programs\" data-amzn-id=\"00000184-204d-d71e-abaf-a4ef8e7e0001\" data-cms-ai=\"0\" style=\"-webkit-font-smoothing: antialiased; background-color: transparent; color: rgb(0, 0, 0);\">Read more</a></div><div class=\"PromoCard-date\" style=\"-webkit-font-smoothing: antialiased; font-size: 12px; color: rgb(112, 115, 121); line-height: 20px; letter-spacing: 0px; margin-left: auto; margin-right: 50px;\"><bsp-timestamp data-timestamp=\"1667217601579\" style=\"-webkit-font-smoothing: antialiased;\">October 31, 2022</bsp-timestamp></div></div></div></div></li><li class=\"ListWithNewsletter-items-item desktop-only\" style=\"-webkit-font-smoothing: antialiased; width: 295px; border-bottom: none; display: block; order: 3;\"><div class=\"PromoCard\" data-content-type=\"video\" style=\"-webkit-font-smoothing: antialiased; background: rgb(247, 247, 247); height: 509.688px; padding: 0px; position: relative;\"><div class=\"PromoCard-media\" style=\"-webkit-font-smoothing: antialiased; position: relative;\"><a class=\"Link\" href=\"https://www.aboutamazon.com/news/workplace/amazon-rolls-out-cool-new-video-stations-at-over-200-sites-to-teach-employees-sign-language\" data-amzn-id=\"00000184-1150-d45b-a99c-777a0f0c0001\" data-cms-ai=\"0\" style=\"-webkit-font-smoothing: antialiased; background-color: transparent; color: rgb(0, 0, 0);\"><source type=\"image/webp\" width=\"605\" height=\"605\" srcset=\"https://assets.aboutamazon.com/dims4/default/1f7850f/2147483647/strip/true/crop/743x743+289+0/resize/605x605!/format/webp/quality/90/?url=https%3A%2F%2Famazon-blogs-brightspot.s3.amazonaws.com%2Fd0%2Fb4%2Fbbe745ff498caf7bf67f7dfa535b%2Fhard-of-hearing.jpg\" style=\"-webkit-font-smoothing: antialiased;\"><source width=\"605\" height=\"605\" srcset=\"https://assets.aboutamazon.com/dims4/default/8b86e87/2147483647/strip/true/crop/743x743+289+0/resize/605x605!/quality/90/?url=https%3A%2F%2Famazon-blogs-brightspot.s3.amazonaws.com%2Fd0%2Fb4%2Fbbe745ff498caf7bf67f7dfa535b%2Fhard-of-hearing.jpg\" style=\"-webkit-font-smoothing: antialiased;\"><img class=\"Image\" alt=\"A photo of an Associate Partner at an Operations Center, speaking about Amazon providing video stations at over 200 sites to teach employees sign language.\" width=\"605\" height=\"605\" src=\"https://assets.aboutamazon.com/dims4/default/8b86e87/2147483647/strip/true/crop/743x743+289+0/resize/605x605!/quality/90/?url=https%3A%2F%2Famazon-blogs-brightspot.s3.amazonaws.com%2Fd0%2Fb4%2Fbbe745ff498caf7bf67f7dfa535b%2Fhard-of-hearing.jpg\" style=\"-webkit-font-smoothing: antialiased; border: 0px; display: block; height: auto; max-width: 100%; width: 295px;\"></a></div><div class=\"PromoCard-info\" style=\"-webkit-font-smoothing: antialiased; padding: 17px 20px 60px;\"><div class=\"PromoCard-title\" style=\"-webkit-font-smoothing: antialiased;\"><h2 style=\"-webkit-font-smoothing: antialiased; color: rgb(51, 62, 72); font-family: amazon_ember_serif, Times, serif; line-height: 1.33; font-size: 18px; margin: 3px 0px 15px;\"><a class=\"Link\" href=\"https://www.aboutamazon.com/news/workplace/amazon-rolls-out-cool-new-video-stations-at-over-200-sites-to-teach-employees-sign-language\" data-amzn-id=\"00000184-1150-d45b-a99c-777a0f0c0001\" data-cms-ai=\"0\" style=\"-webkit-font-smoothing: antialiased; background-color: transparent; color: rgb(51, 62, 72);\">Amazon rolls out cool new video stations at over 200 sites to teach employees sign language</a></h2></div><div class=\"PromoCard-actions\" style=\"-webkit-font-smoothing: antialiased; display: flex; margin-top: 0px; position: absolute; bottom: 20px; width: 295px;\"><div class=\"PromoCard-cta\" style=\"-webkit-font-smoothing: antialiased; font-size: 14px; color: rgb(15, 18, 24); line-height: 20px;\"><a class=\"Link\" href=\"https://www.aboutamazon.com/news/workplace/amazon-rolls-out-cool-new-video-stations-at-over-200-sites-to-teach-employees-sign-language\" data-amzn-id=\"00000184-1150-d45b-a99c-777a0f0c0001\" data-cms-ai=\"0\" style=\"-webkit-font-smoothing: antialiased; background-color: transparent; color: rgb(0, 0, 0);\">Read more</a></div><div class=\"PromoCard-date\" style=\"-webkit-font-smoothing: antialiased; font-size: 12px; color: rgb(112, 115, 121); line-height: 20px; letter-spacing: 0px; margin-left: auto; margin-right: 50px;\"><bsp-timestamp data-timestamp=\"1666814761597\" style=\"-webkit-font-smoothing: antialiased;\">October 27, 2022</bsp-timestamp></div></div></div></div></li></ul></div></div></div></div></div></div></bsp-tabs></div></main></div></div>',_binary '','About Us',0,'2022-11-09 09:28:56.802000',30),(8,'Customer Support','<div><div class=\"page-wrapper hero-banner\" style=\"background: rgb(0, 113, 133); min-height: 0px; padding-top: 45px; padding-bottom: 45px; color: rgb(15, 17, 17); font-family: &quot;Amazon Ember&quot;, Arial, sans-serif; font-size: 14px;\"><div class=\"page-container\" style=\"max-width: 1300px; margin: auto; padding: 0px 20px;\"><h1 class=\"fs-heading bolded\" style=\"padding: 0px 0px 4px; margin-right: 0px; margin-bottom: 0px; margin-left: 0px; text-rendering: optimizelegibility; font-size: 28px; line-height: 36px; color: white;\">Welcome to Amazon Customer Service</h1><div>What would you like help with today? You can quickly take care of most things here, or connect with us when needed.<a class=\"hidden-link\" tabindex=\"0\" aria-label=\"Use our accessibility customer support if you want specialized help. We can connect you to the right associates.\" style=\"color: rgb(0, 113, 133); height: auto; min-width: 50px; flex: 1 1 auto;\"></a></div><div class=\"issue-card-container\" style=\"display: flex; margin: 24px -12px; flex-wrap: wrap;\"><div class=\"issue-card-wrapper\" style=\"width: 415.729px; padding: 12px;\"><div class=\"fs-match-card\" role=\"button\" tabindex=\"0\" style=\"height: 94px; background-color: rgb(255, 255, 255); border-radius: 5px; border: 1px solid rgb(221, 221, 221); padding: 16px 20px; display: flex;\"><div class=\"fs-match-card-icon\" style=\"margin-right: 12px;\"><img alt=\"\" src=\"https://m.media-amazon.com/images/G/01/x-locale/cs/help/images/gateway/self-service/fshub/fshub_order_v2._CB432205751_.png\" style=\"max-width: 100%; border: 0px; vertical-align: top; width: 60px;\"></div><div class=\"center fs-match-card-detail\" style=\"display: flex; flex: 1 1 0%; flex-direction: column; min-width: 0px; justify-content: center;\"><div class=\"fs-match-card-title full\" style=\"font-size: 16px; display: -webkit-box; -webkit-line-clamp: unset; -webkit-box-orient: vertical; overflow: hidden; flex-shrink: 0; max-height: 40px;\">A delivery, order or return</div></div></div></div><div class=\"issue-card-wrapper\" style=\"width: 415.729px; padding: 12px;\"><div class=\"fs-match-card\" role=\"button\" tabindex=\"0\" style=\"height: 94px; background-color: rgb(255, 255, 255); border-radius: 5px; border: 1px solid rgb(221, 221, 221); padding: 16px 20px; display: flex;\"><div class=\"fs-match-card-icon\" style=\"margin-right: 12px;\"><img alt=\"\" src=\"https://m.media-amazon.com/images/G/01/x-locale/cs/help/images/gateway/self-service/fshub/fshub_prime_v2._CB432205750_.png\" style=\"max-width: 100%; border: 0px; vertical-align: top; width: 60px;\"></div><div class=\"center fs-match-card-detail\" style=\"display: flex; flex: 1 1 0%; flex-direction: column; min-width: 0px; justify-content: center;\"><div class=\"fs-match-card-title full\" style=\"font-size: 16px; display: -webkit-box; -webkit-line-clamp: unset; -webkit-box-orient: vertical; overflow: hidden; flex-shrink: 0; max-height: 40px;\">Prime</div></div></div></div><div class=\"issue-card-wrapper\" style=\"width: 415.729px; padding: 12px;\"><div class=\"fs-match-card\" role=\"button\" tabindex=\"0\" style=\"height: 94px; background-color: rgb(255, 255, 255); border-radius: 5px; border: 1px solid rgb(221, 221, 221); padding: 16px 20px; display: flex;\"><div class=\"fs-match-card-icon\" style=\"margin-right: 12px;\"><img alt=\"\" src=\"https://m.media-amazon.com/images/G/01/x-locale/cs/help/images/gateway/self-service/fshub/fshub_paymentgc_v2._CB432205751_.png\" style=\"max-width: 100%; border: 0px; vertical-align: top; width: 60px;\"></div><div class=\"center fs-match-card-detail\" style=\"display: flex; flex: 1 1 0%; flex-direction: column; min-width: 0px; justify-content: center;\"><div class=\"fs-match-card-title full\" style=\"font-size: 16px; display: -webkit-box; -webkit-line-clamp: unset; -webkit-box-orient: vertical; overflow: hidden; flex-shrink: 0; max-height: 40px;\">Payment, charges or gift cards</div></div></div></div><div class=\"issue-card-wrapper\" style=\"width: 415.729px; padding: 12px;\"><div class=\"fs-match-card\" role=\"button\" tabindex=\"0\" style=\"height: 94px; background-color: rgb(255, 255, 255); border-radius: 5px; border: 1px solid rgb(221, 221, 221); padding: 16px 20px; display: flex;\"><div class=\"fs-match-card-icon\" style=\"margin-right: 12px;\"><img alt=\"\" src=\"https://m.media-amazon.com/images/G/01/x-locale/cs/help/images/gateway/self-service/fshub/fshub_login_security_v2._CB432205751_.png\" style=\"max-width: 100%; border: 0px; vertical-align: top; width: 60px;\"></div><div class=\"center fs-match-card-detail\" style=\"display: flex; flex: 1 1 0%; flex-direction: column; min-width: 0px; justify-content: center;\"><div class=\"fs-match-card-title full\" style=\"font-size: 16px; display: -webkit-box; -webkit-line-clamp: unset; -webkit-box-orient: vertical; overflow: hidden; flex-shrink: 0; max-height: 40px;\">Login, address, security &amp; privacy</div></div></div></div><div class=\"issue-card-wrapper\" style=\"width: 415.729px; padding: 12px;\"><div class=\"fs-match-card\" role=\"button\" tabindex=\"0\" style=\"height: 94px; background-color: rgb(255, 255, 255); border-radius: 5px; border: 1px solid rgb(221, 221, 221); padding: 16px 20px; display: flex;\"><div class=\"fs-match-card-icon\" style=\"margin-right: 12px;\"><img alt=\"\" src=\"https://m.media-amazon.com/images/G/01/x-locale/cs/help/images/gateway/self-service/fshub/fshub_account_v2._CB432205751_.png\" style=\"max-width: 100%; border: 0px; vertical-align: top; width: 60px;\"></div><div class=\"center fs-match-card-detail\" style=\"display: flex; flex: 1 1 0%; flex-direction: column; min-width: 0px; justify-content: center;\"><div class=\"fs-match-card-title full\" style=\"font-size: 16px; display: -webkit-box; -webkit-line-clamp: unset; -webkit-box-orient: vertical; overflow: hidden; flex-shrink: 0; max-height: 40px;\">Memberships, subscriptions or communications</div></div></div></div><div class=\"issue-card-wrapper\" style=\"width: 415.729px; padding: 12px;\"><div class=\"fs-match-card\" role=\"button\" tabindex=\"0\" style=\"height: 94px; background-color: rgb(255, 255, 255); border-radius: 5px; border: 1px solid rgb(221, 221, 221); padding: 16px 20px; display: flex;\"><div class=\"fs-match-card-icon\" style=\"margin-right: 12px;\"><img alt=\"\" src=\"https://m.media-amazon.com/images/G/01/x-locale/cs/help/images/gateway/self-service/fshub/fshub_device_v2._CB432205751_.png\" style=\"max-width: 100%; border: 0px; vertical-align: top; width: 60px;\"></div><div class=\"center fs-match-card-detail\" style=\"display: flex; flex: 1 1 0%; flex-direction: column; min-width: 0px; justify-content: center;\"><div class=\"fs-match-card-title full\" style=\"font-size: 16px; display: -webkit-box; -webkit-line-clamp: unset; -webkit-box-orient: vertical; overflow: hidden; flex-shrink: 0; max-height: 40px;\">Kindle, Fire or Alexa device</div></div></div></div><div class=\"issue-card-wrapper\" style=\"width: 415.729px; padding: 12px;\"><div class=\"fs-match-card\" role=\"button\" tabindex=\"0\" style=\"height: 94px; background-color: rgb(255, 255, 255); border-radius: 5px; border: 1px solid rgb(221, 221, 221); padding: 16px 20px; display: flex;\"><div class=\"fs-match-card-icon\" style=\"margin-right: 12px;\"><img alt=\"\" src=\"https://m.media-amazon.com/images/G/01/x-locale/cs/help/images/gateway/self-service/fshub/fshub_dcontent_v3._CB428304563_.png\" style=\"max-width: 100%; border: 0px; vertical-align: top; width: 60px;\"></div><div class=\"center fs-match-card-detail\" style=\"display: flex; flex: 1 1 0%; flex-direction: column; min-width: 0px; justify-content: center;\"><div class=\"fs-match-card-title full\" style=\"font-size: 16px; display: -webkit-box; -webkit-line-clamp: unset; -webkit-box-orient: vertical; overflow: hidden; flex-shrink: 0; max-height: 40px;\">eBooks, Prime Videos or Music</div></div></div></div><div class=\"issue-card-wrapper\" style=\"width: 415.729px; padding: 12px;\"><div class=\"fs-match-card\" role=\"button\" tabindex=\"0\" style=\"height: 94px; background-color: rgb(255, 255, 255); border-radius: 5px; border: 1px solid rgb(221, 221, 221); padding: 16px 20px; display: flex;\"><div class=\"fs-match-card-icon\" style=\"margin-right: 12px;\"><img alt=\"\" src=\"https://m.media-amazon.com/images/G/01/x-locale/cs/help/images/gateway/self-service/fshub/accessibility._CB653395151_.png\" style=\"max-width: 100%; border: 0px; vertical-align: top; width: 60px;\"></div><div class=\"center fs-match-card-detail\" style=\"display: flex; flex: 1 1 0%; flex-direction: column; min-width: 0px; justify-content: center;\"><div class=\"fs-match-card-title full\" style=\"font-size: 16px; display: -webkit-box; -webkit-line-clamp: unset; -webkit-box-orient: vertical; overflow: hidden; flex-shrink: 0; max-height: 40px;\">Accessibility</div></div></div></div><div class=\"issue-card-wrapper\" style=\"width: 415.729px; padding: 12px;\"><div class=\"fs-match-card\" role=\"button\" tabindex=\"0\" style=\"height: 94px; background-color: rgb(255, 255, 255); border-radius: 5px; border: 1px solid rgb(221, 221, 221); padding: 16px 20px; display: flex;\"><div class=\"fs-match-card-icon\" style=\"margin-right: 12px;\"><img alt=\"\" src=\"https://m.media-amazon.com/images/G/01/x-locale/cs/help/images/gateway/self-service/fshub/fshub_somethingelse_v3._CB428112012_.png\" style=\"max-width: 100%; border: 0px; vertical-align: top; width: 60px;\"></div><div class=\"center fs-match-card-detail\" style=\"display: flex; flex: 1 1 0%; flex-direction: column; min-width: 0px; justify-content: center;\"><div class=\"fs-match-card-title full\" style=\"font-size: 16px; display: -webkit-box; -webkit-line-clamp: unset; -webkit-box-orient: vertical; overflow: hidden; flex-shrink: 0; max-height: 40px;\">Something else</div></div></div></div></div></div></div><div class=\"page-wrapper\" style=\"background: rgb(247, 250, 250); min-height: 80vh; padding-top: 45px; padding-bottom: 45px; color: rgb(15, 17, 17); font-family: &quot;Amazon Ember&quot;, Arial, sans-serif; font-size: 14px;\"><div class=\"page-container\" style=\"max-width: 1300px; margin: auto; padding: 0px 20px;\"><label style=\"display: block; padding-left: 2px; padding-bottom: 2px; font-weight: 700;\"><h2 class=\"fs-heading bolded\" style=\"padding: 0px 0px 4px; margin-right: 0px; margin-bottom: 0px; margin-left: 0px; text-rendering: optimizelegibility; font-weight: 700; font-size: 24px; line-height: 32px; color: black;\">Search our help library</h2><form method=\"get\" action=\"https://www.amazon.com/gp/help/customer/display.html/ref=fs_hubgateway_ap\" class=\"a-spacing-top-small\" style=\"margin-bottom: 14px; margin-top: 8px !important;\"><div class=\"a-search a-span12\" style=\"width: 1221.33px; margin-right: 0px; position: relative; display: inline-block;\"><i class=\"a-icon a-icon-search\" style=\"background-image: url(&quot;https://m.media-amazon.com/images/S/sash/f9Cwl2OUDVHGXk8.png&quot;); background-size: 400px 900px; background-repeat: no-repeat; display: inline-block; vertical-align: top; opacity: 1; width: 13px; height: 13px; background-position: -271px -86px; position: absolute; top: 15.5px; margin-top: -7px; left: 10px;\"></i><input type=\"search\" maxlength=\"500\" id=\"hubHelpSearchInput\" placeholder=\"Type something like, &quot;question about a charge&quot;\" name=\"help_keywords\" spellcheck=\"false\" class=\"a-input-text a-span12\" style=\"font-size: 14px; vertical-align: middle; line-height: normal; transition: all 0.1s linear 0s; color: rgb(15, 17, 17); width: 1221.33px; border-width: 1px; border-style: solid; border-color: rgb(136, 140, 140); border-radius: 4px; box-shadow: rgba(15, 17, 17, 0.15) 0px 1px 2px inset; outline: 0px; background-color: rgb(255, 255, 255); height: 31px; padding: 3px 7px 3px 29px; float: none;\"></div></form></label><h2 class=\"fs-heading bolded\" style=\"padding: 0px 0px 4px; margin-right: 0px; margin-bottom: 0px; margin-left: 0px; text-rendering: optimizelegibility; font-weight: 700; font-size: 24px; line-height: 32px; color: black;\">All help topics</h2><div class=\"help-content-container\" style=\"display: flex; align-items: flex-start;\"><div class=\"help-topics-list-wrapper\" style=\"float: left; margin-right: 45px;\"><ul class=\"help-topics\" style=\"margin-right: 0px; margin-bottom: 0px; margin-left: 0px; padding: 0px; list-style-type: none;\"><li class=\"help-topics\" style=\"list-style: none; overflow-wrap: break-word; margin: 5px 0px 0px; display: block; min-width: 227px; height: 40px; border-radius: 4px; position: relative;\"><input data-topic=\"0\" type=\"radio\" id=\"foresight-help-topic-0\" name=\"select-help-topic\" checked=\"\" style=\"font-size: 14px; vertical-align: top; line-height: 19px; transition: all 0.1s linear 0s; color: rgb(15, 17, 17); height: 14px; width: 14px; position: absolute; inset: 0px; display: block; opacity: 0; z-index: 100;\"><label for=\"foresight-help-topic-0\" style=\"display: flex; padding: 5px 17px; font-weight: 700; position: absolute; inset: 0px; font-size: 15px; line-height: 1.3; cursor: pointer; z-index: 90; align-items: center; color: rgb(255, 255, 255); overflow: hidden; background: rgb(0, 130, 150); border-radius: 4px;\">Recommended Topics</label></li><li class=\"help-topics\" style=\"list-style: none; overflow-wrap: break-word; margin: 5px 0px 0px; display: block; min-width: 227px; height: 40px; border-radius: 4px; position: relative;\"><input data-topic=\"1\" type=\"radio\" id=\"foresight-help-topic-1\" name=\"select-help-topic\" style=\"font-size: 14px; vertical-align: top; line-height: 19px; transition: all 0.1s linear 0s; color: rgb(15, 17, 17); height: 14px; width: 14px; position: absolute; inset: 0px; display: block; opacity: 0; z-index: 100;\"><label for=\"foresight-help-topic-1\" style=\"display: flex; padding: 5px 17px; font-weight: 700; position: absolute; inset: 0px; font-size: 15px; line-height: 1.3; cursor: pointer; z-index: 90; align-items: center; color: rgb(17, 17, 17); overflow: hidden;\">Where\'s my stuff</label></li><li class=\"help-topics\" style=\"list-style: none; overflow-wrap: break-word; margin: 5px 0px 0px; display: block; min-width: 227px; height: 40px; border-radius: 4px; position: relative;\"><input data-topic=\"2\" type=\"radio\" id=\"foresight-help-topic-2\" name=\"select-help-topic\" style=\"font-size: 14px; vertical-align: top; line-height: 19px; transition: all 0.1s linear 0s; color: rgb(15, 17, 17); height: 14px; width: 14px; position: absolute; inset: 0px; display: block; opacity: 0; z-index: 100;\"><label for=\"foresight-help-topic-2\" style=\"display: flex; padding: 5px 17px; font-weight: 700; position: absolute; inset: 0px; font-size: 15px; line-height: 1.3; cursor: pointer; z-index: 90; align-items: center; color: rgb(17, 17, 17); overflow: hidden;\">Shipping and Delivery</label></li><li class=\"help-topics\" style=\"list-style: none; overflow-wrap: break-word; margin: 5px 0px 0px; display: block; min-width: 227px; height: 40px; border-radius: 4px; position: relative;\"><input data-topic=\"3\" type=\"radio\" id=\"foresight-help-topic-3\" name=\"select-help-topic\" style=\"font-size: 14px; vertical-align: top; line-height: 19px; transition: all 0.1s linear 0s; color: rgb(15, 17, 17); height: 14px; width: 14px; position: absolute; inset: 0px; display: block; opacity: 0; z-index: 100;\"><label for=\"foresight-help-topic-3\" style=\"display: flex; padding: 5px 17px; font-weight: 700; position: absolute; inset: 0px; font-size: 15px; line-height: 1.3; cursor: pointer; z-index: 90; align-items: center; color: rgb(17, 17, 17); overflow: hidden;\">Returns and Refunds</label></li><li class=\"help-topics\" style=\"list-style: none; overflow-wrap: break-word; margin: 5px 0px 0px; display: block; min-width: 227px; height: 40px; border-radius: 4px; position: relative;\"><input data-topic=\"4\" type=\"radio\" id=\"foresight-help-topic-4\" name=\"select-help-topic\" style=\"font-size: 14px; vertical-align: top; line-height: 19px; transition: all 0.1s linear 0s; color: rgb(15, 17, 17); height: 14px; width: 14px; position: absolute; inset: 0px; display: block; opacity: 0; z-index: 100;\"><label for=\"foresight-help-topic-4\" style=\"display: flex; padding: 5px 17px; font-weight: 700; position: absolute; inset: 0px; font-size: 15px; line-height: 1.3; cursor: pointer; z-index: 90; align-items: center; color: rgb(17, 17, 17); overflow: hidden;\">Managing Your Account</label></li><li class=\"help-topics\" style=\"list-style: none; overflow-wrap: break-word; margin: 5px 0px 0px; display: block; min-width: 227px; height: 40px; border-radius: 4px; position: relative;\"><input data-topic=\"5\" type=\"radio\" id=\"foresight-help-topic-5\" name=\"select-help-topic\" style=\"font-size: 14px; vertical-align: top; line-height: 19px; transition: all 0.1s linear 0s; color: rgb(15, 17, 17); height: 14px; width: 14px; position: absolute; inset: 0px; display: block; opacity: 0; z-index: 100;\"><label for=\"foresight-help-topic-5\" style=\"display: flex; padding: 5px 17px; font-weight: 700; position: absolute; inset: 0px; font-size: 15px; line-height: 1.3; cursor: pointer; z-index: 90; align-items: center; color: rgb(17, 17, 17); overflow: hidden;\">Security &amp; Privacy</label></li><li class=\"help-topics\" style=\"list-style: none; overflow-wrap: break-word; margin: 5px 0px 0px; display: block; min-width: 227px; height: 40px; border-radius: 4px; position: relative;\"><input data-topic=\"6\" type=\"radio\" id=\"foresight-help-topic-6\" name=\"select-help-topic\" style=\"font-size: 14px; vertical-align: top; line-height: 19px; transition: all 0.1s linear 0s; color: rgb(15, 17, 17); height: 14px; width: 14px; position: absolute; inset: 0px; display: block; opacity: 0; z-index: 100;\"><label for=\"foresight-help-topic-6\" style=\"display: flex; padding: 5px 17px; font-weight: 700; position: absolute; inset: 0px; font-size: 15px; line-height: 1.3; cursor: pointer; z-index: 90; align-items: center; color: rgb(17, 17, 17); overflow: hidden;\">Payment, Pricing and Promotions</label></li><li class=\"help-topics\" style=\"list-style: none; overflow-wrap: break-word; margin: 5px 0px 0px; display: block; min-width: 227px; height: 40px; border-radius: 4px; position: relative;\"><input data-topic=\"7\" type=\"radio\" id=\"foresight-help-topic-7\" name=\"select-help-topic\" style=\"font-size: 14px; vertical-align: top; line-height: 19px; transition: all 0.1s linear 0s; color: rgb(15, 17, 17); height: 14px; width: 14px; position: absolute; inset: 0px; display: block; opacity: 0; z-index: 100;\"><label for=\"foresight-help-topic-7\" style=\"display: flex; padding: 5px 17px; font-weight: 700; position: absolute; inset: 0px; font-size: 15px; line-height: 1.3; cursor: pointer; z-index: 90; align-items: center; color: rgb(17, 17, 17); overflow: hidden;\">Devices &amp; Digital Solutions</label></li><li class=\"help-topics\" style=\"list-style: none; overflow-wrap: break-word; margin: 5px 0px 0px; display: block; min-width: 227px; height: 40px; border-radius: 4px; position: relative;\"><input data-topic=\"8\" type=\"radio\" id=\"foresight-help-topic-8\" name=\"select-help-topic\" style=\"font-size: 14px; vertical-align: top; line-height: 19px; transition: all 0.1s linear 0s; color: rgb(15, 17, 17); height: 14px; width: 14px; position: absolute; inset: 0px; display: block; opacity: 0; z-index: 100;\"><label for=\"foresight-help-topic-8\" style=\"display: flex; padding: 5px 17px; font-weight: 700; position: absolute; inset: 0px; font-size: 15px; line-height: 1.3; cursor: pointer; z-index: 90; align-items: center; color: rgb(17, 17, 17); overflow: hidden;\">Amazon Business Accounts</label></li><li class=\"help-topics\" style=\"list-style: none; overflow-wrap: break-word; margin: 5px 0px 0px; display: block; min-width: 227px; height: 40px; border-radius: 4px; position: relative;\"><input data-topic=\"9\" type=\"radio\" id=\"foresight-help-topic-9\" name=\"select-help-topic\" style=\"font-size: 14px; vertical-align: top; line-height: 19px; transition: all 0.1s linear 0s; color: rgb(15, 17, 17); height: 14px; width: 14px; position: absolute; inset: 0px; display: block; opacity: 0; z-index: 100;\"><label for=\"foresight-help-topic-9\" style=\"display: flex; padding: 5px 17px; font-weight: 700; position: absolute; inset: 0px; font-size: 15px; line-height: 1.3; cursor: pointer; z-index: 90; align-items: center; color: rgb(17, 17, 17); overflow: hidden;\">Large Items and Heavy-Bulky Services</label></li><li class=\"help-topics\" style=\"list-style: none; overflow-wrap: break-word; margin: 5px 0px 0px; display: block; min-width: 227px; height: 40px; border-radius: 4px; position: relative;\"><input data-topic=\"10\" type=\"radio\" id=\"foresight-help-topic-10\" name=\"select-help-topic\" style=\"font-size: 14px; vertical-align: top; line-height: 19px; transition: all 0.1s linear 0s; color: rgb(15, 17, 17); height: 14px; width: 14px; position: absolute; inset: 0px; display: block; opacity: 0; z-index: 100;\"><label for=\"foresight-help-topic-10\" style=\"display: flex; padding: 5px 17px; font-weight: 700; position: absolute; inset: 0px; font-size: 15px; line-height: 1.3; cursor: pointer; z-index: 90; align-items: center; color: rgb(17, 17, 17); overflow: hidden;\">Other topics &amp; Help sites</label></li></ul></div><div class=\"help-content-wrapper\" style=\"overflow: hidden; display: flex; flex-wrap: wrap;\"><div class=\"article-wrapper active\" data-topic=\"0\" style=\"display: flex; flex-wrap: wrap;\"><div class=\"help-card-wrapper\" style=\"width: 475.667px; padding: 10px;\"><div class=\"fs-match-card\" role=\"button\" tabindex=\"0\" style=\"height: 94px; background-color: rgb(255, 255, 255); border-radius: 5px; border: 1px solid rgb(221, 221, 221); padding: 16px 20px; display: flex;\"><div class=\"fs-match-card-detail\" style=\"display: flex; flex: 1 1 0%; flex-direction: column; min-width: 0px;\"><div class=\"fs-match-card-title\" style=\"font-size: 16px; display: -webkit-box; -webkit-line-clamp: 1; -webkit-box-orient: vertical; overflow: hidden; flex-shrink: 0; max-height: 40px;\">Find a missing package that shows as \"Delivered\"</div><div class=\"fs-match-card-desc\" style=\"font-size: 12px; color: rgb(118, 118, 118); margin-top: 4px; display: -webkit-box; -webkit-line-clamp: 2; -webkit-box-orient: vertical; overflow: hidden;\">Most packages arrive on time, but, sometimes, the tracking may show as \"delivered\" and you don\'t have your package.</div></div></div></div><div class=\"help-card-wrapper\" style=\"width: 475.667px; padding: 10px;\"><div class=\"fs-match-card\" role=\"button\" tabindex=\"0\" style=\"height: 94px; background-color: rgb(255, 255, 255); border-radius: 5px; border: 1px solid rgb(221, 221, 221); padding: 16px 20px; display: flex;\"><div class=\"fs-match-card-detail\" style=\"display: flex; flex: 1 1 0%; flex-direction: column; min-width: 0px;\"><div class=\"fs-match-card-title\" style=\"font-size: 16px; display: -webkit-box; -webkit-line-clamp: 1; -webkit-box-orient: vertical; overflow: hidden; flex-shrink: 0; max-height: 40px;\">Late Deliveries</div><div class=\"fs-match-card-desc\" style=\"font-size: 12px; color: rgb(118, 118, 118); margin-top: 4px; display: -webkit-box; -webkit-line-clamp: 2; -webkit-box-orient: vertical; overflow: hidden;\">Most packages arrive on time. Orders sometimes show up after the estimated delivery date.</div></div></div></div><div class=\"help-card-wrapper\" style=\"width: 475.667px; padding: 10px;\"><div class=\"fs-match-card\" role=\"button\" tabindex=\"0\" style=\"height: 94px; background-color: rgb(255, 255, 255); border-radius: 5px; border: 1px solid rgb(221, 221, 221); padding: 16px 20px; display: flex;\"><div class=\"fs-match-card-detail\" style=\"display: flex; flex: 1 1 0%; flex-direction: column; min-width: 0px;\"><div class=\"fs-match-card-title\" style=\"font-size: 16px; display: -webkit-box; -webkit-line-clamp: 1; -webkit-box-orient: vertical; overflow: hidden; flex-shrink: 0; max-height: 40px;\">Track your package</div><div class=\"fs-match-card-desc\" style=\"font-size: 12px; color: rgb(118, 118, 118); margin-top: 4px; display: -webkit-box; -webkit-line-clamp: 2; -webkit-box-orient: vertical; overflow: hidden;\">You can find tracking information in your order details. If an order includes multiple items, each may have separate delivery dates and tracking information.</div></div></div></div><div class=\"help-card-wrapper\" style=\"width: 475.667px; padding: 10px;\"><div class=\"fs-match-card\" role=\"button\" tabindex=\"0\" style=\"height: 94px; background-color: rgb(255, 255, 255); border-radius: 5px; border: 1px solid rgb(221, 221, 221); padding: 16px 20px; display: flex;\"><div class=\"fs-match-card-detail\" style=\"display: flex; flex: 1 1 0%; flex-direction: column; min-width: 0px;\"><div class=\"fs-match-card-title\" style=\"font-size: 16px; display: -webkit-box; -webkit-line-clamp: 1; -webkit-box-orient: vertical; overflow: hidden; flex-shrink: 0; max-height: 40px;\">Check status of a refund</div><div class=\"fs-match-card-desc\" style=\"font-size: 12px; color: rgb(118, 118, 118); margin-top: 4px; display: -webkit-box; -webkit-line-clamp: 2; -webkit-box-orient: vertical; overflow: hidden;\">You can check the status of your refund in&nbsp;<span style=\"font-weight: 700;\">Your Orders&nbsp;</span>.</div></div></div></div><div class=\"help-card-wrapper\" style=\"width: 475.667px; padding: 10px;\"><div class=\"fs-match-card\" role=\"button\" tabindex=\"0\" style=\"height: 94px; background-color: rgb(255, 255, 255); border-radius: 5px; border: 1px solid rgb(221, 221, 221); padding: 16px 20px; display: flex;\"><div class=\"fs-match-card-detail\" style=\"display: flex; flex: 1 1 0%; flex-direction: column; min-width: 0px;\"><div class=\"fs-match-card-title\" style=\"font-size: 16px; display: -webkit-box; -webkit-line-clamp: 1; -webkit-box-orient: vertical; overflow: hidden; flex-shrink: 0; max-height: 40px;\">Find a missing item from your package</div><div class=\"fs-match-card-desc\" style=\"font-size: 12px; color: rgb(118, 118, 118); margin-top: 4px; display: -webkit-box; -webkit-line-clamp: 2; -webkit-box-orient: vertical; overflow: hidden;\">If an item is missing from your package, it may have been shipped separately.</div></div></div></div><div class=\"help-card-wrapper\" style=\"width: 475.667px; padding: 10px;\"><div class=\"fs-match-card\" role=\"button\" tabindex=\"0\" style=\"height: 94px; background-color: rgb(255, 255, 255); border-radius: 5px; border: 1px solid rgb(221, 221, 221); padding: 16px 20px; display: flex;\"><div class=\"fs-match-card-detail\" style=\"display: flex; flex: 1 1 0%; flex-direction: column; min-width: 0px;\"><div class=\"fs-match-card-title\" style=\"font-size: 16px; display: -webkit-box; -webkit-line-clamp: 1; -webkit-box-orient: vertical; overflow: hidden; flex-shrink: 0; max-height: 40px;\">Replace an item</div><div class=\"fs-match-card-desc\" style=\"font-size: 12px; color: rgb(118, 118, 118); margin-top: 4px; display: -webkit-box; -webkit-line-clamp: 2; -webkit-box-orient: vertical; overflow: hidden;\">If you received a damaged, defective, or incorrect item sold by Amazon, you can request a replacement for a small number of eligible items through&nbsp;<span style=\"font-weight: 700;\">Your Orders&nbsp;</span>.</div></div></div></div><div class=\"help-card-wrapper\" style=\"width: 475.667px; padding: 10px;\"><div class=\"fs-match-card\" role=\"button\" tabindex=\"0\" style=\"height: 94px; background-color: rgb(255, 255, 255); border-radius: 5px; border: 1px solid rgb(221, 221, 221); padding: 16px 20px; display: flex;\"><div class=\"fs-match-card-detail\" style=\"display: flex; flex: 1 1 0%; flex-direction: column; min-width: 0px;\"><div class=\"fs-match-card-title\" style=\"font-size: 16px; display: -webkit-box; -webkit-line-clamp: 1; -webkit-box-orient: vertical; overflow: hidden; flex-shrink: 0; max-height: 40px;\">Cancel Items or Orders</div><div class=\"fs-match-card-desc\" style=\"font-size: 12px; color: rgb(118, 118, 118); margin-top: 4px; display: -webkit-box; -webkit-line-clamp: 2; -webkit-box-orient: vertical; overflow: hidden;\">You can cancel items or orders that haven\'t entered the shipping process yet.</div></div></div></div></div></div></div></div></div></div>',_binary '','Customer Support',0,'2022-11-09 09:38:05.838000',30),(9,'Self-Publishing','<div><div class=\"rowComponent aem-GridColumn aem-GridColumn--default--12\" style=\"color: rgb(47, 47, 47); font-family: AmazonEmber-Light; font-size: 16px;\"><div class=\"row-container   \" style=\"position: relative;\"><div class=\"mt-none mb-none\" style=\"margin-top: 0px; margin-bottom: 0px; background-color: rgb(0, 0, 0);\"><div class=\"inner-wrap-indent px-3 px-md-5\" style=\"max-width: 140rem; position: relative; margin: auto; padding-right: 4.8rem !important; padding-left: 4.8rem !important;\"><div class=\"row-component_wrapper p-none\" style=\"padding: 0px;\"><div class=\"aem-Grid aem-Grid--12 aem-Grid--default--12 \"><div class=\"grid accordion aem-GridColumn aem-GridColumn--default--12\"><div class=\"cmp-grid outer-container outer-container_gutter-small p-none mt-none mb-none \" data-cmp-is=\"grid\" style=\"display: flex; flex-flow: row wrap; position: relative; margin: 0px -0.8rem; padding: 0px;\"><div class=\"grid-layout cmp-grid__item gutter-small_grid-no-3 gutter-small  grid-no-3 gutter-small_grid-no-tablet-3 gutter-small_grid-no-mobile-1\" id=\"grid-d5b7a0ac87-item-e61d9e55bd\" style=\"margin: 0px 0.8rem; width: calc(33.3% - 1.6rem);\"><div id=\"grid-d5b7a0ac87-item-e61d9e55bd-grid-component\" class=\"cmp-grid__panel min-width d-flex h-100\" aria-labelledby=\"grid-d5b7a0ac87-item-e61d9e55bd-button\" style=\"height: 272.906px; min-width: 100px;\"><div class=\"card w-100\" style=\"background-color: transparent; border-top-width: 1px; border-right-width: 1px; border-left-width: 1px; border-bottom-style: initial; border-top-color: rgba(0, 0, 0, 0.125); border-right-color: rgba(0, 0, 0, 0.125); border-bottom-color: initial; border-left-color: rgba(0, 0, 0, 0.125); border-radius: 0px; width: 378.042px;\"><a class=\"container-fluid comp-card\" href=\"https://developer.amazon.com/alexa\" id=\"comp-card\" style=\"color: rgb(0, 86, 179); background: linear-gradient(169.48deg, rgb(255, 255, 255) 22.72%, rgba(255, 255, 255, 0.76) 98.52%); padding: 30px 29px 10px 34px; width: 376.042px; outline: rgb(0, 130, 150) auto 5px; outline-offset: -2px; cursor: pointer; height: 271.906px; border-radius: 4px;\"><div class=\"card-comp font-black\" style=\"height: 231.906px;\"><div class=\"box-border d-xl-block\" style=\"position: relative; width: 313.042px; height: 231.906px;\"><div class=\"box-border-image\" style=\"height: 100px;\"><img alt=\"\" class=\"image-or-icon\" src=\"https://ds6yc8t7pnx74.cloudfront.net/content/dam/developer-portal/alexa-logo.svg\" style=\"max-width: 80%; border: 0px none; display: block; max-height: 74px; margin-bottom: 116px;\"></div><div class=\"d-lg-block box-border-content\"><h6 class=\"heading\" style=\"padding: 0px 0px 1px; margin: 20px 0px 1pc; font-size: 20px; line-height: 28px; font-family: AmazonEmberDisplay-Regular; color: rgb(0, 0, 0); letter-spacing: 0.02em;\">Alexa</h6><hr class=\"show-line\" style=\"box-sizing: content-box; background-color: rgb(255, 255, 255); border-top: 1px solid rgba(0, 0, 0, 0.1); line-height: 19px; margin-bottom: 1pc; overflow: visible; color: rgb(255, 255, 255);\"><div class=\"body-copy\"><div>Build natural voice interactions and innovative customer experiences.</div><div>&nbsp;</div></div></div></div></div></a></div></div></div><div class=\"grid-layout cmp-grid__item gutter-small_grid-no-3 gutter-small  grid-no-3 gutter-small_grid-no-tablet-3 gutter-small_grid-no-mobile-1\" id=\"grid-d5b7a0ac87-item-d40c3616e2\" style=\"margin: 0px 0.8rem; width: calc(33.3% - 1.6rem);\"><div id=\"grid-d5b7a0ac87-item-d40c3616e2-grid-component\" class=\"cmp-grid__panel min-width d-flex h-100\" aria-labelledby=\"grid-d5b7a0ac87-item-d40c3616e2-button\" style=\"height: 272.906px; min-width: 100px;\"><div class=\"card w-100\" style=\"background-color: transparent; border-top-width: 1px; border-right-width: 1px; border-left-width: 1px; border-bottom-style: initial; border-top-color: rgba(0, 0, 0, 0.125); border-right-color: rgba(0, 0, 0, 0.125); border-bottom-color: initial; border-left-color: rgba(0, 0, 0, 0.125); border-radius: 0px; width: 378.042px;\"><a class=\"container-fluid comp-card\" href=\"https://developer.amazon.com/apps-and-games\" id=\"comp-card\" style=\"color: rgb(0, 113, 133); background: linear-gradient(169.48deg, rgb(255, 255, 255) 22.72%, rgba(255, 255, 255, 0.76) 98.52%); padding: 30px 29px 10px 34px; width: 376.042px; height: 271.906px; border-radius: 4px;\"><div class=\"card-comp font-black\" style=\"height: 231.906px;\"><div class=\"card-comp_box\" style=\"display: contents;\"><div class=\"box-border d-xl-block\" style=\"position: relative; width: 313.042px; height: 231.906px;\"><div class=\"box-border-image\" style=\"height: 100px;\"><img alt=\"\" class=\"image-or-icon\" src=\"https://ds6yc8t7pnx74.cloudfront.net/content/dam/developer-portal/appstore-logo.svg\" style=\"max-width: 80%; border: 0px none; display: block; max-height: 74px; margin-bottom: 116px;\"></div><div class=\"d-lg-block box-border-content\"><h6 class=\"heading\" style=\"padding: 0px 0px 1px; margin: 20px 0px 1pc; font-size: 20px; line-height: 28px; font-family: AmazonEmberDisplay-Regular; color: rgb(0, 0, 0); letter-spacing: 0.02em;\">Amazon Appstore</h6><hr class=\"show-line\" style=\"box-sizing: content-box; background-color: rgb(255, 255, 255); border-top: 1px solid rgba(0, 0, 0, 0.1); line-height: 19px; margin-bottom: 1pc; overflow: visible; color: rgb(255, 255, 255);\"><div class=\"body-copy\"><div>Develop Android apps and games for Amazon Fire TV, Fire tablet, and mobile platforms.</div><div>&nbsp;</div></div></div></div></div></div></a></div></div></div><div class=\"grid-layout cmp-grid__item gutter-small_grid-no-3 gutter-small  grid-no-3 gutter-small_grid-no-tablet-3 gutter-small_grid-no-mobile-1\" id=\"grid-d5b7a0ac87-item-31738c2792\" style=\"margin: 0px 0.8rem; width: calc(33.3% - 1.6rem);\"><div id=\"grid-d5b7a0ac87-item-31738c2792-grid-component\" class=\"cmp-grid__panel min-width d-flex h-100\" aria-labelledby=\"grid-d5b7a0ac87-item-31738c2792-button\" style=\"height: 272.906px; min-width: 100px;\"><div class=\"card w-100\" style=\"background-color: transparent; border-top-width: 1px; border-right-width: 1px; border-left-width: 1px; border-bottom-style: initial; border-top-color: rgba(0, 0, 0, 0.125); border-right-color: rgba(0, 0, 0, 0.125); border-bottom-color: initial; border-left-color: rgba(0, 0, 0, 0.125); border-radius: 0px; width: 378.042px;\"><a class=\"container-fluid comp-card\" href=\"https://developer.aws/\" id=\"comp-card\" style=\"color: rgb(0, 113, 133); background: linear-gradient(169.48deg, rgb(255, 255, 255) 22.72%, rgba(255, 255, 255, 0.76) 98.52%); padding: 30px 29px 10px 34px; width: 376.042px; height: 271.906px; border-radius: 4px;\"><div class=\"card-comp font-black\" style=\"height: 231.906px;\"><div class=\"card-comp_box\" style=\"display: contents;\"><div class=\"box-border d-xl-block\" style=\"position: relative; width: 313.042px; height: 231.906px;\"><div class=\"box-border-image\" style=\"height: 100px;\"><img alt=\"\" class=\"image-or-icon\" src=\"https://ds6yc8t7pnx74.cloudfront.net/content/dam/developer-portal/aws-logo.svg\" style=\"max-width: 80%; border: 0px none; display: block; max-height: 74px; margin-bottom: 116px;\"></div><div class=\"d-lg-block box-border-content\"><h6 class=\"heading\" style=\"padding: 0px 0px 1px; margin: 20px 0px 1pc; font-size: 20px; line-height: 28px; font-family: AmazonEmberDisplay-Regular; color: rgb(0, 0, 0); letter-spacing: 0.02em;\">AWS Developer Center</h6><hr class=\"show-line\" style=\"box-sizing: content-box; background-color: rgb(255, 255, 255); border-top: 1px solid rgba(0, 0, 0, 0.1); line-height: 19px; margin-bottom: 1pc; overflow: visible; color: rgb(255, 255, 255);\"><div class=\"body-copy\"><div>Find tools, documentation, and sample code to build applications in your favorite language.</div><div>&nbsp;</div></div></div></div></div></div></a></div></div></div></div></div><div class=\"rowComponent aem-GridColumn aem-GridColumn--default--12\"><div class=\"row-container hideMobile  hideTablet\" style=\"position: relative;\"><div class=\"mt-none mb-none\" style=\"margin-top: 0px; margin-bottom: 0px;\"><div class=\"inner-wrap-indent px-3 px-md-5\" style=\"max-width: 140rem; position: relative; margin: auto; padding-right: 4.8rem !important; padding-left: 4.8rem !important;\"><div class=\"row-component_wrapper p-large\" style=\"padding: 4.8rem 0px;\"><div class=\"aem-Grid aem-Grid--12 aem-Grid--default--12 \"></div></div></div></div></div></div></div></div></div></div></div></div><div class=\"rowComponent aem-GridColumn aem-GridColumn--default--12\" style=\"color: rgb(47, 47, 47); font-family: AmazonEmber-Light; font-size: 16px;\"><div class=\"row-container hideMobile  hideTablet\" style=\"position: relative;\"><div class=\"mt-none mb-none\" style=\"margin-top: 0px; margin-bottom: 0px; background-color: rgb(0, 0, 0);\"><div class=\"inner-wrap-indent px-3 px-md-5\" style=\"max-width: 140rem; position: relative; margin: auto; padding-right: 4.8rem !important; padding-left: 4.8rem !important;\"><div class=\"row-component_wrapper p-none\" style=\"padding: 0px;\"><div class=\"aem-Grid aem-Grid--12 aem-Grid--default--12 \"><div class=\"columncontrol aem-GridColumn aem-GridColumn--default--12\" style=\"display: flex; flex-direction: column;\"><div class=\"column-control col-12 px-0 mt-2x-large mb-none  hideMobile  hideTablet\" style=\"position: relative; width: 1167.33px; min-height: 1px; flex-basis: 100%; max-width: 100%; margin-top: 4.8rem; margin-bottom: 0px;\"><div class=\"column-control_wrapper\" style=\"overflow: hidden; position: relative; background-image: initial; background-position: initial; background-size: initial; background-repeat: initial; background-attachment: initial; background-origin: initial; background-clip: initial;\"><div class=\"column-control_wrapper_container35-65 clearfix gutter-none\" style=\"margin: 0px; position: relative;\"><div class=\"column-control_wrapper_container35-65 content-section gutter-none p-none\" style=\"padding: 0px; margin: 0px; position: relative; float: left; min-height: 0.1rem; overflow: hidden; width: 408.562px;\"><div class=\"aem-Grid aem-Grid--12 aem-Grid--default--12 \"><div class=\"columncontrol aem-GridColumn aem-GridColumn--default--12\" style=\"display: flex; flex-direction: column;\"><div class=\"column-control col-12 px-0 mt-none mb-none    \" style=\"position: relative; width: 408.562px; min-height: 1px; flex-basis: 100%; max-width: 100%; margin-top: 0px; margin-bottom: 0px;\"><div class=\"column-control_wrapper\" style=\"overflow: hidden; position: relative; background: none;\"><div class=\"column-control_wrapper_container75-25 clearfix gutter-none\" style=\"margin: 0px; position: relative;\"><div class=\"column-control_wrapper_container75-25 content-section gutter-none p-none\" style=\"padding: 0px; margin: 0px; position: relative; float: left; min-height: 0.1rem; overflow: hidden; width: 306.417px;\"><div class=\"aem-Grid aem-Grid--12 aem-Grid--default--12 \"><div class=\"title aem-GridColumn aem-GridColumn--default--12\"><div class=\"title-comp mt-none mb-none font-white\" style=\"display: inline-block; width: 306.417px; margin-top: 0px; margin-bottom: 0px; color: rgb(255, 255, 255);\"><div class=\"title-comp_wrapper\"><a class=\"title-link\" id=\"news-and-announcements\" style=\"color: rgb(255, 255, 255); background-color: transparent;\"></a><div class=\"title-left text-left \"><h2 style=\"padding: 0px; margin-right: 0px; margin-left: 0px; text-rendering: optimizelegibility; font-size: 3.5rem; line-height: 4.2rem; font-family: AmazonEmber-Light; color: inherit; word-spacing: -0.1rem; letter-spacing: -0.05rem;\">News and announcements</h2></div></div></div></div></div></div><div class=\"content-section gutter-none p-none empty-section\" style=\"padding: 0px; margin: 0px; float: left; min-height: 0.1rem; overflow: hidden; width: 102.135px;\"><div class=\"aem-Grid aem-Grid--12 aem-Grid--default--12 \"></div></div></div></div></div></div><div class=\"columncontrol aem-GridColumn aem-GridColumn--default--12\" style=\"display: flex; flex-direction: column;\"><div class=\"column-control col-12 px-0 mt-small mb-none  hideMobile  \" style=\"position: relative; width: 408.562px; min-height: 1px; flex-basis: 100%; max-width: 100%; margin-top: 1.2rem; margin-bottom: 0px;\"><div class=\"column-control_wrapper\" style=\"overflow: hidden; position: relative; background: none;\"><div class=\"column-control_wrapper_container60-40 clearfix gutter-small\" style=\"position: relative; margin: 0px -0.8rem;\"><div class=\"column-control_wrapper_container60-40 content-section gutter-small p-none\" style=\"padding: 0px; position: relative; float: left; min-height: 0.1rem; overflow: hidden; width: calc(60% - 1.6rem); margin: 0px 0.8rem;\"><div class=\"aem-Grid aem-Grid--12 aem-Grid--default--12 \"><div class=\"text parbase aem-GridColumn aem-GridColumn--default--12\"><div class=\"text-comp mt-none mb-none font-white\" style=\"display: inline-block; width: 238.729px; margin-top: 0px; margin-bottom: 0px; color: rgb(255, 255, 255);\"><div class=\"text-comp_wrapper\"><div class=\"description \"><div>Keep up with the latest features and scientific improvements for Amazon developers and skill builders.</div></div></div></div></div></div></div><div class=\"content-section gutter-small p-none empty-section\" style=\"padding: 0px; float: left; min-height: 0.1rem; overflow: hidden; width: calc(40% - 1.6rem); margin: 0px 0.8rem;\"><div class=\"aem-Grid aem-Grid--12 aem-Grid--default--12 \"></div></div></div></div></div></div></div></div><div class=\"content-section gutter-none p-none\" style=\"padding: 0px; margin: 0px; float: left; min-height: 0.1rem; overflow: hidden; width: 758.76px;\"><div class=\"aem-Grid aem-Grid--12 aem-Grid--default--12 \"><div class=\"newsFeed aem-GridColumn aem-GridColumn--default--12\"><div class=\"container-fluid comp-newsfeed p-0\" style=\"width: 758.76px; display: flex;\"><div class=\"newsfeed \"><div class=\"newsfeed-img-container\"><picture style=\"display: block; height: 410.979px;\"><source media=\"(min-width: 768px)\" srcset=\"//ds6yc8t7pnx74.cloudfront.net/content/dam/developer-portal/L0_AppstoreWin11_post_780x368px.png\"><source media=\"(max-width: 767px)\" srcset=\"//ds6yc8t7pnx74.cloudfront.net/content/dam/developer-portal/L0_AppstoreWin11_post_780x368px.png\"><img class=\"banner-image\" srcset=\"//ds6yc8t7pnx74.cloudfront.net/content/dam/developer-portal/L0_AppstoreWin11_post_780x368px.png\" style=\"max-width: 100%; border: 0px none; width: 758.76px; margin-bottom: 53px; border-radius: 8px;\"></picture></div><div class=\"newsfeed-desc-container\" style=\"color: rgb(255, 255, 255);\"><div class=\"newsfeed-desc\" style=\"border-bottom: 1px solid rgba(255, 255, 255, 0.3); padding-bottom: 40px; padding-top: 0px !important;\"><div class=\"newsfeed-desc-item newsfeed-desc-item-date caption\" style=\"font-family: AmazonEmberDisplay-Regular; font-size: 13px; line-height: 18px; letter-spacing: 0.03em; text-transform: uppercase; opacity: 0.4; margin-bottom: 12px;\">OCTOBER 18, 2022</div><div class=\"newsfeed-desc-item newsfeed-desc-item-title\" style=\"margin-bottom: 36px;\"><a class=\"title-five\" href=\"https://developer.amazon.com/apps-and-games/blogs/2022/10/appstore-on-windows11-developer-preview\" style=\"color: rgb(255, 255, 255); background-color: transparent; font-family: AmazonEmberDisplay-Regular; font-size: 24px; line-height: 29px; letter-spacing: -0.015em;\">Amazon Appstore for Windows 11 now in developer preview</a></div><div class=\"newsfeed-desc-item newsfeed-desc-item-category\" style=\"margin-left: -4px; display: table;\"><div class=\"newsfeed-desc-item-category-button\" style=\"display: inline-grid; padding: 4px 13px; background: rgb(255, 255, 255); border-radius: 4px; margin: 4px;\"><a class=\"caption\" href=\"https://developer.amazon.com/apps-and-games/blogs/tag.announcements\" style=\"color: rgb(0, 0, 0); background-color: transparent; font-family: AmazonEmberDisplay-Regular; text-align: center; letter-spacing: 0.05em; text-transform: uppercase; font-size: 14px; line-height: 17px;\">ANNOUNCEMENTS</a></div><div class=\"newsfeed-desc-item-category-button\" style=\"display: inline-grid; padding: 4px 13px; background: rgb(255, 255, 255); border-radius: 4px; margin: 4px;\"><a class=\"caption\" href=\"https://developer.amazon.com/apps-and-games/blogs/tag.appstore-on-windows-11\" style=\"color: rgb(0, 0, 0); background-color: transparent; font-family: AmazonEmberDisplay-Regular; text-align: center; letter-spacing: 0.05em; text-transform: uppercase; font-size: 14px; line-height: 17px;\">APPSTORE ON WINDOWS 11</a></div></div></div><div class=\"newsfeed-desc\" style=\"border-bottom: 1px solid rgba(255, 255, 255, 0.3); padding-top: 40px; padding-bottom: 40px;\"><div class=\"newsfeed-desc-item newsfeed-desc-item-date caption\" style=\"font-family: AmazonEmberDisplay-Regular; font-size: 13px; line-height: 18px; letter-spacing: 0.03em; text-transform: uppercase; opacity: 0.4; margin-bottom: 12px;\">OCTOBER 17, 2022</div><div class=\"newsfeed-desc-item newsfeed-desc-item-title\" style=\"margin-bottom: 36px;\"><a class=\"title-five\" href=\"https://developer.amazon.com/en-US/blogs/alexa/alexa-skills-kit/2022/10/alexa-voice-forward-account-linking-october-2022\" style=\"color: rgb(255, 255, 255); background-color: transparent; font-family: AmazonEmberDisplay-Regular; font-size: 24px; line-height: 29px; letter-spacing: -0.015em;\">How Alexa skill developers can use voice-forward account linking to engage and retain customers</a></div><div class=\"newsfeed-desc-item newsfeed-desc-item-category\" style=\"margin-left: -4px; display: table;\"><div class=\"newsfeed-desc-item-category-button\" style=\"display: inline-grid; padding: 4px 13px; background: rgb(255, 255, 255); border-radius: 4px; margin: 4px;\"><a class=\"caption\" href=\"https://developer.amazon.com/en-US/blogs/alexa/tag.alexa-skills\" style=\"color: rgb(0, 0, 0); background-color: transparent; font-family: AmazonEmberDisplay-Regular; text-align: center; letter-spacing: 0.05em; text-transform: uppercase; font-size: 14px; line-height: 17px;\">ALEXA SKILLS</a></div></div></div><div class=\"newsfeed-desc\" style=\"padding-top: 40px; padding-bottom: 40px; border-bottom: 0px !important;\"><div class=\"newsfeed-desc-item newsfeed-desc-item-date caption\" style=\"font-family: AmazonEmberDisplay-Regular; font-size: 13px; line-height: 18px; letter-spacing: 0.03em; text-transform: uppercase; opacity: 0.4; margin-bottom: 12px;\">OCTOBER 05, 2022</div><div class=\"newsfeed-desc-item newsfeed-desc-item-title\" style=\"margin-bottom: 36px;\"><a class=\"title-five\" href=\"https://developer.amazon.com/en-US/blogs/alexa/alexa-skills-kit/2022/10/five-common-reasons-skills-dont-get-certified\" style=\"color: rgb(255, 255, 255); background-color: transparent; font-family: AmazonEmberDisplay-Regular; font-size: 24px; line-height: 29px; letter-spacing: -0.015em;\">Five common errors why Alexa skills dont get certifiedand how to fix them</a></div><div class=\"newsfeed-desc-item newsfeed-desc-item-category\" style=\"margin-left: -4px; display: table;\"><div class=\"newsfeed-desc-item-category-button\" style=\"display: inline-grid; padding: 4px 13px; background: rgb(255, 255, 255); border-radius: 4px; margin: 4px;\"><a class=\"caption\" href=\"https://developer.amazon.com/en-US/blogs/alexa/tag.certify\" style=\"color: rgb(0, 0, 0); background-color: transparent; font-family: AmazonEmberDisplay-Regular; text-align: center; letter-spacing: 0.05em; text-transform: uppercase; font-size: 14px; line-height: 17px;\">CERTIFICATION</a></div></div></div></div></div></div></div></div></div></div></div></div></div></div></div></div></div></div></div></div>',_binary '','Self Publishing',0,'2022-11-09 09:42:18.853000',30),(10,'Help Center','<main role=\"main\" style=\"min-height: 48vh; color: rgb(0, 51, 77); font-family: Flama, -apple-system, BlinkMacSystemFont, &quot;Segoe UI&quot;, Helvetica, Arial, sans-serif; font-size: 15px; letter-spacing: 0.3px;\"><div class=\"container\" style=\"max-width: 1160px; margin-top: 0px; margin-bottom: 0px; padding: 0px; width: 1137px;\"><section class=\"section knowledge-base\" style=\"padding-top: 80px; margin-bottom: 80px;\"><section class=\"categories blocks\"><ul class=\"blocks-list\" style=\"list-style: none; margin: 0px -15px; padding: 0px; display: flex; flex-wrap: wrap; justify-content: flex-start;\"><div class=\"blocks-item-wrapper\" style=\"display: flex; flex: 0 0 33.3%; flex-direction: row; margin-bottom: 30px; padding: 0px 15px;\"><div class=\"blocks-item\" style=\"border: 1px solid rgb(238, 238, 238); background-image: initial; background-position: initial; background-size: initial; background-repeat: initial; background-attachment: initial; background-origin: initial; background-clip: initial; border-radius: 4px; color: rgb(0, 170, 255); max-width: 100%; padding: 0px 25px 0px 15px;\"><a href=\"https://help.pillpack.com/hc/en-us/categories/360000155188-Getting-Started\" class=\"blocks-item-link\" style=\"background-color: transparent; color: rgb(0, 170, 255); display: flex; flex-direction: row; align-items: flex-start; align-content: flex-start; padding: 20px 0px 22px;\"><div class=\"blocks-item-icon\" style=\"margin-right: 15px;\"><img src=\"https://theme.zdassets.com/theme_assets/1955341/c968f2b2292a70b144f912e5de934e7ee0f70911.png\" class=\"icon\" data-title=\"360000155188\" style=\"border: 0px; font-family: copenhagen-icons; speak: none; line-height: 1em; -webkit-font-smoothing: antialiased; margin-top: -5px; max-width: 40px;\"></div><div class=\"blocks-item-text\"><h4 class=\"blocks-item-title\" style=\"font-family: Flama, -apple-system, BlinkMacSystemFont, &quot;Segoe UI&quot;, Helvetica, Arial, sans-serif; font-size: 20px; color: rgb(0, 51, 77); margin-bottom: 0px;\">Getting Started</h4><div>Learn the basics of who we are, what we do, and how to sign up.</div></div></a></div></div><div class=\"blocks-item-wrapper\" style=\"display: flex; flex: 0 0 33.3%; flex-direction: row; margin-bottom: 30px; padding: 0px 15px;\"><div class=\"blocks-item\" style=\"border: 1px solid rgb(238, 238, 238); background-image: initial; background-position: initial; background-size: initial; background-repeat: initial; background-attachment: initial; background-origin: initial; background-clip: initial; border-radius: 4px; color: rgb(0, 170, 255); max-width: 100%; padding: 0px 25px 0px 15px;\"><a href=\"https://help.pillpack.com/hc/en-us/categories/360000154547-Medication-Refills\" class=\"blocks-item-link\" style=\"background-color: transparent; color: rgb(0, 170, 255); display: flex; flex-direction: row; align-items: flex-start; align-content: flex-start; padding: 20px 0px 22px;\"><div class=\"blocks-item-icon\" style=\"margin-right: 15px;\"><img src=\"https://theme.zdassets.com/theme_assets/1955341/c7cbaa85fe15c29448fe6ef051ddd0b952f149d5.png\" class=\"icon\" data-title=\"360000154547\" style=\"border: 0px; font-family: copenhagen-icons; speak: none; line-height: 1em; -webkit-font-smoothing: antialiased; margin-top: -5px; max-width: 40px;\"></div><div class=\"blocks-item-text\"><h4 class=\"blocks-item-title\" style=\"font-family: Flama, -apple-system, BlinkMacSystemFont, &quot;Segoe UI&quot;, Helvetica, Arial, sans-serif; font-size: 20px; color: rgb(0, 51, 77); margin-bottom: 0px;\">Medication &amp; Refills</h4><div>Get the meds you need, delivered every 30 days.</div></div></a></div></div><div class=\"blocks-item-wrapper\" style=\"display: flex; flex: 0 0 33.3%; flex-direction: row; margin-bottom: 30px; padding: 0px 15px;\"><div class=\"blocks-item\" style=\"border: 1px solid rgb(238, 238, 238); background-image: initial; background-position: initial; background-size: initial; background-repeat: initial; background-attachment: initial; background-origin: initial; background-clip: initial; border-radius: 4px; color: rgb(0, 170, 255); max-width: 100%; padding: 0px 25px 0px 15px;\"><a href=\"https://help.pillpack.com/hc/en-us/categories/360000150068-Payment-Insurance\" class=\"blocks-item-link\" style=\"background-color: transparent; color: rgb(0, 170, 255); display: flex; flex-direction: row; align-items: flex-start; align-content: flex-start; padding: 20px 0px 22px;\"><div class=\"blocks-item-icon\" style=\"margin-right: 15px;\"><img src=\"https://theme.zdassets.com/theme_assets/1955341/bb885e6f90b5114de1e1de609387b1670119bfd0.png\" class=\"icon\" data-title=\"360000150068\" style=\"border: 0px; font-family: copenhagen-icons; speak: none; line-height: 1em; -webkit-font-smoothing: antialiased; margin-top: -5px; max-width: 40px;\"></div><div class=\"blocks-item-text\"><h4 class=\"blocks-item-title\" style=\"font-family: Flama, -apple-system, BlinkMacSystemFont, &quot;Segoe UI&quot;, Helvetica, Arial, sans-serif; font-size: 20px; color: rgb(0, 51, 77); margin-bottom: 0px;\">Payment &amp; Insurance</h4><div>All you pay are your copays  we do the rest for free.</div></div></a></div></div><div class=\"blocks-item-wrapper\" style=\"display: flex; flex: 0 0 33.3%; flex-direction: row; margin-bottom: 30px; padding: 0px 15px;\"><div class=\"blocks-item\" style=\"border: 1px solid rgb(238, 238, 238); background-image: initial; background-position: initial; background-size: initial; background-repeat: initial; background-attachment: initial; background-origin: initial; background-clip: initial; border-radius: 4px; color: rgb(0, 170, 255); max-width: 100%; padding: 0px 25px 0px 15px;\"><a href=\"https://help.pillpack.com/hc/en-us/categories/360000156168-Shipping-Packaging\" class=\"blocks-item-link\" style=\"background-color: transparent; color: rgb(0, 170, 255); display: flex; flex-direction: row; align-items: flex-start; align-content: flex-start; padding: 20px 0px 22px;\"><div class=\"blocks-item-icon\" style=\"margin-right: 15px;\"><img src=\"https://theme.zdassets.com/theme_assets/1955341/62d00cf357e595afe60412ea3c50f5599adbb890.png\" class=\"icon\" data-title=\"360000156168\" style=\"border: 0px; font-family: copenhagen-icons; speak: none; line-height: 1em; -webkit-font-smoothing: antialiased; margin-top: -5px; max-width: 40px;\"></div><div class=\"blocks-item-text\"><h4 class=\"blocks-item-title\" style=\"font-family: Flama, -apple-system, BlinkMacSystemFont, &quot;Segoe UI&quot;, Helvetica, Arial, sans-serif; font-size: 20px; color: rgb(0, 51, 77); margin-bottom: 0px;\">Shipping &amp; Packaging</h4><div>We ship in discreet packaging all over the continental US.</div></div></a></div></div><div class=\"blocks-item-wrapper\" style=\"display: flex; flex: 0 0 33.3%; flex-direction: row; margin-bottom: 30px; padding: 0px 15px;\"><div class=\"blocks-item\" style=\"border: 1px solid rgb(238, 238, 238); background-image: initial; background-position: initial; background-size: initial; background-repeat: initial; background-attachment: initial; background-origin: initial; background-clip: initial; border-radius: 4px; color: rgb(0, 170, 255); max-width: 100%; padding: 0px 25px 0px 15px;\"><a href=\"https://help.pillpack.com/hc/en-us/categories/360000156208-Safety-Privacy\" class=\"blocks-item-link\" style=\"background-color: transparent; color: rgb(0, 170, 255); display: flex; flex-direction: row; align-items: flex-start; align-content: flex-start; padding: 20px 0px 22px;\"><div class=\"blocks-item-icon\" style=\"margin-right: 15px;\"><img src=\"https://theme.zdassets.com/theme_assets/1955341/e2da7053374aa2cf0ef7c17f850e0b88ab339386.png\" class=\"icon\" data-title=\"360000156208\" style=\"border: 0px; font-family: copenhagen-icons; speak: none; line-height: 1em; -webkit-font-smoothing: antialiased; margin-top: -5px; max-width: 40px;\"></div><div class=\"blocks-item-text\"><h4 class=\"blocks-item-title\" style=\"font-family: Flama, -apple-system, BlinkMacSystemFont, &quot;Segoe UI&quot;, Helvetica, Arial, sans-serif; font-size: 20px; color: rgb(0, 51, 77); margin-bottom: 0px;\">Safety &amp; Privacy</h4><div>Protecting your information and your health is our top priority.</div></div></a></div></div><div class=\"blocks-item-wrapper\" style=\"display: flex; flex: 0 0 33.3%; flex-direction: row; margin-bottom: 30px; padding: 0px 15px;\"><div class=\"blocks-item\" style=\"border: 1px solid rgb(238, 238, 238); background-image: initial; background-position: initial; background-size: initial; background-repeat: initial; background-attachment: initial; background-origin: initial; background-clip: initial; border-radius: 4px; color: rgb(0, 170, 255); max-width: 100%; padding: 0px 25px 0px 15px;\"><a href=\"https://help.pillpack.com/hc/en-us/categories/360000156188-Your-Account-Preferences\" class=\"blocks-item-link\" style=\"background-color: transparent; color: rgb(0, 170, 255); display: flex; flex-direction: row; align-items: flex-start; align-content: flex-start; padding: 20px 0px 22px;\"><div class=\"blocks-item-icon\" style=\"margin-right: 15px;\"><img src=\"https://theme.zdassets.com/theme_assets/1955341/4db9faeede6a420def90989b7a159bb9addf1003.png\" class=\"icon\" data-title=\"360000156188\" style=\"border: 0px; font-family: copenhagen-icons; speak: none; line-height: 1em; -webkit-font-smoothing: antialiased; margin-top: -5px; max-width: 40px;\"></div><div class=\"blocks-item-text\"><h4 class=\"blocks-item-title\" style=\"font-family: Flama, -apple-system, BlinkMacSystemFont, &quot;Segoe UI&quot;, Helvetica, Arial, sans-serif; font-size: 20px; color: rgb(0, 51, 77); margin-bottom: 0px;\">Your Account Preferences</h4><div>Access your medication information anytime, anywhere.</div></div></a></div></div></ul></section><section class=\"section featured\" style=\"margin-bottom: 80px; margin-top: 30px;\"><h3 style=\"font-family: Flama, -apple-system, BlinkMacSystemFont, &quot;Segoe UI&quot;, Helvetica, Arial, sans-serif; font-weight: 600; font-size: 18px;\">Featured Topics</h3><div class=\"featured-list\" style=\"display: flex; flex-wrap: wrap; justify-content: flex-start; list-style: none; padding: 0px; margin: 0px -15px;\"><div class=\"featured-item\" style=\"display: flex; flex: 0 0 33.3%; flex-direction: row; max-width: 100%; padding: 0px 15px;\"><a href=\"https://pillpack.zendesk.com/hc/en-us/sections/360000365967-Intro-to-PillPack\" style=\"background-color: transparent; color: rgb(0, 170, 255); display: flex; flex-grow: 1; padding: 20px 0px; border-bottom: 1px solid rgb(238, 238, 238);\">Intro to PillPack</a></div><div class=\"featured-item\" style=\"display: flex; flex: 0 0 33.3%; flex-direction: row; max-width: 100%; padding: 0px 15px;\"><a href=\"https://pillpack.zendesk.com/hc/en-us/sections/360000366007-Your-first-shipment\" style=\"background-color: transparent; color: rgb(0, 170, 255); display: flex; flex-grow: 1; padding: 20px 0px; border-bottom: 1px solid rgb(238, 238, 238);\">Your first shipment</a></div><div class=\"featured-item\" style=\"display: flex; flex: 0 0 33.3%; flex-direction: row; max-width: 100%; padding: 0px 15px;\"><a href=\"https://pillpack.zendesk.com/hc/en-us/sections/360000372387-How-we-fill#\" style=\"background-color: transparent; color: rgb(0, 170, 255); display: flex; flex-grow: 1; padding: 20px 0px; border-bottom: 1px solid rgb(238, 238, 238);\">How we fill</a></div><div class=\"featured-item\" style=\"display: flex; flex: 0 0 33.3%; flex-direction: row; max-width: 100%; padding: 0px 15px;\"><a href=\"https://pillpack.zendesk.com/hc/en-us/sections/360000373548-How-we-ship\" style=\"background-color: transparent; color: rgb(0, 170, 255); display: flex; flex-grow: 1; padding: 20px 0px; border-bottom: 1px solid rgb(238, 238, 238);\">How we ship</a></div><div class=\"featured-item\" style=\"display: flex; flex: 0 0 33.3%; flex-direction: row; max-width: 100%; padding: 0px 15px;\"><a href=\"https://pillpack.zendesk.com/hc/en-us/sections/360000372307-Our-packaging\" style=\"background-color: transparent; color: rgb(0, 170, 255); display: flex; flex-grow: 1; padding: 20px 0px; border-bottom: 1px solid rgb(238, 238, 238);\">Our packaging</a></div><div class=\"featured-item\" style=\"display: flex; flex: 0 0 33.3%; flex-direction: row; max-width: 100%; padding: 0px 15px;\"><a href=\"https://pillpack.zendesk.com/hc/en-us/sections/360000372367-Quality-control\" style=\"background-color: transparent; color: rgb(0, 170, 255); display: flex; flex-grow: 1; padding: 20px 0px; border-bottom: 1px solid rgb(238, 238, 238);\">Quality control</a></div><div class=\"featured-item\" style=\"display: flex; flex: 0 0 33.3%; flex-direction: row; max-width: 100%; padding: 0px 15px;\"><a href=\"https://pillpack.zendesk.com/hc/en-us/sections/360000372207-Your-online-account\" style=\"background-color: transparent; color: rgb(0, 170, 255); display: flex; flex-grow: 1; padding: 20px 0px; border-bottom: 1px solid rgb(238, 238, 238);\">Your online account</a></div><div class=\"featured-item\" style=\"display: flex; flex: 0 0 33.3%; flex-direction: row; max-width: 100%; padding: 0px 15px;\"><a href=\"https://pillpack.zendesk.com/hc/en-us/sections/360000373888-How-we-charge\" style=\"background-color: transparent; color: rgb(0, 170, 255); display: flex; flex-grow: 1; padding: 20px 0px; border-bottom: 1px solid rgb(238, 238, 238);\">How we charge</a></div><div class=\"featured-item\" style=\"display: flex; flex: 0 0 33.3%; flex-direction: row; max-width: 100%; padding: 0px 15px;\"><a href=\"https://pillpack.zendesk.com/hc/en-us/sections/360000332948-Insurance-coverage#\" style=\"background-color: transparent; color: rgb(0, 170, 255); display: flex; flex-grow: 1; padding: 20px 0px; border-bottom: 1px solid rgb(238, 238, 238);\">Insurance coverage</a></div></div></section><section class=\"articles\"><h3 style=\"font-family: Flama, -apple-system, BlinkMacSystemFont, &quot;Segoe UI&quot;, Helvetica, Arial, sans-serif; font-weight: 600; font-size: 18px;\">Promoted articles</h3><ul class=\"article-list promoted-articles\" style=\"list-style: none; margin: 0px; padding: 0px; display: flex; flex-flow: row wrap;\"><li class=\"promoted-articles-item\" style=\"flex: 0 0 auto; align-self: flex-end; padding-right: 30px; width: 375.208px;\"><a href=\"https://help.pillpack.com/hc/en-us/articles/360045026173-COVID-19\" style=\"background-color: transparent; color: rgb(0, 51, 77); border-width: 0px 0px 1px; border-bottom-style: solid; border-bottom-color: rgb(221, 221, 221); display: block; padding: 15px 0px; border-top-style: initial; border-right-style: initial; border-left-style: initial; border-top-color: initial; border-right-color: initial; border-left-color: initial; border-image: initial;\">COVID-19</a></li></ul></section></section></div></main><section class=\"section questions end_user anonymous\" style=\"margin: 120px auto; text-align: center; position: relative; max-width: 560px; color: rgb(0, 51, 77); font-family: Flama, -apple-system, BlinkMacSystemFont, &quot;Segoe UI&quot;, Helvetica, Arial, sans-serif; font-size: 15px; letter-spacing: 0.3px;\"><h1 style=\"font-size: 45px; margin-right: 0px; margin-bottom: 0px; margin-left: 0px; font-family: &quot;Tiempos Headline&quot;, Georgia, serif; letter-spacing: 0.01em; padding-top: 20px;\">Still have questions?</h1><div>We\'re always happy to help. Our support team is available 8am10pm&nbsp;ET weekdays and 10am8pm&nbsp;ET on weekends.</div><a class=\"submit-a-request home-contact-button\" href=\"https://help.pillpack.com/hc/en-us/requests/new\" style=\"background: rgb(0, 170, 255); color: rgb(255, 255, 255); font-size: 18px; padding: 11px 25px 14px; border-radius: 25px;\">Contact Us</a></section>',_binary '','Help Center',1,'2022-11-15 19:38:06.554000',30);
/*!40000 ALTER TABLE `articles` ENABLE KEYS */;
UNLOCK TABLES;

--
-- Table structure for table `banners`
--

DROP TABLE IF EXISTS `banners`;
/*!40101 SET @saved_cs_client     = @@character_set_client */;
/*!50503 SET character_set_client = utf8mb4 */;
CREATE TABLE `banners` (
  `id` int NOT NULL AUTO_INCREMENT,
  `image` varchar(128) NOT NULL,
  `name` varchar(45) NOT NULL,
  `title` varchar(256) NOT NULL,
  PRIMARY KEY (`id`),
  UNIQUE KEY `UK_7q9ccqoo9wjtt4otbjyp5flrn` (`name`)
) ENGINE=InnoDB DEFAULT CHARSET=utf8mb4 COLLATE=utf8mb4_0900_ai_ci;
/*!40101 SET character_set_client = @saved_cs_client */;

--
-- Dumping data for table `banners`
--

LOCK TABLES `banners` WRITE;
/*!40000 ALTER TABLE `banners` DISABLE KEYS */;
/*!40000 ALTER TABLE `banners` ENABLE KEYS */;
UNLOCK TABLES;

--
-- Table structure for table `brands`
--

DROP TABLE IF EXISTS `brands`;
/*!40101 SET @saved_cs_client     = @@character_set_client */;
/*!50503 SET character_set_client = utf8mb4 */;
CREATE TABLE `brands` (
  `id` int NOT NULL AUTO_INCREMENT,
  `name` varchar(45) NOT NULL,
  `logo` varchar(128) NOT NULL,
  PRIMARY KEY (`id`),
  UNIQUE KEY `UK_oce3937d2f4mpfqrycbr0l93m` (`name`)
) ENGINE=InnoDB AUTO_INCREMENT=21 DEFAULT CHARSET=utf8mb4 COLLATE=utf8mb4_0900_ai_ci;
/*!40101 SET character_set_client = @saved_cs_client */;

--
-- Dumping data for table `brands`
--

LOCK TABLES `brands` WRITE;
/*!40000 ALTER TABLE `brands` DISABLE KEYS */;
INSERT INTO `brands` VALUES (6,'REDROCK','brand-1.png'),(7,'PEGASUS','brand-2.png'),(8,'QUICKEN','brand-3.png'),(9,'ROCKER','brand-4.png'),(10,'MAGENTA','brand-5.png'),(11,'EXTEND','brand-6.png'),(12,'SECRET','brand-7.png'),(13,'EMATIC','brand-8.png'),(14,'VAERON','brand-9.png'),(15,'AVANCE','brand-10.png'),(16,'SABECAMP','brand-11.png'),(17,'CORE','brand-12.png');
/*!40000 ALTER TABLE `brands` ENABLE KEYS */;
UNLOCK TABLES;

--
-- Table structure for table `brands_categories`
--

DROP TABLE IF EXISTS `brands_categories`;
/*!40101 SET @saved_cs_client     = @@character_set_client */;
/*!50503 SET character_set_client = utf8mb4 */;
CREATE TABLE `brands_categories` (
  `brand_id` int NOT NULL,
  `category_id` int NOT NULL,
  PRIMARY KEY (`brand_id`,`category_id`),
  KEY `FK6x68tjj3eay19skqlhn7ls6ai` (`category_id`),
  CONSTRAINT `FK58ksmicdguvu4d7b6yglgqvxo` FOREIGN KEY (`brand_id`) REFERENCES `brands` (`id`),
  CONSTRAINT `FK6x68tjj3eay19skqlhn7ls6ai` FOREIGN KEY (`category_id`) REFERENCES `categories` (`id`)
) ENGINE=InnoDB DEFAULT CHARSET=utf8mb4 COLLATE=utf8mb4_0900_ai_ci;
/*!40101 SET character_set_client = @saved_cs_client */;

--
-- Dumping data for table `brands_categories`
--

LOCK TABLES `brands_categories` WRITE;
/*!40000 ALTER TABLE `brands_categories` DISABLE KEYS */;
INSERT INTO `brands_categories` VALUES (16,1),(8,2),(14,3),(13,4),(12,5),(6,6),(15,8),(7,9),(9,10),(16,11),(7,12),(17,12),(7,13),(6,14),(7,15),(17,15),(15,16),(10,17),(15,18),(6,19),(6,20),(14,21),(15,22),(17,22),(11,23),(16,24),(17,24),(15,25),(16,25),(7,26),(17,26),(16,27),(16,28),(8,29),(9,30),(9,31),(9,32),(10,33),(11,34),(11,35),(11,36),(12,37),(12,38),(12,39),(13,40),(13,41),(13,42),(14,43);
/*!40000 ALTER TABLE `brands_categories` ENABLE KEYS */;
UNLOCK TABLES;

--
-- Table structure for table `cart_items`
--

DROP TABLE IF EXISTS `cart_items`;
/*!40101 SET @saved_cs_client     = @@character_set_client */;
/*!50503 SET character_set_client = utf8mb4 */;
CREATE TABLE `cart_items` (
  `id` int NOT NULL AUTO_INCREMENT,
  `customer_id` int DEFAULT NULL,
  `product_id` int DEFAULT NULL,
  `quantity` int NOT NULL,
  PRIMARY KEY (`id`),
  KEY `FKdagcsk6v6x4n1kxw3rkp57921` (`customer_id`),
  KEY `FK1re40cjegsfvw58xrkdp6bac6` (`product_id`),
  CONSTRAINT `FK1re40cjegsfvw58xrkdp6bac6` FOREIGN KEY (`product_id`) REFERENCES `products` (`id`),
  CONSTRAINT `FKdagcsk6v6x4n1kxw3rkp57921` FOREIGN KEY (`customer_id`) REFERENCES `customers` (`id`)
) ENGINE=InnoDB AUTO_INCREMENT=74 DEFAULT CHARSET=utf8mb4 COLLATE=utf8mb4_0900_ai_ci;
/*!40101 SET character_set_client = @saved_cs_client */;

--
-- Dumping data for table `cart_items`
--

LOCK TABLES `cart_items` WRITE;
/*!40000 ALTER TABLE `cart_items` DISABLE KEYS */;
INSERT INTO `cart_items` VALUES (12,1,5,5),(13,1,1,3),(61,50,16,1);
/*!40000 ALTER TABLE `cart_items` ENABLE KEYS */;
UNLOCK TABLES;

--
-- Table structure for table `categories`
--

DROP TABLE IF EXISTS `categories`;
/*!40101 SET @saved_cs_client     = @@character_set_client */;
/*!50503 SET character_set_client = utf8mb4 */;
CREATE TABLE `categories` (
  `id` int NOT NULL AUTO_INCREMENT,
  `name` varchar(128) NOT NULL,
  `alias` varchar(64) NOT NULL,
  `image` varchar(128) NOT NULL,
  `enabled` bit(1) NOT NULL,
  `parent_id` int DEFAULT NULL,
  `all_parent_ids` varchar(256) DEFAULT NULL,
  PRIMARY KEY (`id`),
  UNIQUE KEY `UK_jx1ptm0r46dop8v0o7nmgfbeq` (`alias`),
  UNIQUE KEY `UK_t8o6pivur7nn124jehx7cygw5` (`name`),
  KEY `FKsaok720gsu4u2wrgbk10b5n8d` (`parent_id`),
  CONSTRAINT `FKsaok720gsu4u2wrgbk10b5n8d` FOREIGN KEY (`parent_id`) REFERENCES `categories` (`id`)
) ENGINE=InnoDB AUTO_INCREMENT=50 DEFAULT CHARSET=utf8mb4 COLLATE=utf8mb4_0900_ai_ci;
/*!40101 SET character_set_client = @saved_cs_client */;

--
-- Dumping data for table `categories`
--

LOCK TABLES `categories` WRITE;
/*!40000 ALTER TABLE `categories` DISABLE KEYS */;
INSERT INTO `categories` VALUES (1,'Men Clothes',' Women\'s Fashion','1.png',_binary '',NULL,NULL),(2,'Mobile & Gadgets','Mobile & Gadgets','2.png',_binary '',NULL,NULL),(3,'Consumer Electronics','Consumer Electronics','3.png',_binary '',NULL,NULL),(4,'Computer & Accessories','Computer & Accessories','4.png',_binary '',NULL,NULL),(5,'Cameras','Cameras','5.png',_binary '',NULL,NULL),(6,'Watches','Watches','6.png',_binary '',NULL,NULL),(7,'Men Shoes','Men Shoes','7.png',_binary '',NULL,NULL),(8,'Home Appliances','Home Appliances','8.png',_binary '',NULL,NULL),(9,'Sport & Outdoor','Sport & Outdoor','9.png',_binary '',NULL,NULL),(10,'Automotive','Automotive','10.png',_binary '',NULL,NULL),(11,'Men Bags','Men Bags','11.png',_binary '',NULL,NULL),(12,'Toys','Toys','12.png',_binary '',NULL,NULL),(13,'Pets','Pets','13.png',_binary '',NULL,NULL),(14,'Women Clothes','Women Clothes','14.png',_binary '',NULL,NULL),(15,'Moms, Kids & Babies','Moms, Kids & Babies','15.png',_binary '',NULL,NULL),(16,'Home & Living','Home & Living','16.png',_binary '',NULL,NULL),(17,'Beauty','Beauty','17.png',_binary '',NULL,NULL),(18,'Health','Health','18.png',_binary '\0',NULL,NULL),(19,'Women Shoes','Women Shoes','19.png',_binary '',NULL,NULL),(20,'Women Bags','Women Bags','20.png',_binary '',NULL,NULL),(21,'Fashion Accessories','Fashion Accessories','21.png',_binary '',NULL,NULL),(22,'Grocery','Grocery','23.png',_binary '',NULL,NULL),(23,'Books & Stationery','Books & Stationery','24.png',_binary '',NULL,NULL),(24,'Kid Fashion','Kid Fashion','25.png',_binary '',NULL,NULL),(25,'Home care','Home care','26.png',_binary '',NULL,NULL),(26,'Tickets, Vouchers & Services','Tickets, Vouchers & Services','27.png',_binary '',NULL,NULL),(27,'Jackets, Coats & Vests','Jackets, Coats & Vests','1.png',_binary '\0',1,'-1-'),(28,'Suit Jackets & Blazers','Suit Jackets & Blazers','feat-product-11.jpg',_binary '\0',1,'-1-'),(29,'Mobile Phones','Mobile Phones','Cell_white._CB468586680_.png',_binary '',2,'-2-'),(30,'Bike, E-bike','Bike, E-bike','Video_white._CB468586673_.png',_binary '\0',10,'-10-'),(31,'Motorbike','Motorbike','Trending_white._CB468586679_.png',_binary '\0',10,'-10-'),(32,'Car','Car','Sports_white._CB468586678_.png',_binary '\0',10,'-10-'),(33,'Skincare','Skincare','Parents_white._CB468586676_.png',_binary '',17,'-17-'),(34,'Domestic Books','Domestic Books','Home_white._CB468586683_.png',_binary '',23,'-23-'),(35,'Foreign Books','Foreign Books','Books_white._CB468586681_.png',_binary '\0',23,'-23-'),(36,'Gift & Wrapping','Gift & Wrapping','Electronics_white._CB468586680_.png',_binary '\0',23,'-23-'),(37,'Security Cameras & Systems','Security Cameras & Systems','sg-11134201-22100-h2p8ml50fjiv50_tn.jpg',_binary '',5,'-5-'),(38,'Memory Cards','Memory Cards','Video_white._CB468586673_ (1).png',_binary '',5,'-5-'),(39,'Lenses','Lenses','B07XKF5RM3.01.RMXXXXXX2.png',_binary '\0',5,'-5-'),(40,'Desktop Computers','Desktop Computers','Computers_white._CB468586682_.png',_binary '',4,'-4-'),(41,'Data Storage','Data Storage','Office_white._CB468586679_.png',_binary '\0',4,'-4-'),(42,'Network Components','Network Components','Kitchen_white._CB468586676_.png',_binary '',4,'-4-'),(43,'Wearable Devices','Wearable Devices','Jewelry_white._CB468586682_.png',_binary '\0',3,'-3-'),(49,'FPT Shop','wqtewtgew','extras4.jpg',_binary '\0',10,'-10-');
/*!40000 ALTER TABLE `categories` ENABLE KEYS */;
UNLOCK TABLES;

--
-- Table structure for table `contact`
--

DROP TABLE IF EXISTS `contact`;
/*!40101 SET @saved_cs_client     = @@character_set_client */;
/*!50503 SET character_set_client = utf8mb4 */;
CREATE TABLE `contact` (
  `id` int NOT NULL AUTO_INCREMENT,
  `address` varchar(64) DEFAULT NULL,
  `email` varchar(45) DEFAULT NULL,
  `message` varchar(4096) DEFAULT NULL,
  `name` varchar(45) DEFAULT NULL,
  `phone` varchar(15) DEFAULT NULL,
  PRIMARY KEY (`id`)
) ENGINE=InnoDB AUTO_INCREMENT=4 DEFAULT CHARSET=utf8mb4 COLLATE=utf8mb4_0900_ai_ci;
/*!40101 SET character_set_client = @saved_cs_client */;

--
-- Dumping data for table `contact`
--

LOCK TABLES `contact` WRITE;
/*!40000 ALTER TABLE `contact` DISABLE KEYS */;
INSERT INTO `contact` VALUES (1,'Ho Chi Minh - Viet Nam','alonso@yahoo.com','How Are You ?','Tri  Quang','0987645761');
/*!40000 ALTER TABLE `contact` ENABLE KEYS */;
UNLOCK TABLES;

--
-- Table structure for table `countries`
--

DROP TABLE IF EXISTS `countries`;
/*!40101 SET @saved_cs_client     = @@character_set_client */;
/*!50503 SET character_set_client = utf8mb4 */;
CREATE TABLE `countries` (
  `id` int NOT NULL AUTO_INCREMENT,
  `name` varchar(45) NOT NULL,
  `code` varchar(5) NOT NULL,
  PRIMARY KEY (`id`)
) ENGINE=InnoDB AUTO_INCREMENT=255 DEFAULT CHARSET=utf8mb4 COLLATE=utf8mb4_0900_ai_ci;
/*!40101 SET character_set_client = @saved_cs_client */;

--
-- Dumping data for table `countries`
--

LOCK TABLES `countries` WRITE;
/*!40000 ALTER TABLE `countries` DISABLE KEYS */;
INSERT INTO `countries` VALUES (1,'Andorra','AD'),(2,'United Arab Emirates','AE'),(3,'Afghanistan','AF'),(4,'Antigua and Barbuda','AG'),(5,'Anguilla','AI'),(6,'Albania','AL'),(7,'Armenia','AM'),(8,'Netherlands Antilles','AN'),(9,'Angola','AO'),(10,'Antarctica','AQ'),(11,'Argentina','AR'),(12,'American Samoa','AS'),(13,'Austria','AT'),(14,'Australia','AU'),(15,'Aruba','AW'),(16,'land Islands','AX'),(17,'Azerbaijan','AZ'),(18,'Bosnia and Herzegovina','BA'),(19,'Barbados','BB'),(20,'Bangladesh','BD'),(21,'Belgium','BE'),(22,'Burkina Faso','BF'),(23,'Bulgaria','BG'),(24,'Bahrain','BH'),(25,'Burundi','BI'),(26,'Benin','BJ'),(27,'Saint Barthlemy','BL'),(28,'Bermuda','BM'),(29,'Brunei','BN'),(30,'Bolivia','BO'),(31,'Bonaire, Sint Eustatius and Saba','BQ'),(32,'Brazil','BR'),(33,'Bahamas','BS'),(34,'Bhutan','BT'),(35,'Bouvet Island','BV'),(36,'Botswana','BW'),(37,'Belarus','BY'),(38,'Belize','BZ'),(39,'Canada','CA'),(40,'Cocos Islands','CC'),(41,'The Democratic Republic Of Congo','CD'),(42,'Central African Republic','CF'),(43,'Congo','CG'),(44,'Switzerland','CH'),(45,'Cte d\'Ivoire','CI'),(46,'Cook Islands','CK'),(47,'Chile','CL'),(48,'Cameroon','CM'),(49,'China','CN'),(50,'Colombia','CO'),(51,'Costa Rica','CR'),(52,'Cuba','CU'),(53,'Cape Verde','CV'),(54,'Curaao','CW'),(55,'Christmas Island','CX'),(56,'Cyprus','CY'),(57,'Czech Republic','CZ'),(58,'Germany','DE'),(59,'Djibouti','DJ'),(60,'Denmark','DK'),(61,'Dominica','DM'),(62,'Dominican Republic','DO'),(63,'Algeria','DZ'),(64,'Ecuador','EC'),(65,'Estonia','EE'),(66,'Egypt','EG'),(67,'Western Sahara','EH'),(68,'Eritrea','ER'),(69,'Spain','ES'),(70,'Ethiopia','ET'),(71,'Finland','FI'),(72,'Fiji','FJ'),(73,'Falkland Islands','FK'),(74,'Micronesia','FM'),(75,'Faroe Islands','FO'),(76,'France','FR'),(77,'Gabon','GA'),(78,'United Kingdom','GB'),(79,'Grenada','GD'),(80,'Georgia','GE'),(81,'French Guiana','GF'),(82,'Guernsey','GG'),(83,'Ghana','GH'),(84,'Gibraltar','GI'),(85,'Greenland','GL'),(86,'Gambia','GM'),(87,'Guinea','GN'),(88,'Guadeloupe','GP'),(89,'Equatorial Guinea','GQ'),(90,'Greece','GR'),(91,'South Georgia And The South Sandwich Islands','GS'),(92,'Guatemala','GT'),(93,'Guam','GU'),(94,'Guinea-Bissau','GW'),(95,'Guyana','GY'),(96,'Hong Kong','HK'),(97,'Heard Island And McDonald Islands','HM'),(98,'Honduras','HN'),(99,'Croatia','HR'),(100,'Haiti','HT'),(101,'Hungary','HU'),(102,'Indonesia','ID'),(103,'Ireland','IE'),(104,'Israel','IL'),(105,'Isle Of Man','IM'),(106,'India','IN'),(107,'British Indian Ocean Territory','IO'),(108,'Iraq','IQ'),(109,'Iran','IR'),(110,'Iceland','IS'),(111,'Italy','IT'),(112,'Jersey','JE'),(113,'Jamaica','JM'),(114,'Jordan','JO'),(115,'Japan','JP'),(116,'Kenya','KE'),(117,'Kyrgyzstan','KG'),(118,'Cambodia','KH'),(119,'Kiribati','KI'),(120,'Comoros','KM'),(121,'Saint Kitts And Nevis','KN'),(122,'North Korea','KP'),(123,'South Korea','KR'),(124,'Kuwait','KW'),(125,'Cayman Islands','KY'),(126,'Kazakhstan','KZ'),(127,'Laos','LA'),(128,'Lebanon','LB'),(129,'Saint Lucia','LC'),(130,'Liechtenstein','LI'),(131,'Sri Lanka','LK'),(132,'Liberia','LR'),(133,'Lesotho','LS'),(134,'Lithuania','LT'),(135,'Luxembourg','LU'),(136,'Latvia','LV'),(137,'Libya','LY'),(138,'Morocco','MA'),(139,'Monaco','MC'),(140,'Moldova','MD'),(141,'Montenegro','ME'),(142,'Saint Martin','MF'),(143,'Madagascar','MG'),(144,'Marshall Islands','MH'),(145,'Macedonia','MK'),(146,'Mali','ML'),(147,'Myanmar','MM'),(148,'Mongolia','MN'),(149,'Macao','MO'),(150,'Northern Mariana Islands','MP'),(151,'Martinique','MQ'),(152,'Mauritania','MR'),(153,'Montserrat','MS'),(154,'Malta','MT'),(155,'Mauritius','MU'),(156,'Maldives','MV'),(157,'Malawi','MW'),(158,'Mexico','MX'),(159,'Malaysia','MY'),(160,'Mozambique','MZ'),(161,'Namibia','NA'),(162,'New Caledonia','NC'),(163,'Niger','NE'),(164,'Norfolk Island','NF'),(165,'Nigeria','NG'),(166,'Nicaragua','NI'),(167,'Netherlands','NL'),(168,'Norway','NO'),(169,'Nepal','NP'),(170,'Nauru','NR'),(171,'Niue','NU'),(172,'New Zealand','NZ'),(173,'Oman','OM'),(174,'Panama','PA'),(175,'Peru','PE'),(176,'French Polynesia','PF'),(177,'Papua New Guinea','PG'),(178,'Philippines','PH'),(179,'Pakistan','PK'),(180,'Poland','PL'),(181,'Saint Pierre And Miquelon','PM'),(182,'Pitcairn','PN'),(183,'Puerto Rico','PR'),(184,'Palestine','PS'),(185,'Portugal','PT'),(186,'Palau','PW'),(187,'Paraguay','PY'),(188,'Qatar','QA'),(189,'Reunion','RE'),(190,'Romania','RO'),(191,'Serbia','RS'),(192,'Russia','RU'),(193,'Rwanda','RW'),(194,'Saudi Arabia','SA'),(195,'Solomon Islands','SB'),(196,'Seychelles','SC'),(197,'Sudan','SD'),(198,'Sweden','SE'),(199,'Singapore','SG'),(200,'Saint Helena','SH'),(201,'Slovenia','SI'),(202,'Svalbard And Jan Mayen','SJ'),(203,'Slovakia','SK'),(204,'Sierra Leone','SL'),(205,'San Marino','SM'),(206,'Senegal','SN'),(207,'Somalia','SO'),(208,'Suriname','SR'),(209,'South Sudan','SS'),(210,'Sao Tome And Principe','ST'),(211,'El Salvador','SV'),(212,'Sint Maarten (Dutch part)','SX'),(213,'Syria','SY'),(214,'Swaziland','SZ'),(215,'Turks And Caicos Islands','TC'),(216,'Chad','TD'),(217,'French Southern Territories','TF'),(218,'Togo','TG'),(219,'Thailand','TH'),(220,'Tajikistan','TJ'),(221,'Tokelau','TK'),(222,'Timor-Leste','TL'),(223,'Turkmenistan','TM'),(224,'Tunisia','TN'),(225,'Tonga','TO'),(226,'Turkey','TR'),(227,'Trinidad and Tobago','TT'),(228,'Tuvalu','TV'),(229,'Taiwan','TW'),(230,'Tanzania','TZ'),(231,'Ukraine','UA'),(232,'Uganda','UG'),(233,'United States Minor Outlying Islands','UM'),(234,'United States','US'),(235,'Uruguay','UY'),(236,'Uzbekistan','UZ'),(237,'Vatican','VA'),(238,'Saint Vincent And The Grenadines','VC'),(239,'Venezuela','VE'),(240,'British Virgin Islands','VG'),(241,'U.S. Virgin Islands','VI'),(242,'Vietnam','VN'),(243,'Vanuatu','VU'),(244,'Wallis And Futuna','WF'),(245,'Samoa','WS'),(246,'Yemen','YE'),(247,'Mayotte','YT'),(248,'South Africa','ZA'),(249,'Zambia','ZM'),(250,'Zimbabwe','ZW'),(253,'New Country','CCN');
/*!40000 ALTER TABLE `countries` ENABLE KEYS */;
UNLOCK TABLES;

--
-- Table structure for table `currencies`
--

DROP TABLE IF EXISTS `currencies`;
/*!40101 SET @saved_cs_client     = @@character_set_client */;
/*!50503 SET character_set_client = utf8mb4 */;
CREATE TABLE `currencies` (
  `id` int NOT NULL AUTO_INCREMENT,
  `name` varchar(64) NOT NULL,
  `symbol` varchar(3) NOT NULL,
  `code` varchar(4) NOT NULL,
  PRIMARY KEY (`id`)
) ENGINE=InnoDB AUTO_INCREMENT=13 DEFAULT CHARSET=utf8mb4 COLLATE=utf8mb4_0900_ai_ci;
/*!40101 SET character_set_client = @saved_cs_client */;

--
-- Dumping data for table `currencies`
--

LOCK TABLES `currencies` WRITE;
/*!40000 ALTER TABLE `currencies` DISABLE KEYS */;
INSERT INTO `currencies` VALUES (1,'United States Dollar','$','USD'),(2,'British Pound','','GPB'),(3,'Japanese Yen','','JPY'),(4,'Euro','','EUR'),(5,'Russian Ruble','','RUB'),(6,'South Korean Won','','KRW'),(7,'Chinese Yuan','','CNY'),(8,'Brazilian Real','R$','BRL'),(9,'Australian Dollar','$','AUD'),(10,'Canadian Dollar','$','CAD'),(11,'Vietnamese ng ','','VND'),(12,'Indian Rupee','','INR');
/*!40000 ALTER TABLE `currencies` ENABLE KEYS */;
UNLOCK TABLES;

--
-- Table structure for table `customers`
--

DROP TABLE IF EXISTS `customers`;
/*!40101 SET @saved_cs_client     = @@character_set_client */;
/*!50503 SET character_set_client = utf8mb4 */;
CREATE TABLE `customers` (
  `id` int NOT NULL AUTO_INCREMENT,
  `email` varchar(45) NOT NULL,
  `password` varchar(64) NOT NULL,
  `first_name` varchar(45) NOT NULL,
  `last_name` varchar(45) NOT NULL,
  `phone_number` varchar(15) NOT NULL,
  `address_line_1` varchar(64) NOT NULL,
  `address_line_2` varchar(64) DEFAULT NULL,
  `city` varchar(45) NOT NULL,
  `state` varchar(45) NOT NULL,
  `country_id` int DEFAULT NULL,
  `postal_code` varchar(10) NOT NULL,
  `created_time` datetime(6) DEFAULT NULL,
  `enabled` bit(1) NOT NULL,
  `verification_code` varchar(64) DEFAULT NULL,
  `authentication_type` varchar(10) DEFAULT NULL,
  `reset_password_token` varchar(30) DEFAULT NULL,
  PRIMARY KEY (`id`),
  UNIQUE KEY `UK_rfbvkrffamfql7cjmen8v976v` (`email`),
  KEY `FK7b7p2myt0y31l4nyj1p7sk0b1` (`country_id`),
  CONSTRAINT `FK7b7p2myt0y31l4nyj1p7sk0b1` FOREIGN KEY (`country_id`) REFERENCES `countries` (`id`)
) ENGINE=InnoDB AUTO_INCREMENT=59 DEFAULT CHARSET=utf8mb4 COLLATE=utf8mb4_0900_ai_ci;
/*!40101 SET character_set_client = @saved_cs_client */;

--
-- Dumping data for table `customers`
--

LOCK TABLES `customers` WRITE;
/*!40000 ALTER TABLE `customers` DISABLE KEYS */;
INSERT INTO `customers` VALUES (1,'youlanda@aol.com','$2a$10$zN0ElJCwqteE.5bh6olgCuYAnVHcswwJphFEb7qHK2ugGIF8096k2','Seattle','King','','',NULL,'','',234,'','2022-11-01 17:15:34.908000',_binary '',NULL,'DATABASE',NULL),(2,'kati.rulapaugh@hotmail.com','','Orlando','Orange','','',NULL,'','',234,'','2022-11-01 17:18:01.098000',_binary '',NULL,'GOOGLE',NULL),(3,'devorah@hotmail.com','$2a$10$mkN/Jh4dOUx9eTll/xWKGuF.Q5E5bwnEpCJcH50lldX5EvQufKl8a','Tr','Quang','0987774191','Viet Nam','Ho Chi Minh','Ha Noi','Ho Chi Minh City',242,'1224256','2022-11-01 17:19:06.656000',_binary '',NULL,'GOOGLE',NULL),(4,'mina.nguyen@dxc.com','$2a$10$yjimF2bcjg1VWdj8sMFKhuigJVDL0qfMN./H9M90eDEMI4648DhpK','Ana','Mi','0987774191','Viet Nam','Ho Chi Minh','Ha Noi','Cambridge',10,'122425678','2022-11-01 18:12:37.539000',_binary '',NULL,'DATABASE','14DmRRI2xLGlBpeYWXE9MCf9tes9Hy'),(5,'adalane.18@gmail.com','$2a$10$jyIgB3l.699w1986AoOFquHjRgeAmSacZLMo9PvpxMoWBfdsvqKvO','Tri','Quang','0987774191',' ',' ',' ','Cambridge',13,' ','2022-11-03 20:10:58.071000',_binary '\0','7twMy1xlZ47ibCbklpG2gNqQnKR0UudCA9OBK2pKpTSpsONdH9cVe9ILbLq5nPFo','DATABASE',NULL),(6,'herntyi.nguyen@dxc.com','$2a$10$zN0ElJCwqteE.5bh6olgCuYAnVHcswwJphFEb7qHK2ugGIF8096k2','Leo','Messi','0987774191',' ',' ',' ','Tasmania',14,' ','2022-11-11 15:26:50.249000',_binary '',NULL,'DATABASE','Q2nMlq8hG8n5lPyiOYfGxFwoEFYD9D'),(7,'vokhanhloc1994@gmail.com','','Khnh','Lc V','','',NULL,'','',234,'','2022-11-15 19:32:36.922000',_binary '',NULL,'GOOGLE',NULL),(8,'timothy_mulqueen@mulqueen.org','','Tr','Quang','','',NULL,'','',234,'','2022-11-16 10:59:55.140000',_binary '',NULL,'FACEBOOK',NULL),(9,'chauncey_motley@aol.com','$2a$10$zN0ElJCwqteE.5bh6olgCuYAnVHcswwJphFEb7qHK2ugGIF8096k2','Motley','Chauncey','0123456789','63 E Aurora Dr','63 E Aurora Dr','Orlando','Orlando',234,'32804','2022-11-15 19:32:36.922000',_binary '',NULL,'DATABASE',NULL),(10,'jbiddy@yahoo.com','$2a$10$zN0ElJCwqteE.5bh6olgCuYAnVHcswwJphFEb7qHK2ugGIF8096k2','Biddy','Jani','0123456789','63 E Aurora Dr','63 E Aurora Dr','Orlando','Orlando',234,'32804','2022-11-15 19:32:36.922000',_binary '',NULL,'DATABASE',NULL),(11,'flo.bookamer@cox.net','$2a$10$zN0ElJCwqteE.5bh6olgCuYAnVHcswwJphFEb7qHK2ugGIF8096k2','Flo','Bookamer','0123456789','63 E Aurora Dr','63 E Aurora Dr','Orlando','Orlando',234,'32804','2022-11-15 19:32:36.922000',_binary '',NULL,'DATABASE',NULL),(12,'rkampa@kampa.org','$2a$10$zN0ElJCwqteE.5bh6olgCuYAnVHcswwJphFEb7qHK2ugGIF8096k2','Raylene','Kampa','0123456789','2 Sw Nyberg Rd',NULL,'Ha Noi','Orlando',234,'32804','2022-11-15 19:32:36.922000',_binary '',NULL,'DATABASE',NULL),(13,'bgillaspie@gillaspie.com\n','$2a$10$zN0ElJCwqteE.5bh6olgCuYAnVHcswwJphFEb7qHK2ugGIF8096k2','Gillaspie\n','Brittni','0123456789','2 Sw Nyberg Rd',NULL,'Ha Noi','Orlando',234,'32804','2022-11-15 19:32:36.922000',_binary '',NULL,'DATABASE',NULL),(34,'gail_similton@similton.com','$2a$10$zN0ElJCwqteE.5bh6olgCuYAnVHcswwJphFEb7qHK2ugGIF8096k2','Harabedian','Lai','0123456789','1933 Packer Ave #2','1933 Packer Ave #2','Ha Noi','Orlando',234,'32804','2022-11-15 19:32:36.922000',_binary '',NULL,'DATABASE',NULL),(35,'alesia_hixenbaugh@hixenbaugh.org','$2a$10$zN0ElJCwqteE.5bh6olgCuYAnVHcswwJphFEb7qHK2ugGIF8096k2','Harabedian','Lai','0123456789','1933 Packer Ave #2','1933 Packer Ave #2','Ha Noi','Orlando',234,'32804','2022-11-15 19:32:36.922000',_binary '',NULL,'DATABASE',NULL),(36,'jbutt@gmail.com','$2a$10$zN0ElJCwqteE.5bh6olgCuYAnVHcswwJphFEb7qHK2ugGIF8096k2','James','Butt','0123456789','1933 Packer Ave #2','1933 Packer Ave #2','Ha Noi','Orlando',234,'32804','2022-11-15 19:32:36.922000',_binary '',NULL,'DATABASE',NULL),(37,'josephine_darakjy@darakjy.org','$2a$10$zN0ElJCwqteE.5bh6olgCuYAnVHcswwJphFEb7qHK2ugGIF8096k2','Josephine','Darakjy','0123456789','1933 Packer Ave #2','1933 Packer Ave #2','Ha Noi','Orlando',234,'32804','2022-11-15 19:32:36.922000',_binary '',NULL,'DATABASE',NULL),(38,'art@venere.org','$2a$10$zN0ElJCwqteE.5bh6olgCuYAnVHcswwJphFEb7qHK2ugGIF8096k2','Venere','Art','0123456789','1933 Packer Ave #2','1933 Packer Ave #2','Ha Noi','Orlando',234,'32804','2022-11-15 19:32:36.922000',_binary '',NULL,'DATABASE',NULL),(39,'aprocki@hotmail.com','$2a$10$zN0ElJCwqteE.5bh6olgCuYAnVHcswwJphFEb7qHK2ugGIF8096k2','Lenna','Paprocki','0123456789','1933 Packer Ave #2','1933 Packer Ave #2','Ha Noi','Orlando',234,'32804','2022-11-15 19:32:36.922000',_binary '',NULL,'DATABASE',NULL),(40,'onette.foller@cox.net','$2a$10$zN0ElJCwqteE.5bh6olgCuYAnVHcswwJphFEb7qHK2ugGIF8096k2','Donette','Foller','0123456789','1933 Packer Ave #2','1933 Packer Ave #2','Ha Noi','Orlando',234,'32804','2022-11-15 19:32:36.922000',_binary '',NULL,'DATABASE',NULL),(41,'limona@morasca.com','$2a$10$zN0ElJCwqteE.5bh6olgCuYAnVHcswwJphFEb7qHK2ugGIF8096k2','Simona','Morasca','0123456789','1933 Packer Ave #2','1933 Packer Ave #2','Ha Noi','Orlando',234,'32804','2022-11-15 19:32:36.922000',_binary '',NULL,'DATABASE',NULL),(42,'mitsue_tollner@yahoo.com','$2a$10$zN0ElJCwqteE.5bh6olgCuYAnVHcswwJphFEb7qHK2ugGIF8096k2','Mitsue','Tollner','0123456789','1933 Packer Ave #2','1933 Packer Ave #2','Ha Noi','Orlando',234,'32804','2022-11-15 19:32:36.922000',_binary '',NULL,'DATABASE',NULL),(43,'leota@hotmail.com','$2a$10$zN0ElJCwqteE.5bh6olgCuYAnVHcswwJphFEb7qHK2ugGIF8096k2','Leota','Sage','0123456789','1933 Packer Ave #2','1933 Packer Ave #2','Ha Noi','Orlando',234,'32804','2022-11-15 19:32:36.922000',_binary '',NULL,'DATABASE',NULL),(44,'lawrence.lorens@hotmail.com','$2a$10$zN0ElJCwqteE.5bh6olgCuYAnVHcswwJphFEb7qHK2ugGIF8096k2','Dilliard','Wieser','0123456789','1933 Packer Ave #2','1933 Packer Ave #2','Ha Noi','Orlando',234,'32804','2022-11-15 19:32:36.922000',_binary '',NULL,'DATABASE',NULL),(45,'sage_wieser@cox.net','$2a$10$zN0ElJCwqteE.5bh6olgCuYAnVHcswwJphFEb7qHK2ugGIF8096k2','Kris','Marrier','0123456789','1933 Packer Ave #2','1933 Packer Ave #2','Ha Noi','Orlando',234,'32804','2022-11-15 19:32:36.922000',_binary '',NULL,'DATABASE',NULL),(46,'kris@gmail.com','$2a$10$zN0ElJCwqteE.5bh6olgCuYAnVHcswwJphFEb7qHK2ugGIF8096k2','Minna','Amigon','0123456789','1933 Packer Ave #2','1933 Packer Ave #2','Ha Noi','New Jersey',234,'32804','2022-11-15 19:32:36.922000',_binary '',NULL,'DATABASE',NULL),(47,'minna_amigon@yahoo.com','$2a$10$zN0ElJCwqteE.5bh6olgCuYAnVHcswwJphFEb7qHK2ugGIF8096k2','Abel','Maclead','0123456789','1933 Packer Ave #2','1933 Packer Ave #2','Ha Noi','Orlando',234,'32804','2022-11-15 19:32:36.922000',_binary '',NULL,'DATABASE',NULL),(48,'calbares@gmail.com','$2a$10$zN0ElJCwqteE.5bh6olgCuYAnVHcswwJphFEb7qHK2ugGIF8096k2','Kiley','Caldarera','0123456789','1933 Packer Ave #2','1933 Packer Ave #2','Ha Noi','Orlando',234,'32804','2022-11-15 19:32:36.922000',_binary '',NULL,'DATABASE',NULL),(49,'mattie@aol.com','$2a$10$zN0ElJCwqteE.5bh6olgCuYAnVHcswwJphFEb7qHK2ugGIF8096k2','Graciela','Ruta','0123456789','1933 Packer Ave #2','1933 Packer Ave #2','Ha Noi','Orlando',234,'32804','2022-11-15 19:32:36.922000',_binary '',NULL,'DATABASE',NULL),(50,'refugia.jacobos@jacobos.com','$2a$10$zN0ElJCwqteE.5bh6olgCuYAnVHcswwJphFEb7qHK2ugGIF8096k2','Cammy','Similton','0123456789','1933 Packer Ave #2','1933 Packer Ave #2','Ha Noi','Ho Chi Minh City',242,'32804','2022-11-15 19:32:36.922000',_binary '',NULL,'DATABASE',NULL),(51,'mdelasancha@hotmail.com','$2a$10$zN0ElJCwqteE.5bh6olgCuYAnVHcswwJphFEb7qHK2ugGIF8096k2','Catalina','Tillotson','0123456789','1933 Packer Ave #2','1933 Packer Ave #2','Ha Noi','Ho Chi Minh City',242,'32804','2022-11-15 19:32:36.922000',_binary '',NULL,'DATABASE',NULL),(52,'loren.asar@aol.com','$2a$10$zN0ElJCwqteE.5bh6olgCuYAnVHcswwJphFEb7qHK2ugGIF8096k2','Lawrence','Lorens','0123456789','1933 Packer Ave #2','1933 Packer Ave #2','Ha Noi','Orlando',234,'32804','2022-11-15 19:32:36.922000',_binary '',NULL,'DATABASE',NULL),(53,'carlee.boulter@hotmail.com','$2a$10$zN0ElJCwqteE.5bh6olgCuYAnVHcswwJphFEb7qHK2ugGIF8096k2','Carlee','Boulter','0123456789','1933 Packer Ave #2','1933 Packer Ave #2','Ha Noi','Ho Chi Minh City',242,'32804','2022-11-15 19:32:36.922000',_binary '',NULL,'DATABASE',NULL),(54,'ohnetta_abdallah@aol.com','$2a$10$htnEtl3qZpfSoI15n.QjZO46DFiZLvTAJiL/mYKQYEbhy3HRVCeWi','Tri','Quang','1312421454',' ',' ',' ','Tasmania',5,' ','2022-11-18 09:12:55.259000',_binary '\0','QQJ06xHXDvdBvy0QgdfEx2wOgmFTybURtWVDkypKesuUlda2z4wXWvUL7uhZol6N','DATABASE',NULL),(55,'kallie.blackwood@gmail.com','$2a$10$yVggeOY0IPgpVlOokcw/ku2pAGFDOgvl1pTBUhTlLySOijmcvqe5C','Tri','Quang','0987774191',' ',' ',' ','wqfweq',24,' ','2022-11-18 09:15:08.869000',_binary '',NULL,'DATABASE',NULL),(56,'triquang.74qt@gmail.com','','Timothy','Mulqueen','0987774191','Viet Nam','Ho Chi Minh','Ha Noi','New York',234,'1224256','2022-11-22 08:41:09.579000',_binary '',NULL,'FACEBOOK','ulL3OyHLlzex0qeBekUaRrHzaZuNg8'),(57,'triquang.15qt@gmail.com','','Quang','Tr','','',NULL,'','',234,'','2022-11-22 08:41:41.563000',_binary '',NULL,'GOOGLE',NULL),(58,'sabra@uyetake.org','$2a$10$FbORWisF57jMvvuITXDcIeDsq76OX8T1mOXYIKL9SccncRByV7ze2','Mina','Jon','0987774191',' ',' Viet Nam','Ho Chi Minh ','Cambridge',1,' 123456','2022-11-22 08:44:56.029000',_binary '',NULL,'DATABASE',NULL);
/*!40000 ALTER TABLE `customers` ENABLE KEYS */;
UNLOCK TABLES;

--
-- Table structure for table `menus`
--

DROP TABLE IF EXISTS `menus`;
/*!40101 SET @saved_cs_client     = @@character_set_client */;
/*!50503 SET character_set_client = utf8mb4 */;
CREATE TABLE `menus` (
  `id` int NOT NULL AUTO_INCREMENT,
  `alias` varchar(256) NOT NULL,
  `enabled` bit(1) NOT NULL,
  `position` int NOT NULL,
  `title` varchar(128) NOT NULL,
  `type` int DEFAULT NULL,
  `article_id` int DEFAULT NULL,
  PRIMARY KEY (`id`),
  UNIQUE KEY `UK_7fcv9rm1ecfeumh1lo4tuntgm` (`alias`),
  UNIQUE KEY `UK_752mo4d1g26knhksum5pek87` (`title`),
  KEY `FKa5eajuapjflm0jk7xh5mangy5` (`article_id`),
  CONSTRAINT `FKa5eajuapjflm0jk7xh5mangy5` FOREIGN KEY (`article_id`) REFERENCES `articles` (`id`)
) ENGINE=InnoDB AUTO_INCREMENT=10 DEFAULT CHARSET=utf8mb4 COLLATE=utf8mb4_0900_ai_ci;
/*!40101 SET character_set_client = @saved_cs_client */;

--
-- Dumping data for table `menus`
--

LOCK TABLES `menus` WRITE;
/*!40000 ALTER TABLE `menus` DISABLE KEYS */;
INSERT INTO `menus` VALUES (1,'Customer-Service',_binary '',1,'Customer Service',0,1),(2,'Registry-&-Gilfting',_binary '',2,'Registry & Gilfting',0,2),(3,'Gift-Cards',_binary '',3,'Gift Cards',0,3),(4,'Sell-Products-Online',_binary '',4,'Sell Products Online',0,4),(5,'Careers',_binary '',2,'Careers',1,5),(6,'Blogs',_binary '',1,'About Us',1,7),(7,'Become-an-Affiliate',_binary '',3,'Become an Affiliate',1,6),(8,'Customer-Support',_binary '',4,'Customer Support',1,8),(9,'Self-Publishing',_binary '',5,'Self Publishing',1,9);
/*!40000 ALTER TABLE `menus` ENABLE KEYS */;
UNLOCK TABLES;

--
-- Table structure for table `order_details`
--

DROP TABLE IF EXISTS `order_details`;
/*!40101 SET @saved_cs_client     = @@character_set_client */;
/*!50503 SET character_set_client = utf8mb4 */;
CREATE TABLE `order_details` (
  `id` int NOT NULL AUTO_INCREMENT,
  `order_id` int DEFAULT NULL,
  `product_id` int DEFAULT NULL,
  `quantity` int NOT NULL,
  `unit_price` float NOT NULL,
  `subtotal` float NOT NULL,
  `product_cost` float NOT NULL,
  `shipping_cost` float NOT NULL,
  PRIMARY KEY (`id`),
  KEY `FKjyu2qbqt8gnvno9oe9j2s2ldk` (`order_id`),
  KEY `FK4q98utpd73imf4yhttm3w0eax` (`product_id`),
  CONSTRAINT `FK4q98utpd73imf4yhttm3w0eax` FOREIGN KEY (`product_id`) REFERENCES `products` (`id`),
  CONSTRAINT `FKjyu2qbqt8gnvno9oe9j2s2ldk` FOREIGN KEY (`order_id`) REFERENCES `orders` (`id`)
) ENGINE=InnoDB AUTO_INCREMENT=63 DEFAULT CHARSET=utf8mb4 COLLATE=utf8mb4_0900_ai_ci;
/*!40101 SET character_set_client = @saved_cs_client */;

--
-- Dumping data for table `order_details`
--

LOCK TABLES `order_details` WRITE;
/*!40000 ALTER TABLE `order_details` DISABLE KEYS */;
INSERT INTO `order_details` VALUES (9,11,5,2,74.25,148.5,6,18),(10,12,1,1,131.92,131.92,3,6),(11,13,19,2,134.5,269,12,24),(12,13,16,1,49.5,49.5,5,9),(13,14,18,3,209.25,627.75,15,27),(14,14,14,5,199.5,997.5,10,45),(15,14,17,1,299.25,299.25,5,12),(16,15,26,1,508.5,508.5,6,29.1367),(17,15,20,1,349.36,349.36,3,9),(18,15,19,2,134.5,269,12,24),(19,15,21,1,374.25,374.25,5,15),(20,16,26,1,508.5,508.5,6,29.1367),(21,16,21,1,374.25,374.25,5,15),(22,16,27,2,276.75,553.5,14,30),(23,16,23,1,822.75,822.75,6,18),(24,16,25,1,442.5,442.5,2,18),(25,17,15,1,599.25,599.25,5,12),(26,17,17,1,299.25,299.25,5,12),(27,17,19,1,134.5,134.5,6,12),(28,17,12,1,184.5,184.5,2,6),(29,17,6,1,118.08,118.08,5,6),(30,18,25,1,442.5,442.5,2,18),(31,18,14,1,199.5,199.5,2,9),(32,18,12,1,184.5,184.5,2,6),(33,18,17,1,299.25,299.25,5,12),(34,18,6,1,118.08,118.08,5,6),(35,18,15,1,599.25,599.25,5,12),(36,18,19,1,134.5,134.5,6,12),(37,18,27,1,276.75,276.75,7,15),(38,18,21,1,374.25,374.25,5,15),(39,19,16,1,49.5,49.5,5,9),(40,19,7,1,707,707,3,6),(41,20,23,1,822.75,822.75,6,18),(42,20,12,1,184.5,184.5,2,6),(43,20,25,1,442.5,442.5,2,18),(44,20,24,3,2250,6750,18,54),(45,20,17,1,299.25,299.25,5,12),(46,20,20,1,349.36,349.36,3,9),(47,20,26,4,508.5,2034,24,116.547),(48,20,19,1,134.5,134.5,6,12),(49,20,27,1,276.75,276.75,7,15),(50,20,6,1,118.08,118.08,5,6),(51,20,15,1,599.25,599.25,5,12),(52,20,21,1,374.25,374.25,5,15),(53,20,22,1,208.45,208.45,6,12),(56,22,12,3,184.5,553.5,6,18),(57,22,30,3,719.28,2157.84,15,135),(58,22,28,2,64.35,128.7,12,27882),(59,23,16,5,49.5,247.5,25,45),(60,24,27,2,276.75,553.5,14,30),(61,24,21,2,374.25,748.5,10,30),(62,25,31,1,90,90,4,21);
/*!40000 ALTER TABLE `order_details` ENABLE KEYS */;
UNLOCK TABLES;

--
-- Table structure for table `order_track`
--

DROP TABLE IF EXISTS `order_track`;
/*!40101 SET @saved_cs_client     = @@character_set_client */;
/*!50503 SET character_set_client = utf8mb4 */;
CREATE TABLE `order_track` (
  `id` int NOT NULL AUTO_INCREMENT,
  `order_id` int DEFAULT NULL,
  `status` varchar(45) NOT NULL,
  `updated_time` datetime(6) DEFAULT NULL,
  `notes` varchar(256) DEFAULT NULL,
  PRIMARY KEY (`id`),
  KEY `FK31jv1s212kajfn3kk1ksmnyfl` (`order_id`),
  CONSTRAINT `FK31jv1s212kajfn3kk1ksmnyfl` FOREIGN KEY (`order_id`) REFERENCES `orders` (`id`)
) ENGINE=InnoDB AUTO_INCREMENT=81 DEFAULT CHARSET=utf8mb4 COLLATE=utf8mb4_0900_ai_ci;
/*!40101 SET character_set_client = @saved_cs_client */;

--
-- Dumping data for table `order_track`
--

LOCK TABLES `order_track` WRITE;
/*!40000 ALTER TABLE `order_track` DISABLE KEYS */;
INSERT INTO `order_track` VALUES (20,11,'NEW','2022-11-09 04:57:20.000000','Order was placed by the customer'),(21,11,'PROCESSING','2022-11-09 04:58:04.000000','Order is being processed'),(22,11,'PICKED','2022-11-09 04:58:07.000000','Shipper picked the package'),(23,11,'SHIPPING','2022-11-09 04:58:16.000000','Shipper is delivering the package'),(24,11,'DELIVERED','2022-11-09 04:58:19.000000','Customer received products'),(25,12,'NEW','2022-11-09 05:04:11.000000','Order was placed by the customer'),(26,12,'PROCESSING','2022-11-09 17:04:44.000000','Order is being processed'),(27,12,'PICKED','2022-11-09 17:04:47.000000','Shipper picked the package'),(28,12,'SHIPPING','2022-11-09 17:04:53.000000','Shipper is delivering the package'),(29,12,'DELIVERED','2022-11-09 17:04:57.000000','Customer received products'),(30,13,'NEW','2022-11-10 05:05:38.000000','Order was placed by the customer'),(31,13,'PROCESSING','2022-11-10 17:06:44.000000','Order is being processed'),(32,13,'PICKED','2022-11-10 17:06:47.000000','Shipper picked the package'),(33,13,'SHIPPING','2022-11-10 17:06:51.000000','Shipper is delivering the package'),(34,13,'DELIVERED','2022-11-10 17:06:54.000000','Customer received products'),(35,14,'NEW','2022-11-11 15:09:46.086000','Order was placed by the customer'),(36,15,'NEW','2022-11-11 17:08:26.789000','Order was placed by the customer'),(37,16,'NEW','2022-11-16 03:20:32.000000','Order was placed by the customer'),(38,16,'PROCESSING','2022-11-16 15:21:46.000000','Order is being processed'),(39,16,'PICKED','2022-11-16 15:21:50.000000','Shipper picked the package'),(40,16,'SHIPPING','2022-11-16 15:21:54.000000','Shipper is delivering the package'),(41,16,'DELIVERED','2022-11-16 15:22:01.000000','Customer received products'),(42,17,'NEW','2022-11-16 15:30:14.449000','Order was placed by the customer'),(43,18,'NEW','2022-11-17 10:48:55.000000','Order was placed by the customer'),(44,18,'PROCESSING','2022-11-17 10:51:10.000000','Order is being processed'),(45,18,'PICKED','2022-11-17 10:51:14.000000','Shipper picked the package'),(46,18,'SHIPPING','2022-11-17 10:51:19.000000','Shipper is delivering the package'),(47,18,'DELIVERED','2022-11-17 10:52:13.000000','Customer received products'),(48,18,'RETURN_REQUESTED','2022-11-17 10:53:01.001000','Reason: I bought the wrong items. Please refund money'),(49,19,'NEW','2022-11-17 11:02:39.000000','Order was placed by the customer'),(50,19,'PROCESSING','2022-11-17 11:03:16.000000','Order is being processed'),(51,19,'PACKAGED','2022-11-17 11:03:19.000000','Products were packaged'),(52,19,'SHIPPING','2022-11-17 11:03:21.000000','Shipper is delivering the package'),(53,19,'DELIVERED','2022-11-17 11:03:26.000000','Customer received products'),(54,20,'NEW','2022-11-17 11:11:24.000000','Order was placed by the customer'),(55,20,'PROCESSING','2022-11-17 11:12:21.000000','Order is being processed'),(56,20,'PICKED','2022-11-17 11:12:25.000000','Shipper picked the package'),(57,20,'SHIPPING','2022-11-17 11:12:30.000000','Shipper is delivering the package'),(58,20,'DELIVERED','2022-11-17 11:12:33.000000','Customer received products'),(66,22,'NEW','2022-11-22 09:00:56.000000','Order was placed by the customer'),(67,23,'NEW','2022-11-22 09:03:57.800000','Order was placed by the customer'),(68,22,'PROCESSING','2022-11-22 09:04:46.000000','Order is being processed'),(69,22,'PICKED','2022-11-22 09:06:21.583000','Shipper picked the package'),(70,22,'SHIPPING','2022-11-22 09:06:24.741000','Shipper is delivering the package'),(71,22,'DELIVERED','2022-11-22 09:06:28.204000','Customer received products'),(72,22,'RETURN_REQUESTED','2022-11-22 09:07:07.486000','Reason: I received the wrong items. Please refund money.'),(73,22,'RETURNED','2022-11-22 09:07:28.108000','Products were returned'),(74,24,'NEW','2022-12-01 18:43:39.556000','Order was placed by the customer'),(75,25,'NEW','2022-12-01 06:44:44.000000','Order was placed by the customer'),(76,25,'PROCESSING','2022-12-01 18:45:31.000000','Order is being processed'),(77,25,'PICKED','2022-12-01 18:46:48.803000','Shipper picked the package'),(78,25,'SHIPPING','2022-12-01 18:46:56.008000','Shipper is delivering the package'),(79,25,'DELIVERED','2022-12-01 18:47:00.660000','Customer received products'),(80,25,'RETURN_REQUESTED','2022-12-01 18:47:41.332000','Reason: The product arrived too late. Please return money');
/*!40000 ALTER TABLE `order_track` ENABLE KEYS */;
UNLOCK TABLES;

--
-- Table structure for table `orders`
--

DROP TABLE IF EXISTS `orders`;
/*!40101 SET @saved_cs_client     = @@character_set_client */;
/*!50503 SET character_set_client = utf8mb4 */;
CREATE TABLE `orders` (
  `id` int NOT NULL AUTO_INCREMENT,
  `customer_id` int DEFAULT NULL,
  `order_time` datetime(6) DEFAULT NULL,
  `payment_method` varchar(255) DEFAULT NULL,
  `product_cost` float NOT NULL,
  `shipping_cost` float NOT NULL,
  `subtotal` float NOT NULL,
  `tax` float NOT NULL,
  `total` float NOT NULL,
  `status` varchar(255) DEFAULT NULL,
  `first_name` varchar(45) NOT NULL,
  `last_name` varchar(45) NOT NULL,
  `phone_number` varchar(15) NOT NULL,
  `address_line_1` varchar(64) NOT NULL,
  `address_line_2` varchar(64) DEFAULT NULL,
  `city` varchar(45) NOT NULL,
  `state` varchar(45) NOT NULL,
  `postal_code` varchar(10) NOT NULL,
  `country` varchar(45) NOT NULL,
  `deliver_days` int NOT NULL,
  `deliver_date` datetime(6) DEFAULT NULL,
  PRIMARY KEY (`id`),
  KEY `FKpxtb8awmi0dk6smoh2vp1litg` (`customer_id`),
  CONSTRAINT `FKpxtb8awmi0dk6smoh2vp1litg` FOREIGN KEY (`customer_id`) REFERENCES `customers` (`id`)
) ENGINE=InnoDB AUTO_INCREMENT=26 DEFAULT CHARSET=utf8mb4 COLLATE=utf8mb4_0900_ai_ci;
/*!40101 SET character_set_client = @saved_cs_client */;

--
-- Dumping data for table `orders`
--

LOCK TABLES `orders` WRITE;
/*!40000 ALTER TABLE `orders` DISABLE KEYS */;
INSERT INTO `orders` VALUES (11,3,'2022-11-09 16:57:20.680000','COD',6,18,148.5,0,166.5,'DELIVERED','Tr','Quang','0987774191','Viet Nam','Ho Chi Minh','Ha Noi','Ho Chi Minh City','1224256','Vietnam',5,'2022-11-14 00:00:00.000000'),(12,3,'2022-11-09 17:04:11.754000','COD',3,6,131.92,0,137.92,'NEW','Tr','Quang','0987774191','Viet Nam','Ho Chi Minh','Ha Noi','Ho Chi Minh City','1224256','Vietnam',5,'2022-11-14 00:00:00.000000'),(13,3,'2022-11-10 17:05:38.211000','COD',17,33,318.5,0,351.5,'NEW','Tr','Quang','0987774191','Viet Nam','Ho Chi Minh','Ha Noi','Ho Chi Minh City','1224256','Vietnam',5,'2022-11-15 00:00:00.000000'),(14,3,'2022-11-11 15:09:46.086000','PAYPAL',30,84,1924.5,0,2008.5,'PAID','Tr','Quang','0987774191','Viet Nam','Ho Chi Minh','Ha Noi','Ho Chi Minh City','1224256','Vietnam',5,'2022-11-16 15:09:46.086000'),(15,3,'2022-11-11 17:08:26.789000','PAYPAL',26,77.1367,1501.11,0,1578.25,'PAID','Tr','Quang','0987774191','Viet Nam','Ho Chi Minh','Ha Noi','Ho Chi Minh City','1224256','Vietnam',5,'2022-11-16 17:08:26.789000'),(16,53,'2022-11-16 15:20:32.812000','COD',33,110.137,2701.5,0,2811.64,'NEW','Carlee','Boulter','0123456789','1933 Packer Ave #2','1933 Packer Ave #2','Ha Noi','Ho Chi Minh City','32804','Vietnam',5,'2022-11-21 00:00:00.000000'),(17,53,'2022-11-16 15:30:14.449000','PAYPAL',23,48,1335.58,0,1383.58,'PAID','Carlee','Boulter','0123456789','1933 Packer Ave #2','1933 Packer Ave #2','Ha Noi','Ho Chi Minh City','32804','Vietnam',5,'2022-11-21 15:30:14.449000'),(18,51,'2022-11-17 10:48:55.004000','COD',39,105,2628.58,0,2733.58,'RETURN_REQUESTED','Catalina','Tillotson','0123456789','1933 Packer Ave #2','1933 Packer Ave #2','Ha Noi','Ho Chi Minh City','32804','Vietnam',5,'2022-11-22 00:00:00.000000'),(19,51,'2022-11-17 11:02:39.445000','COD',8,15,756.5,0,771.5,'CANCELLED','Catalina','Tillotson','0123456789','1933 Packer Ave #2','1933 Packer Ave #2','Ha Noi','Ho Chi Minh City','32804','Vietnam',5,'2022-11-22 00:00:00.000000'),(20,50,'2022-11-17 11:11:24.860000','COD',94,305.547,12593.6,0,12899.2,'NEW','Cammy','Similton','0123456789','1933 Packer Ave #2','1933 Packer Ave #2','Ha Noi','Ho Chi Minh City','32804','Vietnam',5,'2022-11-22 00:00:00.000000'),(22,56,'2022-11-22 09:00:56.996000','PAYPAL',33,28035,2840.04,0,30875,'RETURNED','Tri','Quang','0987774191','Viet Nam',' Viet Nam','Ha Noi','Ho Chi Minh City','1224256','Vietnam',5,'2022-11-27 00:00:00.000000'),(23,56,'2022-11-22 09:03:57.800000','PAYPAL',25,45,247.5,0,292.5,'PAID','Tri','Quang','0987774191','Viet Nam',' Viet Nam','Ha Noi','Ho Chi Minh City','1224256','Vietnam',5,'2022-11-27 09:03:57.800000'),(24,56,'2022-12-01 18:43:39.556000','COD',24,60,1302,0,1362,'NEW','Tri','Quang','0987774191','Viet Nam',' Viet Nam','Ha Noi','Ho Chi Minh City','1224256','Vietnam',5,'2022-12-06 18:43:39.556000'),(25,56,'2022-12-01 18:44:44.056000','PAYPAL',4,21,90,0,111,'RETURN_REQUESTED','Tri','Quang','0987774191','Viet Nam',' Viet Nam','Ha Noi','Ho Chi Minh City','1224256','Vietnam',5,'2022-12-06 00:00:00.000000');
/*!40000 ALTER TABLE `orders` ENABLE KEYS */;
UNLOCK TABLES;

--
-- Table structure for table `product_details`
--

DROP TABLE IF EXISTS `product_details`;
/*!40101 SET @saved_cs_client     = @@character_set_client */;
/*!50503 SET character_set_client = utf8mb4 */;
CREATE TABLE `product_details` (
  `id` int NOT NULL AUTO_INCREMENT,
  `name` varchar(255) NOT NULL,
  `value` varchar(255) NOT NULL,
  `product_id` int DEFAULT NULL,
  PRIMARY KEY (`id`),
  KEY `FKnfvvq3meg4ha3u1bju9k4is3r` (`product_id`),
  CONSTRAINT `FKnfvvq3meg4ha3u1bju9k4is3r` FOREIGN KEY (`product_id`) REFERENCES `products` (`id`)
) ENGINE=InnoDB AUTO_INCREMENT=149 DEFAULT CHARSET=utf8mb4 COLLATE=utf8mb4_0900_ai_ci;
/*!40101 SET character_set_client = @saved_cs_client */;

--
-- Dumping data for table `product_details`
--

LOCK TABLES `product_details` WRITE;
/*!40000 ALTER TABLE `product_details` DISABLE KEYS */;
INSERT INTO `product_details` VALUES (4,'Vocalism Principle','Dynamic',2),(5,'Style','Over the Ear',2),(6,'Control Button','Yes',2),(7,'Material','Fabric',2),(8,'Certification','CE',2),(9,'Waterproof','Dynamic',3),(10,'Print length','464 pages',3),(11,'Vocalism Principle','Over the Ear',3),(12,'Origin','Mainland China',4),(13,'Codecs','AAC',4),(14,'Vocalism Principle','Over the Ear',4),(15,'Style','Dynamic',4),(16,'Style','Over the Ear',5),(17,'Control Button','Yes',5),(18,'Plug Type','Line Type',5),(19,'Material','Fabric',5),(20,'Print length','352 pages',6),(21,'Vocalism Principle','Dynamic',6),(22,'Screen','Over the Ear',6),(23,'Chip','A16 Bionic chip  superfast and superefficient for amazing all-day battery life',7),(24,'Vocalism Principle','Dynamic',7),(25,'Chip','Over the Ear',7),(38,'Vocalism Principle','Dynamic',1),(39,'Print length','464 pages',1),(40,'Style','OLED6.1\"Super Retina XDR',1),(41,'Style','Over the Ear',2),(42,'Plug Type','Line Type',2),(43,'Material','Fabric',2),(44,'Print length','352 pages',3),(45,'Screen','A16 Bionic chip  superfast and superefficient for amazing all-day battery life',3),(46,'Style','Dynamic',3),(47,'Print length','464 pages',5),(48,'Screen','A16 Bionic chip  superfast and superefficient for amazing all-day battery life',5),(49,'Style','Over the Ear',5),(50,'Print length','OLED6.1\"Super Retina XDR',6),(51,'Style','A16 Bionic chip  superfast and superefficient for amazing all-day battery life',6),(52,'Vocalism Principle','Dynamic',6),(53,'Print length','464 pages',7),(61,' Screen Size','25 Inches',12),(62,'Display','1920 x 1080 Pixels',12),(63,'Special Feature','Built-In Speakers, Frameless, Flicker Free, Blue Light Filter, Swivel Adjustment, Height Adjustment, Tilt AdjustmentBuilt-In Speakers, Frameless, Flicker Free, Blue Light Filter, Swivel Adjustment, Height Adjustment',12),(64,'Refresh Rate','165 Hz',12),(65,'Print length','464 pages',13),(66,'Dimensions','5.31 x 0.9 x 8.25 inches',13),(67,'ISBN-13','978-1501110368',13),(68,'Language','English',13),(69,'Publication date','August 2, 2016',13),(70,'Model Name','Withings ScanWatch Horizon',14),(71,'Style','43mm',14),(72,'Color','Green',14),(73,'Special ','GPS',14),(74,'Compatible','Smartphone',14),(75,'Color','Dark Blue',15),(76,'Ean','0810043375146',15),(77,'Included Components','1 x Apex HR Smart Fitness Scale, 1 x USB Type-C Charging Cable, 1 x QSG',15),(78,'Material','Glass',15),(79,'Measurement Accuracy','0.1 lb / 0.05 kg',15),(80,'Title','Hudson Baby Bodysuits',16),(81,'Gender','Boys, Girls',16),(82,'Fabric Content','100% cotton	',16),(83,'Size Range','0-24 Months',16),(84,'Optimal Usage','Apparel for home and outerwear',16),(85,'Style	','Modern',17),(86,'Color','Shadow Grey/Graphite',17),(87,'Special ','Sleep Monitor',17),(88,'Compatible','Smartphone',17),(89,'Connectivity ','Bluetooth',17),(90,'Package Dimensions','20.83 x 16.3 x 3.31 inches; 14.39 Ounces',18),(91,'Item model number','W-S17AE10009',18),(92,'Date First Available','January 15, 2020',18),(93,'Manufacturer ','Amazon Essentials',18),(94,'Driver(s)','40mm',19),(95,'Adjustable Headband','',19),(96,'LED Light','Bicolor/Blue',19),(97,'Compatibility','PS4, PC, Xbox One, Laptop, Mac, Nintendo Switch',19),(98,'Fill Material','Polyester',20),(99,'Pillow Type','Throw Pillow',20),(100,'Color','White',20),(101,'Size','4 Count (Pack of 1)',20),(102,'Color','White',21),(103,'Blade ','Stainless Steel',21),(104,'Blade Edge','Fine',21),(105,'Item ','5.38 x 14.5 x 9.88 inches',21),(106,'Dimensions ','LxWxH',21),(107,'Material','Ceramic',22),(108,'Special ','Dishwasher Safe',22),(109,'Color','Gray',22),(110,'Capacity','5 Liters, 3 Liters',22),(111,'Color','Charcoal',23),(112,'Material','Polyester',23),(113,'Product Dimensions','84\"L x 48\"W',23),(114,'Opacity','Semi-sheer',23),(115,'Special Feature','Machine Washable',23),(116,'Item Dimensions','3.1 x 3.9 x 3.9 inches',24),(117,'Lens Type','Wide Angle',24),(118,'Item Weight','1.50 lbs',24),(119,'Maximum Focal Length','18 millimeters',24),(120,'Maximum Aperture Range','f/2.8 - f/22',24),(121,'Model Name','AirPods',25),(122,'Color','White',25),(123,'Form Factor','In Ear',25),(124,'onnectivity','Bluetooth 5.0',25),(125,'Single Serve Coffee','Add Water each time 6 - 12 oz',26),(126,'Strength Control','Single Serve',26),(127,'Water Reservoir Capacity','Add water each time',26),(128,'Box Includes','Pod Storage',26),(129,'Is Discontinued By Manufacturer','No',27),(130,'Product Dimensions','7.99 x 1.61 x 0.43 inches; 1.12 Ounces',27),(131,'Item model number','TW4B08200',27),(132,'Department ','Mens',27),(133,'Batteries ','1 Lithium Metal batteries required. (included)',27),(134,'Manufacturer','Timex',27),(135,'Package Dimensions','8.94 x 7.4 x 4.02 inches; 1.04 Pounds',28),(136,'Item model number','TB007605',28),(137,'Vocalism Principle','A16 Bionic chip  superfast and superefficient for amazing all-day battery life',28),(140,'Date First Available ','May 9, 2022',28),(141,'Manufacturer','Stride Rite 360',28),(142,'Best Sellers Rank','#47,878 in Clothing, Shoes & Jewelry',28),(143,'Package Dimensions','3.5 x 3.39 x 2.05 inches; 1.76 Ounces',30),(144,'Item model number','A21EBMCSG',30),(145,'Department','Womens',30),(146,'Date First Available','October 24, 2021',30),(147,'Package Dimensions','14.29 x 11.38 x 5.67 inches',31),(148,'Item Weight','4 pounds',31);
/*!40000 ALTER TABLE `product_details` ENABLE KEYS */;
UNLOCK TABLES;

--
-- Table structure for table `product_images`
--

DROP TABLE IF EXISTS `product_images`;
/*!40101 SET @saved_cs_client     = @@character_set_client */;
/*!50503 SET character_set_client = utf8mb4 */;
CREATE TABLE `product_images` (
  `id` int NOT NULL AUTO_INCREMENT,
  `name` varchar(255) NOT NULL,
  `product_id` int DEFAULT NULL,
  PRIMARY KEY (`id`),
  KEY `FKqnq71xsohugpqwf3c9gxmsuy` (`product_id`),
  CONSTRAINT `FKqnq71xsohugpqwf3c9gxmsuy` FOREIGN KEY (`product_id`) REFERENCES `products` (`id`)
) ENGINE=InnoDB AUTO_INCREMENT=83 DEFAULT CHARSET=utf8mb4 COLLATE=utf8mb4_0900_ai_ci;
/*!40101 SET character_set_client = @saved_cs_client */;

--
-- Dumping data for table `product_images`
--

LOCK TABLES `product_images` WRITE;
/*!40000 ALTER TABLE `product_images` DISABLE KEYS */;
INSERT INTO `product_images` VALUES (5,'1.jpg',2),(7,'top-product-3.png',4),(8,'2.jpg',5),(9,'2.jpg',6),(10,'72fcedfd601c115d315384e0f491c1a6_tn.jpg',7),(15,'2.jpg',1),(16,'2.jpg',2),(17,'1.jpg',3),(18,'3.jpg',5),(19,'3.jpg',6),(20,'916053f2e7a8d217b8878e44b08012b8.jpg',7),(21,'4.jpg',6),(22,'4.jpg',1),(28,'2.jpg',12),(29,'3.jpg',12),(30,'4.jpg',12),(31,'2.jpg',13),(32,'4.jpg',13),(33,'4.jpg',14),(34,'3.jpg',14),(35,'2.jpg',14),(36,'3.jpg',15),(37,'2.jpg',15),(38,'4.jpg',15),(39,'3.jpg',16),(40,'4.jpg',16),(41,'2.jpg',16),(42,'4.jpg',17),(43,'3.jpg',17),(44,'2.jpg',17),(45,'2.jpg',18),(46,'4.jpg',18),(47,'3.jpg',18),(48,'3.jpg',19),(49,'4.jpg',19),(50,'2.jpg',19),(51,'1.jpg',20),(52,'2.jpg',20),(53,'3.jpg',20),(54,'41N54OSLrnL._AC_SR480,480_.jpg',21),(55,'41zZD3lZSAL._AC_SR480,480_.jpg',21),(56,'61Seh2CBtPS._AC_SX679_.jpg',22),(57,'81lCmpeTGjL._AC_UL400_.jpg',22),(58,'5123tsJOYtL._AC_UF452,452_FMjpg_.jpg',23),(59,'419L6NkEcKL._AC_UF452,452_FMjpg_.jpg',23),(63,'3.jpg',24),(64,'2.jpg',24),(65,'81W5RSDOy-L._AC_SX679_.jpg',25),(66,'71QT9PrfxyL._AC_SX679_.jpg',25),(67,'71NLN1HgFkL._AC_SX679_.jpg',25),(68,'71NTi82uBEL._AC_SX679_.jpg',25),(69,'71p2OzZS2GL._AC_SX679_.jpg',26),(70,'7157FC-NWTL._AC_SX679_.jpg',26),(71,'71wHVqxXCHL._AC_SX679_.jpg',26),(72,'3.jpg',27),(73,'1.jpg',27),(74,'2.jpg',27),(75,'2.jpg',28),(77,'3.jpg',28),(78,'2.jpg',30),(79,'3.jpg',30),(80,'4.jpg',30),(81,'extras3.jpg',31),(82,'extras1.jpg',31);
/*!40000 ALTER TABLE `product_images` ENABLE KEYS */;
UNLOCK TABLES;

--
-- Table structure for table `products`
--

DROP TABLE IF EXISTS `products`;
/*!40101 SET @saved_cs_client     = @@character_set_client */;
/*!50503 SET character_set_client = utf8mb4 */;
CREATE TABLE `products` (
  `id` int NOT NULL AUTO_INCREMENT,
  `name` varchar(256) NOT NULL,
  `alias` varchar(256) NOT NULL,
  `short_description` varchar(4096) NOT NULL,
  `full_description` varchar(4096) NOT NULL,
  `main_image` varchar(255) NOT NULL,
  `created_time` datetime(6) DEFAULT NULL,
  `updated_time` datetime(6) DEFAULT NULL,
  `enabled` bit(1) NOT NULL DEFAULT b'1',
  `in_stock` bit(1) DEFAULT b'1',
  `cost` float NOT NULL DEFAULT '0',
  `price` float NOT NULL DEFAULT '0',
  `discount_percent` float DEFAULT '0',
  `length` float NOT NULL DEFAULT '0',
  `width` float NOT NULL DEFAULT '0',
  `height` float NOT NULL DEFAULT '0',
  `weight` float NOT NULL DEFAULT '0',
  `brand_id` int DEFAULT NULL,
  `category_id` int DEFAULT NULL,
  `average_rating` float NOT NULL,
  `review_count` int NOT NULL,
  `shop_id` int DEFAULT NULL,
  `customer_id` int DEFAULT NULL,
  PRIMARY KEY (`id`),
  UNIQUE KEY `UK_8qwq8q3hk7cxkp9gruxupnif5` (`alias`),
  UNIQUE KEY `UK_o61fmio5yukmmiqgnxf8pnavn` (`name`),
  KEY `FKa3a4mpsfdf4d2y6r8ra3sc8mv` (`brand_id`),
  KEY `FKog2rp4qthbtt2lfyhfo32lsw9` (`category_id`),
  KEY `FK7kp8sbhxboponhx3lxqtmkcoj` (`shop_id`),
  KEY `FK29w1glmsx19fyn0ts34ak8pc5` (`customer_id`),
  FULLTEXT KEY `products_FTS` (`name`,`short_description`,`full_description`),
  CONSTRAINT `FK29w1glmsx19fyn0ts34ak8pc5` FOREIGN KEY (`customer_id`) REFERENCES `customers` (`id`),
  CONSTRAINT `FK7kp8sbhxboponhx3lxqtmkcoj` FOREIGN KEY (`shop_id`) REFERENCES `shops` (`id`),
  CONSTRAINT `FKa3a4mpsfdf4d2y6r8ra3sc8mv` FOREIGN KEY (`brand_id`) REFERENCES `brands` (`id`),
  CONSTRAINT `FKog2rp4qthbtt2lfyhfo32lsw9` FOREIGN KEY (`category_id`) REFERENCES `categories` (`id`)
) ENGINE=InnoDB AUTO_INCREMENT=32 DEFAULT CHARSET=utf8mb4 COLLATE=utf8mb4_0900_ai_ci;
/*!40101 SET character_set_client = @saved_cs_client */;

--
-- Dumping data for table `products`
--

LOCK TABLES `products` WRITE;
/*!40000 ALTER TABLE `products` DISABLE KEYS */;
INSERT INTO `products` VALUES (1,'26 inch sport bike','26-inch-sport-bike','<div><span style=\"color: rgb(96, 96, 96); font-family: Poppins, sans-serif; display: inline !important;\">Lorem ipsum dolor sit amet consectetur adipisicing elit. Quae rerum eveniet esse modi nemo mollitia. Vitae adipisci ab nulla sequi fuga saepe harum placeat voluptatibus ea quam, assumenda illum natus.</span><br></div>','<div><div>Shank porchetta anim ham in esse. Duis swine mollit incididunt, quis pork belly rump ut ball tip venison strip steak pancetta proident. Ground roun duis beef, eu sunt non dolor esse capicola shoulder strip steak. Ut fatback chuck minim exercitation kielbasa. Cupidatat nostrud prosciutto corned beefdgf meatball sausage lorem.Ground round jowl pig, short ribs turducken cillum labore aliqua bacon ea doner anim esse. Jerky laboris id, fatback ut gfjb Filet mignon corned beef laboris ipsum porchetta beef irure dolor fatback. Pariatur cupim occaecat short ribs</div><div>consectetur, venison ipsum flank hamburger bacon tri-tip. Eu duis est cupidatat prosciutto alcatra, consectetur aute velit shoulder shankle ham ho Cillum deserunt velit dolor, beef ribs excepteur hamburger flank occaecat. Qui dolor flank picanha t-bone lorem</div><div class=\"row\" style=\"--bs-gutter-x:1.5rem; --bs-gutter-y:0; margin-top: calc(-1 * var(--bs-gutter-y)); margin-right: calc(-0.5 * var(--bs-gutter-x)); margin-left: calc(-0.5 * var(--bs-gutter-x)); color: rgb(33, 37, 41); font-family: Poppins, sans-serif;\"><div class=\"col-lg-4 col-md-6\" style=\"width: 399.99px; padding-right: calc(var(--bs-gutter-x) * 0.5); padding-left: calc(var(--bs-gutter-x) * 0.5); margin-top: var(--bs-gutter-y);\"><div class=\"part-img\" style=\"padding-top: 6px; padding-bottom: 24px;\"><img src=\"https://revelecommerce.codebasket.net/assets/images/product-dscr-img.jpg\" alt=\"Image\"></div></div><div class=\"col-lg-8 col-md-6\" style=\"width: 799.99px; padding-right: calc(var(--bs-gutter-x) * 0.5); padding-left: calc(var(--bs-gutter-x) * 0.5); margin-top: var(--bs-gutter-y);\"><div>Lorem ipsum dolor sit amet, consectetur adipiscing elit, sed do eiusmodt tempor incididunt ut labore et dolore magna aliqua. Quis ipsum vcdisse ultrices gravida. Risus commodo viverra maecenas accumsan lacus Lorem ipsum dolor sit amet, consectetur adipiscing elit,</div><div>sed do eiusmod tempor incididunt ut labore et dolore magna aliqua. Quis ipsum suspendisse ultrices gravida. Risus commodo viverra maecenas accumsan lacus vel facilisis.</div></div></div><div>Shank porchetta anim ham in esse. Duis swine mollit incididunt, quis pork belly rump ut ball tip venison strip steak pancetta proident. Ground roun duis beef, eu sunt non dolor esse capicola shoulder strip steak. Ut fatback chuck minim exercitation kielbasa. Cupidatat nostrud prosciutto corned beefdgf meatball sausage lorem.Ground round jowl pig, short ribs turducken cillum labore aliqua bacon ea doner anim esse. Jerky laboris id, fatback ut gfjb Filet mignon corned beef laboris ipsum porchetta beef irure dolor fatback. Pariatur cupim occaecat short ribs</div></div>','1.jpg','2022-11-04 18:28:06.640000','2022-11-05 21:08:12.723000',_binary '',_binary '',3,136,3,3,2,3,2,9,30,3,1,4,3),(2,'White short ','White-short-','<div><span style=\"color: rgb(96, 96, 96); font-family: Poppins, sans-serif; display: inline !important;\">Lorem ipsum dolor sit amet consectetur adipisicing elit. Quae rerum eveniet esse modi nemo mollitia. Vitae adipisci ab nulla sequi fuga saepe harum placeat voluptatibus ea quam, assumenda illum natus.</span><br></div>','<div><div>Shank porchetta anim ham in esse. Duis swine mollit incididunt, quis pork belly rump ut ball tip venison strip steak pancetta proident. Ground roun duis beef, eu sunt non dolor esse capicola shoulder strip steak. Ut fatback chuck minim exercitation kielbasa. Cupidatat nostrud prosciutto corned beefdgf meatball sausage lorem.Ground round jowl pig, short ribs turducken cillum labore aliqua bacon ea doner anim esse. Jerky laboris id, fatback ut gfjb Filet mignon corned beef laboris ipsum porchetta beef irure dolor fatback. Pariatur cupim occaecat short ribs</div><div>consectetur, venison ipsum flank hamburger bacon tri-tip. Eu duis est cupidatat prosciutto alcatra, consectetur aute velit shoulder shankle ham ho Cillum deserunt velit dolor, beef ribs excepteur hamburger flank occaecat. Qui dolor flank picanha t-bone lorem</div><div class=\"row\" style=\"--bs-gutter-x:1.5rem; --bs-gutter-y:0; margin-top: calc(-1 * var(--bs-gutter-y)); margin-right: calc(-0.5 * var(--bs-gutter-x)); margin-left: calc(-0.5 * var(--bs-gutter-x)); color: rgb(33, 37, 41); font-family: Poppins, sans-serif;\"><div class=\"col-lg-4 col-md-6\" style=\"width: 399.99px; padding-right: calc(var(--bs-gutter-x) * 0.5); padding-left: calc(var(--bs-gutter-x) * 0.5); margin-top: var(--bs-gutter-y);\"><div class=\"part-img\" style=\"padding-top: 6px; padding-bottom: 24px;\"><img src=\"https://revelecommerce.codebasket.net/assets/images/product-dscr-img.jpg\" alt=\"Image\"></div></div><div class=\"col-lg-8 col-md-6\" style=\"width: 799.99px; padding-right: calc(var(--bs-gutter-x) * 0.5); padding-left: calc(var(--bs-gutter-x) * 0.5); margin-top: var(--bs-gutter-y);\"><div>Lorem ipsum dolor sit amet, consectetur adipiscing elit, sed do eiusmodt tempor incididunt ut labore et dolore magna aliqua. Quis ipsum vcdisse ultrices gravida. Risus commodo viverra maecenas accumsan lacus Lorem ipsum dolor sit amet, consectetur adipiscing elit,</div><div>sed do eiusmod tempor incididunt ut labore et dolore magna aliqua. Quis ipsum suspendisse ultrices gravida. Risus commodo viverra maecenas accumsan lacus vel facilisis.</div></div></div><div>Shank porchetta anim ham in esse. Duis swine mollit incididunt, quis pork belly rump ut ball tip venison strip steak pancetta proident. Ground roun duis beef, eu sunt non dolor esse capicola shoulder strip steak. Ut fatback chuck minim exercitation kielbasa. Cupidatat nostrud prosciutto corned beefdgf meatball sausage lorem.Ground round jowl pig, short ribs turducken cillum labore aliqua bacon ea doner anim esse. Jerky laboris id, fatback ut gfjb Filet mignon corned beef laboris ipsum porchetta beef irure dolor fatback. Pariatur cupim occaecat short ribs</div></div>','1.jpg','2022-11-04 18:30:51.131000','2022-11-05 21:14:07.775000',_binary '',_binary '',4,59,2,2,3,2,1,16,25,4.7,0,6,3),(3,'White short Flower','White-short-Flower','<div><span style=\"color: rgb(96, 96, 96); font-family: Poppins, sans-serif; display: inline !important;\">Lorem ipsum dolor sit amet consectetur adipisicing elit. Quae rerum eveniet esse modi nemo mollitia. Vitae adipisci ab nulla sequi fuga saepe harum placeat voluptatibus ea quam, assumenda illum natus.</span><br></div>','<div><div>Shank porchetta anim ham in esse. Duis swine mollit incididunt, quis pork belly rump ut ball tip venison strip steak pancetta proident. Ground roun duis beef, eu sunt non dolor esse capicola shoulder strip steak. Ut fatback chuck minim exercitation kielbasa. Cupidatat nostrud prosciutto corned beefdgf meatball sausage lorem.Ground round jowl pig, short ribs turducken cillum labore aliqua bacon ea doner anim esse. Jerky laboris id, fatback ut gfjb Filet mignon corned beef laboris ipsum porchetta beef irure dolor fatback. Pariatur cupim occaecat short ribs</div><div>consectetur, venison ipsum flank hamburger bacon tri-tip. Eu duis est cupidatat prosciutto alcatra, consectetur aute velit shoulder shankle ham ho Cillum deserunt velit dolor, beef ribs excepteur hamburger flank occaecat. Qui dolor flank picanha t-bone lorem</div><div class=\"row\" style=\"--bs-gutter-x:1.5rem; --bs-gutter-y:0; margin-top: calc(-1 * var(--bs-gutter-y)); margin-right: calc(-0.5 * var(--bs-gutter-x)); margin-left: calc(-0.5 * var(--bs-gutter-x)); color: rgb(33, 37, 41); font-family: Poppins, sans-serif;\"><div class=\"col-lg-4 col-md-6\" style=\"width: 399.99px; padding-right: calc(var(--bs-gutter-x) * 0.5); padding-left: calc(var(--bs-gutter-x) * 0.5); margin-top: var(--bs-gutter-y);\"><div class=\"part-img\" style=\"padding-top: 6px; padding-bottom: 24px;\"><img src=\"https://revelecommerce.codebasket.net/assets/images/product-dscr-img.jpg\" alt=\"Image\"></div></div><div class=\"col-lg-8 col-md-6\" style=\"width: 799.99px; padding-right: calc(var(--bs-gutter-x) * 0.5); padding-left: calc(var(--bs-gutter-x) * 0.5); margin-top: var(--bs-gutter-y);\"><div>Lorem ipsum dolor sit amet, consectetur adipiscing elit, sed do eiusmodt tempor incididunt ut labore et dolore magna aliqua. Quis ipsum vcdisse ultrices gravida. Risus commodo viverra maecenas accumsan lacus Lorem ipsum dolor sit amet, consectetur adipiscing elit,</div><div>sed do eiusmod tempor incididunt ut labore et dolore magna aliqua. Quis ipsum suspendisse ultrices gravida. Risus commodo viverra maecenas accumsan lacus vel facilisis.</div></div></div><div>Shank porchetta anim ham in esse. Duis swine mollit incididunt, quis pork belly rump ut ball tip venison strip steak pancetta proident. Ground roun duis beef, eu sunt non dolor esse capicola shoulder strip steak. Ut fatback chuck minim exercitation kielbasa. Cupidatat nostrud prosciutto corned beefdgf meatball sausage lorem.Ground round jowl pig, short ribs turducken cillum labore aliqua bacon ea doner anim esse. Jerky laboris id, fatback ut gfjb Filet mignon corned beef laboris ipsum porchetta beef irure dolor fatback. Pariatur cupim occaecat short ribs</div></div>','flash-deal-3.jpg','2022-11-04 18:34:17.751000','2022-11-07 14:20:26.708000',_binary '',_binary '',5,235,50,2,1,3,3,11,23,3,2,5,3),(5,'Women\'s handbag, crossbody bag MIRRO','Women\'s-handbag,-crossbody-bag-MIRRO','<div>Lorem ipsum dolor sit amet consectetur adipisicing elit. Quae rerum eveniet esse modi nemo mollitia. Vitae adipisci ab nulla sequi fuga saepe harum placeat voluptatibus ea quam, assumenda illum natus.</div>','<div><div>Shank porchetta anim ham in esse. Duis swine mollit incididunt, quis pork belly rump ut ball tip venison strip steak pancetta proident. Ground roun duis beef, eu sunt non dolor esse capicola shoulder strip steak. Ut fatback chuck minim exercitation kielbasa. Cupidatat nostrud prosciutto corned beefdgf meatball sausage lorem.Ground round jowl pig, short ribs turducken cillum labore aliqua bacon ea doner anim esse. Jerky laboris id, fatback ut gfjb Filet mignon corned beef laboris ipsum porchetta beef irure dolor fatback. Pariatur cupim occaecat short ribs</div><div>consectetur, venison ipsum flank hamburger bacon tri-tip. Eu duis est cupidatat prosciutto alcatra, consectetur aute velit shoulder shankle ham ho Cillum deserunt velit dolor, beef ribs excepteur hamburger flank occaecat. Qui dolor flank picanha t-bone lorem</div><div class=\"row\" style=\"--bs-gutter-x:1.5rem; --bs-gutter-y:0; margin-top: calc(-1 * var(--bs-gutter-y)); margin-right: calc(-0.5 * var(--bs-gutter-x)); margin-left: calc(-0.5 * var(--bs-gutter-x)); color: rgb(33, 37, 41); font-family: Poppins, sans-serif;\"><div class=\"col-lg-4 col-md-6\" style=\"width: 399.99px; padding-right: calc(var(--bs-gutter-x) * 0.5); padding-left: calc(var(--bs-gutter-x) * 0.5); margin-top: var(--bs-gutter-y);\"><div class=\"part-img\" style=\"padding-top: 6px; padding-bottom: 24px;\"><img src=\"https://revelecommerce.codebasket.net/assets/images/product-dscr-img.jpg\" alt=\"Image\"></div></div><div class=\"col-lg-8 col-md-6\" style=\"width: 799.99px; padding-right: calc(var(--bs-gutter-x) * 0.5); padding-left: calc(var(--bs-gutter-x) * 0.5); margin-top: var(--bs-gutter-y);\"><div>Lorem ipsum dolor sit amet, consectetur adipiscing elit, sed do eiusmodt tempor incididunt ut labore et dolore magna aliqua. Quis ipsum vcdisse ultrices gravida. Risus commodo viverra maecenas accumsan lacus Lorem ipsum dolor sit amet, consectetur adipiscing elit,</div><div>sed do eiusmod tempor incididunt ut labore et dolore magna aliqua. Quis ipsum suspendisse ultrices gravida. Risus commodo viverra maecenas accumsan lacus vel facilisis.</div></div></div><div>Shank porchetta anim ham in esse. Duis swine mollit incididunt, quis pork belly rump ut ball tip venison strip steak pancetta proident. Ground roun duis beef, eu sunt non dolor esse capicola shoulder strip steak. Ut fatback chuck minim exercitation kielbasa. Cupidatat nostrud prosciutto corned beefdgf meatball sausage lorem.Ground round jowl pig, short ribs turducken cillum labore aliqua bacon ea doner anim esse. Jerky laboris id, fatback ut gfjb Filet mignon corned beef laboris ipsum porchetta beef irure dolor fatback. Pariatur cupim occaecat short ribs</div></div>','1.jpg','2022-11-04 18:38:23.970000','2022-11-05 21:05:37.510000',_binary '',_binary '',3,99,25,3,2,4,3,17,24,4,1,6,3),(6,'Apple iPhone 12','Apple-iPhone-11','<div><span style=\"color: rgb(96, 96, 96); font-family: Poppins, sans-serif; display: inline !important;\">Lorem ipsum dolor sit amet consectetur adipisicing elit. Quae rerum eveniet esse modi nemo mollitia. Vitae adipisci ab nulla sequi fuga saepe harum placeat voluptatibus ea quam, assumenda illum natus.</span><br></div>','<div><div>Shank porchetta anim ham in esse. Duis swine mollit incididunt, quis pork belly rump ut ball tip venison strip steak pancetta proident. Ground roun duis beef, eu sunt non dolor esse capicola shoulder strip steak. Ut fatback chuck minim exercitation kielbasa. Cupidatat nostrud prosciutto corned beefdgf meatball sausage lorem.Ground round jowl pig, short ribs turducken cillum labore aliqua bacon ea doner anim esse. Jerky laboris id, fatback ut gfjb Filet mignon corned beef laboris ipsum porchetta beef irure dolor fatback. Pariatur cupim occaecat short ribs</div><div>consectetur, venison ipsum flank hamburger bacon tri-tip. Eu duis est cupidatat prosciutto alcatra, consectetur aute velit shoulder shankle ham ho Cillum deserunt velit dolor, beef ribs excepteur hamburger flank occaecat. Qui dolor flank picanha t-bone lorem</div><div class=\"row\" style=\"--bs-gutter-x:1.5rem; --bs-gutter-y:0; margin-top: calc(-1 * var(--bs-gutter-y)); margin-right: calc(-0.5 * var(--bs-gutter-x)); margin-left: calc(-0.5 * var(--bs-gutter-x)); color: rgb(33, 37, 41); font-family: Poppins, sans-serif;\"><div class=\"col-lg-4 col-md-6\" style=\"width: 399.99px; padding-right: calc(var(--bs-gutter-x) * 0.5); padding-left: calc(var(--bs-gutter-x) * 0.5); margin-top: var(--bs-gutter-y);\"><div class=\"part-img\" style=\"padding-top: 6px; padding-bottom: 24px;\"><img src=\"https://revelecommerce.codebasket.net/assets/images/product-dscr-img.jpg\" alt=\"Image\"></div></div><div class=\"col-lg-8 col-md-6\" style=\"width: 799.99px; padding-right: calc(var(--bs-gutter-x) * 0.5); padding-left: calc(var(--bs-gutter-x) * 0.5); margin-top: var(--bs-gutter-y);\"><div>Lorem ipsum dolor sit amet, consectetur adipiscing elit, sed do eiusmodt tempor incididunt ut labore et dolore magna aliqua. Quis ipsum vcdisse ultrices gravida. Risus commodo viverra maecenas accumsan lacus Lorem ipsum dolor sit amet, consectetur adipiscing elit,</div><div>sed do eiusmod tempor incididunt ut labore et dolore magna aliqua. Quis ipsum suspendisse ultrices gravida. Risus commodo viverra maecenas accumsan lacus vel facilisis.</div></div></div><div>Shank porchetta anim ham in esse. Duis swine mollit incididunt, quis pork belly rump ut ball tip venison strip steak pancetta proident. Ground roun duis beef, eu sunt non dolor esse capicola shoulder strip steak. Ut fatback chuck minim exercitation kielbasa. Cupidatat nostrud prosciutto corned beefdgf meatball sausage lorem.Ground round jowl pig, short ribs turducken cillum labore aliqua bacon ea doner anim esse. Jerky laboris id, fatback ut gfjb Filet mignon corned beef laboris ipsum porchetta beef irure dolor fatback. Pariatur cupim occaecat short ribs</div></div>','1.jpg','2022-11-04 18:40:29.205000','2022-11-16 14:23:39.208000',_binary '',_binary '',5,123,4,2,3,1,2,8,29,3.5,2,6,3),(7,'EVA Women\'s Sandals 2','EVA-Women\'s-Sandals-2','<span style=\"color: rgb(96, 96, 96); font-family: Poppins, sans-serif; display: inline !important;\">Lorem ipsum dolor sit amet consectetur adipisicing elit. Quae rerum eveniet esse modi nemo mollitia. Vitae adipisci ab nulla sequi fuga saepe harum placeat voluptatibus ea quam, assumenda illum natus.</span><br>','<div>Shank porchetta anim ham in esse. Duis swine mollit incididunt, quis pork belly rump ut ball tip venison strip steak pancetta proident. Ground roun duis beef, eu sunt non dolor esse capicola shoulder strip steak. Ut fatback chuck minim exercitation kielbasa. Cupidatat nostrud prosciutto corned beefdgf meatball sausage lorem.Ground round jowl pig, short ribs turducken cillum labore aliqua bacon ea doner anim esse. Jerky laboris id, fatback ut gfjb Filet mignon corned beef laboris ipsum porchetta beef irure dolor fatback. Pariatur cupim occaecat short ribs</div><div>consectetur, venison ipsum flank hamburger bacon tri-tip. Eu duis est cupidatat prosciutto alcatra, consectetur aute velit shoulder shankle ham ho Cillum deserunt velit dolor, beef ribs excepteur hamburger flank occaecat. Qui dolor flank picanha t-bone lorem</div><div class=\"row\" style=\"--bs-gutter-x:1.5rem; --bs-gutter-y:0; margin-top: calc(-1 * var(--bs-gutter-y)); margin-right: calc(-0.5 * var(--bs-gutter-x)); margin-left: calc(-0.5 * var(--bs-gutter-x)); color: rgb(33, 37, 41); font-family: Poppins, sans-serif;\"><div class=\"col-lg-4 col-md-6\" style=\"width: 399.99px; padding-right: calc(var(--bs-gutter-x) * 0.5); padding-left: calc(var(--bs-gutter-x) * 0.5); margin-top: var(--bs-gutter-y);\"><div class=\"part-img\" style=\"padding-top: 6px; padding-bottom: 24px;\"><img src=\"https://revelecommerce.codebasket.net/assets/images/product-dscr-img.jpg\" alt=\"Image\"></div></div><div class=\"col-lg-8 col-md-6\" style=\"width: 799.99px; padding-right: calc(var(--bs-gutter-x) * 0.5); padding-left: calc(var(--bs-gutter-x) * 0.5); margin-top: var(--bs-gutter-y);\"><div>Lorem ipsum dolor sit amet, consectetur adipiscing elit, sed do eiusmodt tempor incididunt ut labore et dolore magna aliqua. Quis ipsum vcdisse ultrices gravida. Risus commodo viverra maecenas accumsan lacus Lorem ipsum dolor sit amet, consectetur adipiscing elit,</div><div>sed do eiusmod tempor incididunt ut labore et dolore magna aliqua. Quis ipsum suspendisse ultrices gravida. Risus commodo viverra maecenas accumsan lacus vel facilisis.</div></div></div><div>Shank porchetta anim ham in esse. Duis swine mollit incididunt, quis pork belly rump ut ball tip venison strip steak pancetta proident. Ground roun duis beef, eu sunt non dolor esse capicola shoulder strip steak. Ut fatback chuck minim exercitation kielbasa. Cupidatat nostrud prosciutto corned beefdgf meatball sausage lorem.Ground round jowl pig, short ribs turducken cillum labore aliqua bacon ea doner anim esse. Jerky laboris id, fatback ut gfjb Filet mignon corned beef laboris ipsum porchetta beef irure dolor fatback. Pariatur cupim occaecat short ribs</div>','6a6ada1a3955b30e4fbe6c2aa136c4a2_tn.jpg','2022-11-04 18:44:42.374000','2022-11-07 14:24:49.242000',_binary '',_binary '',3,1414,50,2,2,2,2,14,21,2,1,6,3),(12,'Sceptre 25\" Gaming Monitor','Sceptre-25\"-Gaming-Monitor','<div><span style=\"color: rgb(15, 17, 17); font-family: &quot;Amazon Ember&quot;, Arial, sans-serif; font-size: 14px; display: inline !important;\">Products with electrical plugs are designed for use in the US. Outlets and voltage differ internationally and this product may require an adapter or converter for use in your destination. Please check compatibility before purchasing.</span><br></div>','<div><ul class=\"a-unordered-list a-vertical a-spacing-mini\" style=\"margin: 0px 0px 0px 18px; color: rgb(15, 17, 17); font-family: &quot;Amazon Ember&quot;, Arial, sans-serif; font-size: 14px;\"><li style=\"list-style: disc; overflow-wrap: break-word; margin: 0px;\"><span class=\"a-list-item\">up to 165Hz Refresh Rate: Stay above the pack with 165Hz, giving you an edge in performance as frames transition instantly.Max. brightness 220cd/m</span></li><li style=\"list-style: disc; overflow-wrap: break-word; margin: 0px;\"><span class=\"a-list-item\">1MS Response Time: Colors fade and illuminate instantly with a 1ms response time, eliminating ghosting and piecing together precise imagery during action-packed scenes and gaming.</span></li><li style=\"list-style: disc; overflow-wrap: break-word; margin: 0px;\"><span class=\"a-list-item\">AMD Freesync Premium: With AMD FreeSync, gamers enjoy smooth video &amp; seamless on the spot movement in fast-paced games.The graphic card and monitor refresh rates are synchronized to eliminate tearing and stuttering.</span></li><li style=\"list-style: disc; overflow-wrap: break-word; margin: 0px;\"><span class=\"a-list-item\">106% sRGB: With 106% sRGB, this monitor offers a wider color gamut than most conventional monitors, giving deeper colors and defining features.</span></li><li style=\"list-style: disc; overflow-wrap: break-word; margin: 0px;\"><span class=\"a-list-item\">300 Lux Brightness: Stunning and vivid colors illuminate the screen like never before with 300 cd/m brightness.</span></li></ul></div>','1.jpg','2022-11-10 10:48:23.145000','2022-11-10 10:48:23.145000',_binary '',_binary '',2,369,50,2,1,2,2,13,40,2.5,2,1,3),(13,'It Ends with Us: A Novel','It-Ends-with-Us:-A-Novel','<div><span class=\"a-text-bold\" style=\"color: rgb(15, 17, 17); font-family: &quot;Amazon Ember&quot;, Arial, sans-serif; font-size: 14px; font-weight: 700 !important;\">From the #1&nbsp;</span><span class=\"a-text-bold a-text-italic\" style=\"color: rgb(15, 17, 17); font-family: &quot;Amazon Ember&quot;, Arial, sans-serif; font-size: 14px; font-weight: 700 !important; font-style: italic !important;\">New York Times</span><span class=\"a-text-bold\" style=\"color: rgb(15, 17, 17); font-family: &quot;Amazon Ember&quot;, Arial, sans-serif; font-size: 14px; font-weight: 700 !important;\">&nbsp;bestselling author of&nbsp;</span><span class=\"a-text-bold a-text-italic\" style=\"color: rgb(15, 17, 17); font-family: &quot;Amazon Ember&quot;, Arial, sans-serif; font-size: 14px; font-weight: 700 !important; font-style: italic !important;\">It Starts with Us&nbsp;</span><span class=\"a-text-bold\" style=\"color: rgb(15, 17, 17); font-family: &quot;Amazon Ember&quot;, Arial, sans-serif; font-size: 14px; font-weight: 700 !important;\">and&nbsp;</span><span class=\"a-text-bold a-text-italic\" style=\"color: rgb(15, 17, 17); font-family: &quot;Amazon Ember&quot;, Arial, sans-serif; font-size: 14px; font-weight: 700 !important; font-style: italic !important;\">All Your Perfects</span><span class=\"a-text-bold\" style=\"color: rgb(15, 17, 17); font-family: &quot;Amazon Ember&quot;, Arial, sans-serif; font-size: 14px; font-weight: 700 !important;\">, a</span><span class=\"a-text-bold\" style=\"color: rgb(15, 17, 17); font-family: &quot;Amazon Ember&quot;, Arial, sans-serif; font-size: 14px; font-weight: 700 !important;\">&nbsp;brave and heartbreaking novel that digs its claws into you and doesnt let go, long after youve finished it (Anna Todd,&nbsp;</span><span class=\"a-text-bold a-text-italic\" style=\"color: rgb(15, 17, 17); font-family: &quot;Amazon Ember&quot;, Arial, sans-serif; font-size: 14px; font-weight: 700 !important; font-style: italic !important;\">New York Times</span><span class=\"a-text-bold\" style=\"color: rgb(15, 17, 17); font-family: &quot;Amazon Ember&quot;, Arial, sans-serif; font-size: 14px; font-weight: 700 !important;\">&nbsp;bestselling author) about a workaholic with a too-good-to-be-true romance cant stop thinking about her first love.</span><br></div>','<div><span style=\"color: rgb(15, 17, 17); font-family: &quot;Amazon Ember&quot;, Arial, sans-serif; font-size: 14px; display: inline !important;\">Lily hasnt always had it easy, but thats never stopped her from working hard for the life she wants. Shes come a long way from the small town where she grew upshe graduated from college, moved to Boston, and started her own business. And when she feels a spark with a gorgeous neurosurgeon named Ryle Kincaid, everything in Lilys life seems too good to be true.</span><br style=\"color: rgb(15, 17, 17); font-family: &quot;Amazon Ember&quot;, Arial, sans-serif; font-size: 14px;\"><br style=\"color: rgb(15, 17, 17); font-family: &quot;Amazon Ember&quot;, Arial, sans-serif; font-size: 14px;\"><span style=\"color: rgb(15, 17, 17); font-family: &quot;Amazon Ember&quot;, Arial, sans-serif; font-size: 14px; display: inline !important;\">Ryle is assertive, stubborn, maybe even a little arrogant. Hes also sensitive, brilliant, and has a total soft spot for Lily. And the way he looks in scrubs certainly doesnt hurt. Lily cant get him out of her head. But Ryles complete aversion to relationships is disturbing. Even as Lily finds herself becoming the exception to his no dating rule, she cant help but wonder what made him that way in the first place.</span><br></div>','1.jpg','2022-11-10 10:54:12.850000','2022-11-10 11:00:30.909000',_binary '',_binary '',4,389,25,3,2,3,3,11,23,0,0,6,3),(14,'Withings ScanWatch','Withings-ScanWatch','<div><ul class=\"a-unordered-list a-vertical a-spacing-mini\" style=\"margin: 0px 0px 0px 18px; color: rgb(15, 17, 17); font-family: &quot;Amazon Ember&quot;, Arial, sans-serif; font-size: 14px;\"><li style=\"list-style: disc; overflow-wrap: break-word; margin: 0px;\"><span class=\"a-list-item\">ELECTROCARDIOGRAM*  Detect atrial fibrillation or normal heart rhythm in just 30 seconds via ECG.</span></li><li style=\"list-style: disc; overflow-wrap: break-word; margin: 0px;\"><span class=\"a-list-item\">WRIST-BASED OXIMETRY  Provides on demand clinically validated oxygen saturation level (SpO2) in just 30 seconds.</span></li><li style=\"list-style: disc; overflow-wrap: break-word; margin: 0px;\"><span class=\"a-list-item\">HEART RATE TRACKING  Track heart rate continuously during workouts to optimize training, and monitor daily and overnight heart rate to help improve health over time</span></li><li style=\"list-style: disc; overflow-wrap: break-word; margin: 0px;\"><span class=\"a-list-item\">RESPIRATORY WELLNESS SCAN  track breathing issues during the night.</span></li></ul></div>','<div><ul class=\"a-unordered-list a-vertical a-spacing-mini\" style=\"margin: 0px 0px 0px 18px; color: rgb(15, 17, 17); font-family: &quot;Amazon Ember&quot;, Arial, sans-serif; font-size: 14px;\"><li style=\"list-style: disc; overflow-wrap: break-word; margin: 0px;\"><span class=\"a-list-item\">SLEEP TRACKING  Delivers a Sleep Score based on light and deep sleep cycles, sleep duration &amp; wake-ups.</span></li><li style=\"list-style: disc; overflow-wrap: break-word; margin: 0px;\"><span class=\"a-list-item\">24/7 ACTIVITY TRACKING  Dedicated workout metrics, Fitness Level via VOmax estimation, connected GPS, elevation and water resistance to 100 meters.</span></li><li style=\"list-style: disc; overflow-wrap: break-word; margin: 0px;\"><span class=\"a-list-item\">DURABLE LUXURY  This limited edition comes with a 5 year warranty and features a stainless steel case, rotating bezel, stainless steel indexes and brass hands with luminous coating and a flat sapphire glass with anti-reflection coating. It also has a combined heart rate and SpO2 sensor, 3 electrodes, an altimeter, a PMOLED screen, and a rechargeable battery that lasts up to 30 days.</span></li></ul><div class=\"a-row a-expander-container a-expander-inline-container\" style=\"width: 386.625px; color: rgb(15, 17, 17); font-family: &quot;Amazon Ember&quot;, Arial, sans-serif; font-size: 14px;\"><div aria-expanded=\"true\" class=\"a-expander-content a-expander-extend-content a-expander-content-expanded\" style=\"overflow: hidden;\"><ul class=\"a-unordered-list a-vertical a-spacing-none\" style=\"margin: 0px 0px 0px 18px;\"><li style=\"list-style: disc; overflow-wrap: break-word; margin: 0px;\"><span class=\"a-list-item\">AUTOMATIC DATA SYNC - ScanWatch seamlessly syncs with the free Health Mate app via Bluetooth. Works with Alexa, Apple Health, Google Fit, Strava and 100+ top health and fitness apps</span></li><li style=\"list-style: disc; overflow-wrap: break-word; margin: 0px;\"><span class=\"a-list-item\">SWAPPABLE WRISTBANDS - This limited edition comes with an Oyster Metal Link stainless steel wristband and an additional fluoroelastomer (FKM) wristband. You will also find a band toolkit with instructions on how to adjust the size of your metal link wristband. You can easily swap between wristbands thanks to the quick release spring bars.</span></li><li style=\"list-style: disc; overflow-wrap: break-word; margin: 0px;\"><span class=\"a-list-item\">* For US users: under the care of a physician. ECG requires a free in-app activation process. ECG is not intended for use by people under 22 years old.</span></li></ul></div></div></div>','1.jpg','2022-11-10 11:12:27.862000','2022-11-10 11:12:27.862000',_binary '',_binary '',2,399,50,3,5,3,3,14,43,4,1,4,3),(15,'Etekcity Smart WiFi Body Fat Scale','Etekcity-Smart-WiFi-Body-Fat-Scale','<div><div id=\"title_feature_div\" class=\"celwidget\" data-feature-name=\"title\" data-csa-c-type=\"widget\" data-csa-c-content-id=\"title\" data-csa-c-slot-id=\"title_feature_div\" data-csa-c-asin=\"B09HCJD6H1\" data-csa-c-is-in-initial-active-row=\"false\" data-csa-c-id=\"oeb9bk-flsy19-milnm5-qfpmz6\" data-cel-widget=\"title_feature_div\" style=\"color: rgb(15, 17, 17); font-family: &quot;Amazon Ember&quot;, Arial, sans-serif; font-size: 14px;\"><div id=\"titleSection\" class=\"a-section a-spacing-none\" style=\"margin-bottom: 0px;\"><h1 id=\"title\" class=\"a-size-large a-spacing-none\" style=\"padding: 0px; margin-right: 0px; margin-left: 0px; text-rendering: optimizelegibility; margin-bottom: 0px !important; font-size: 24px !important; line-height: 32px !important;\"><span id=\"productTitle\" class=\"a-size-large product-title-word-break\" style=\"text-rendering: optimizelegibility; word-break: break-word; line-height: 32px !important;\">Etekcity Smart WiFi Body Fat Scale, FSA HSA Approved Accurate Digital Bluetooth Scale for Body Weight, Plus Health Compositon BMI, Water, Pregnancy &amp; Baby Mode, 400 lb</span></h1><div><span class=\"a-size-large product-title-word-break\" style=\"text-rendering: optimizelegibility; word-break: break-word; line-height: 32px !important;\"><br></span></div></div></div><div id=\"bylineInfo_feature_div\" class=\"celwidget\" data-feature-name=\"bylineInfo\" data-csa-c-type=\"widget\" data-csa-c-content-id=\"bylineInfo\" data-csa-c-slot-id=\"bylineInfo_feature_div\" data-csa-c-asin=\"B09HCJD6H1\" data-csa-c-is-in-initial-active-row=\"false\" data-csa-c-id=\"3wwi66-5lgc5o-rscbgj-3cyps7\" data-cel-widget=\"bylineInfo_feature_div\" style=\"color: rgb(15, 17, 17); font-family: &quot;Amazon Ember&quot;, Arial, sans-serif; font-size: 14px;\"></div></div>','<div><ul class=\"a-unordered-list a-vertical a-spacing-mini\" style=\"margin: 0px 0px 0px 18px; color: rgb(15, 17, 17); font-family: &quot;Amazon Ember&quot;, Arial, sans-serif; font-size: 14px;\"><li style=\"list-style: disc; overflow-wrap: break-word; margin: 0px;\"><span class=\"a-list-item\">FSA / HSA eligible</span></li><li style=\"list-style: disc; overflow-wrap: break-word; margin: 0px;\"><span class=\"a-list-item\">FIRST-RATE QUALITY: Don\'t settle for less. As the selling brand of body weight scales in the US, Etekcity is known for innovative and high-performing products. Source: Stackline/Retail Intelligence, U.S. Amazon Data Market Share, February 2019-2021</span></li><li style=\"list-style: disc; overflow-wrap: break-word; margin: 0px;\"><span class=\"a-list-item\">FULL BIOMETRIC ANALYSIS: Getting thinner but not losing any weight. This is due to muscle gain and fat loss. A conventional scale won\'t show you that, but The Apex scale will. View 14 biometric measurements, including heart rate, with Etekcity Apex scale</span></li><li style=\"list-style: disc; overflow-wrap: break-word; margin: 0px;\"><span class=\"a-list-item\">FUN, INTERACTIVE DISPLAY: Unlike conventional scales, this display allows you to track progress and provides fun, interactive messages even without having to get your phone. The measurements will automatically sync to the VeSync app via wifi connection</span></li><li style=\"list-style: disc; overflow-wrap: break-word; margin: 0px;\"><span class=\"a-list-item\">JUST ASK ALEXA: \"Alexa, ask VeSync how much weight I have lost this month.\" Keep the motivation going with hands-free voice control</span></li><li style=\"list-style: disc; overflow-wrap: break-word; margin: 0px;\"><span class=\"a-list-item\">IMMERSIVE APP EXPERIENCE: Set goals and track your progress with data graphs, sync information with Apple Health, Google Fit, FitBit, MyFitnessPal, and Samsung Health. Rest assured, VeSync will not share your personal information with any third parties</span></li><li style=\"list-style: disc; overflow-wrap: break-word; margin: 0px;\"><span class=\"a-list-item\">CONSISTENT ACCURACY: Upgraded with ITO-coating for accurate results, the Apex scale guides your feet to the right place, so you don\'t have to guess anymore</span></li></ul><div class=\"a-row a-expander-container a-expander-inline-container\" style=\"width: 547.406px; color: rgb(15, 17, 17); font-family: &quot;Amazon Ember&quot;, Arial, sans-serif; font-size: 14px;\"><div aria-expanded=\"true\" class=\"a-expander-content a-expander-extend-content a-expander-content-expanded\" style=\"overflow: hidden;\"><ul class=\"a-unordered-list a-vertical a-spacing-none\" style=\"margin: 0px 0px 0px 18px;\"><li style=\"list-style: disc; overflow-wrap: break-word; margin: 0px;\"><span class=\"a-list-item\">ONE SCALE FOR THE WHOLE FAMILY: Use Zero-Current Mode to safely measure weight and BMI during pregnancy, while Baby Mode helps track baby or pet\'s growth. With unlimited user profiles for family and friends, this scale is designed with everyone in mind</span></li><li style=\"list-style: disc; overflow-wrap: break-word; margin: 0px;\"><span class=\"a-list-item\">THOUGHTFULLY DESIGNED: No batteries needed Used an average of 3x per day, the scale can last up to 6 months on a single charge. Additionally, the scale\'s arched structure provides long-lasting durability and core stability</span></li></ul></div></div></div>','1.jpg','2022-11-10 11:16:54.340000','2022-11-10 11:16:54.340000',_binary '',_binary '',5,799,25,3,4,3,4,15,18,2,1,3,3),(16,'Hudson Baby Girls\' Cotton Dress and Cardigan Set','Hudson-Baby-Girls\'-Cotton-Dress-and-Cardigan-Set','<div><h3 class=\"a-spacing-small\" style=\"padding: 0px; margin-right: 0px; margin-left: 0px; text-rendering: optimizelegibility; font-weight: bold; font-size: 17px; line-height: 1.255; font-family: &quot;Amazon Ember&quot;, Arial, sans-serif; color: rgb(15, 17, 17); margin-bottom: 10px !important;\">Hudson Baby product offering is designed to be fashion forward and made with superior fabrics to maximize your little one\'s comfort</h3></div>','<div><div class=\"celwidget aplus-module module-4 aplus-standard\" cel_widget_id=\"aplus-module-4\" data-csa-c-id=\"5lq3zn-w9whan-991fun-3vmmy9\" data-cel-widget=\"aplus-module-4\" style=\"min-width: 979px; padding-bottom: 12px; margin-bottom: 12px; color: rgb(15, 17, 17); font-family: &quot;Amazon Ember&quot;, Arial, sans-serif; font-size: 14px;\"><div data-a-expander-name=\"aplus-module-expander\" data-a-expander-collapsed-height=\"700\" class=\"a-expander-collapsed-height a-row a-expander-container a-expander-partial-collapse-container\" style=\"width: 1263.33px; overflow: hidden; position: relative; max-height: 700px;\"><div aria-expanded=\"false\" class=\"a-expander-content a-expander-partial-collapse-content\" style=\"overflow: hidden; position: relative;\"><div class=\"aplus-module-wrapper apm-fixed-width\" style=\"text-align: inherit; margin-right: auto; margin-left: auto; width: 969px;\"><div class=\"apm-spacing\"><div class=\"apm-floatleft apm-fixed-width\" style=\"width: 969px; float: left;\"><div class=\"apm-spacing\"><table class=\"apm-fixed-width apm-fourthcol-table\" style=\"width: 969px; margin-bottom: 0px !important;\"><tbody><tr><td class=\"apm-top\" style=\"vertical-align: top; padding: 3px 3px 0px 0px; height: 177.667px;\"><div class=\"apm-fourthcol\" style=\"width: 220px; float: left;\"><h4 class=\"a-spacing-mini\" style=\"padding: 0px; margin-right: 0px; margin-left: 0px; text-rendering: optimizelegibility; font-size: 17px; line-height: 1.255; font-family: inherit; margin-bottom: 6px !important;\">Hudson Baby Boy 5-Pack Bodysuit, Perfect Gentleman</h4><div>Made with 100% cotton and features fun dress me up designs.</div></div></td><td class=\"apm-top\" style=\"vertical-align: top; padding: 3px 3px 0px; height: 177.667px;\"><div class=\"apm-fourthcol\" style=\"width: 220px; float: left;\"><h4 class=\"a-spacing-mini\" style=\"padding: 0px; margin-right: 0px; margin-left: 0px; text-rendering: optimizelegibility; font-size: 17px; line-height: 1.255; font-family: inherit; margin-bottom: 6px !important;\">Hudson Baby Girl Animal Hooded Towel, Pretty Elephant</h4><div>Made with 100% cotton and features a 3D animal face on hood.</div></div></td><td class=\"apm-top\" style=\"vertical-align: top; padding: 3px 3px 0px; height: 177.667px;\"><div class=\"apm-fourthcol\" style=\"width: 220px; float: left;\"><h4 class=\"a-spacing-mini\" style=\"padding: 0px; margin-right: 0px; margin-left: 0px; text-rendering: optimizelegibility; font-size: 17px; line-height: 1.255; font-family: inherit; margin-bottom: 6px !important;\">Hudson Baby 8-Pack Boy Socks, Forest</h4><div>Made with cotton, polyester, nylon and spandex and features cute patterns, prints and solids on every sock.</div></div></td><td class=\"apm-top\" style=\"vertical-align: top; padding: 3px 0px 0px 3px; height: 177.667px;\"><div class=\"apm-fourthcol\" style=\"width: 220px; float: left;\"><h4 class=\"a-spacing-mini\" style=\"padding: 0px; margin-right: 0px; margin-left: 0px; text-rendering: optimizelegibility; font-size: 17px; line-height: 1.255; font-family: inherit; margin-bottom: 6px !important;\">Hudson Baby - Delivering Comfort &amp; Cuteness</h4><div>Our collection of baby clothing, accessories, bedding, bath towels, bibs, footwear and giftsets are the best in baby essentials. We understand what babies need and work everyday to develop more essentials so parents and caregivers can focus on their little ones.</div></div></td></tr></tbody></table><br></div></div></div></div><div style=\"clear: both;\"></div></div></div></div><div class=\"celwidget aplus-module module-5 aplus-standard\" cel_widget_id=\"aplus-module-5\" data-csa-c-id=\"yrdzdp-cjbmfa-98xuxu-gffzbn\" data-cel-widget=\"aplus-module-5\" style=\"min-width: 979px; color: rgb(15, 17, 17); font-family: &quot;Amazon Ember&quot;, Arial, sans-serif; font-size: 14px;\"><div class=\"aplus-module-wrapper apm-fixed-width\" style=\"text-align: inherit; margin-right: auto; margin-left: auto; width: 969px;\"><div class=\"apm-spacing aplus-module-content\"><div class=\"apm-tablemodule\" style=\"margin: 0px auto; width: 970px; display: table;\"></div></div></div></div></div>','1.jpg','2022-11-10 11:22:47.320000','2022-11-10 11:22:47.320000',_binary '',_binary '',5,99,50,3,2,4,3,15,25,4.5,2,5,3),(17,'Fitbit Sense 2 Advanced Health','Fitbit-Sense-2-Advanced-Health','<div><h1 id=\"title\" class=\"a-size-large a-spacing-none\" style=\"padding: 0px; margin-right: 0px; margin-left: 0px; text-rendering: optimizelegibility; color: rgb(15, 17, 17); font-family: &quot;Amazon Ember&quot;, Arial, sans-serif; margin-bottom: 0px !important; font-size: 24px !important; line-height: 32px !important;\"><span id=\"productTitle\" class=\"a-size-large product-title-word-break\" style=\"text-rendering: optimizelegibility; word-break: break-word; line-height: 32px !important;\">Fitbit Sense 2 Advanced Health and Fitness Smartwatch with Tools to Manage Stress and Sleep, ECG App, SpO2, 24/7 Heart Rate and GPS, Shadow Grey/Graphite, One Size (S &amp; L Bands Included)</span></h1></div>','<div><ul class=\"a-unordered-list a-vertical a-spacing-mini\" style=\"margin: 0px 0px 0px 18px; color: rgb(15, 17, 17); font-family: &quot;Amazon Ember&quot;, Arial, sans-serif; font-size: 14px;\"><li style=\"list-style: disc; overflow-wrap: break-word; margin: 0px;\"><span class=\"a-list-item\">Learn to manage stress, sleep better and live healthier with Sense 2our most advanced health and fitness smartwatch</span></li><li style=\"list-style: disc; overflow-wrap: break-word; margin: 0px;\"><span class=\"a-list-item\">Manage stress and live healthier: all-day stress detection with cEDA and daily Stress Management Score, ECG app for atrial fibrillation assessment(1), irregular heart rhythm notifications(2), SpO2(3), health metrics dashboard(4), menstrual health tracking and mindfulness content</span></li><li style=\"list-style: disc; overflow-wrap: break-word; margin: 0px;\"><span class=\"a-list-item\">Measure and improve sleep quality: personalized Sleep Profile(5), daily sleep stages &amp; Sleep Score, smart wake alarm and do not disturb mode</span></li><li style=\"list-style: disc; overflow-wrap: break-word; margin: 0px;\"><span class=\"a-list-item\">Enhance activity: built-in GPS and workout intensity map, Daily Readiness Score(5), Active Zone Minutes, all-day activity tracking and 24/7 heart rate, 40+ exercise modes and automatic exercise tracking</span></li><li style=\"list-style: disc; overflow-wrap: break-word; margin: 0px;\"><span class=\"a-list-item\">Designed for all-day wear: on-wrist Bluetooth calls (coming soon), texts and phone notifications(6), customizable clock faces, Fitbit Pay(7), Amazon Alexa built-in(8), Google Wallet &amp; Maps (coming soon), sleek, slim and water resistant to 50 meters, 6+ day battery &amp; fast charge(9)</span></li><li style=\"list-style: disc; overflow-wrap: break-word; margin: 0px;\"><span class=\"a-list-item\">Includes 6-month Premium membership for deeper insights &amp; guidance, exclusive workouts, mindfulness sessions and more(10)</span></li></ul></div>','1.jpg','2022-11-10 11:31:05.538000','2022-11-10 11:31:05.538000',_binary '',_binary '',5,399,25,3,5,4,4,11,36,4.5,2,4,3),(18,'Amazon Essentials Women\'s Lightweight Water','Amazon-Essentials-Women\'s-Lightweight-Water','<div><h1 id=\"title\" class=\"a-size-large a-spacing-none a-color-secondary\" style=\"padding: 0px; margin-right: 0px; margin-left: 0px; text-rendering: optimizelegibility; font-family: &quot;Amazon Ember&quot;, Arial, sans-serif; margin-bottom: 0px !important; font-size: 24px !important; line-height: 32px !important; color: rgb(86, 89, 89) !important;\"><span id=\"productTitle\" class=\"a-size-large product-title-word-break\" style=\"text-rendering: optimizelegibility; word-break: break-word; line-height: 32px !important;\">Amazon Essentials Women\'s Lightweight Water-Resistant Hooded Puffer Coat (Available in Plus Size)</span></h1></div>','<div><div>An Amazon brand - Puffer coat, this is a winter essential wardrobe staple</div><div>Amazon Essentials is focused on creating affordable, high-quality, and long-lasting everyday clothing you can rely on. Our line of women\'s apparel includes cashmere sweaters, fleece and down jackets, and more, including plus-size options. Our consistent sizing takes the guesswork out of shopping, and each piece is put to the test to maintain the highest standards in quality and comfort.</div></div>','1.jpg','2022-11-10 11:37:35.135000','2022-11-10 11:37:35.135000',_binary '',_binary '',5,279,25,3,4,4,3,6,14,0,0,5,3),(19,'BENGOO G9000 Stereo Gaming Headset','BENGOO-G9000-Stereo-Gaming-Headset','<div><h1 id=\"title\" class=\"a-size-large a-spacing-none\" style=\"padding: 0px; margin-right: 0px; margin-left: 0px; text-rendering: optimizelegibility; color: rgb(15, 17, 17); font-family: &quot;Amazon Ember&quot;, Arial, sans-serif; margin-bottom: 0px !important; font-size: 24px !important; line-height: 32px !important;\"><span id=\"productTitle\" class=\"a-size-large product-title-word-break\" style=\"text-rendering: optimizelegibility; word-break: break-word; line-height: 32px !important;\">BENGOO G9000 Stereo Gaming Headset for PS4 PC Xbox One PS5 Controller, Noise Cancelling Over Ear Headphones with Mic, LED Light, Bass Surround, Soft Memory Earmuffs for Laptop Mac Nintendo NES Games</span></h1></div>','<div><ul class=\"a-unordered-list a-vertical a-spacing-mini\" style=\"margin: 0px 0px 0px 18px; color: rgb(15, 17, 17); font-family: &quot;Amazon Ember&quot;, Arial, sans-serif; font-size: 14px;\"><li style=\"list-style: disc; overflow-wrap: break-word; margin: 0px;\"><span class=\"a-list-item\">Multi-Platform CompatibleSupport PlayStation 4, New Xbox One, PC, Nintendo 3DS, Laptop, PSP, Tablet, iPad, Computer, Mobile Phone. Please note you need an extra Microsoft Adapter (Not Included) when connect with an old version Xbox One controller.</span></li><li style=\"list-style: disc; overflow-wrap: break-word; margin: 0px;\"><span class=\"a-list-item\">Surrounding Stereo SubwooferClear sound operating strong brass, splendid ambient noise isolation and high precision 40mm magnetic neodymium driver, acoustic positioning precision enhance the sensitivity of the speaker unit, bringing you vivid sound field, sound clarity, shock feeling sound. Perfect for various games like Halo 5 Guardians, Metal Gear Solid, Call of Duty, Star Wars Battlefront, Overwatch, World of Warcraft Legion, etc.</span></li><li style=\"list-style: disc; overflow-wrap: break-word; margin: 0px;\"><span class=\"a-list-item\">Noise Isolating MicrophoneHeadset integrated onmi-directional microphone can transmits high quality communication with its premium noise-concellng feature, can pick up sounds with great sensitivity and remove the noise, which enables you clearly deliver or receive messages while you are in a game. Long flexible mic design very convenient to adjust angle of the microphone.</span></li><li style=\"list-style: disc; overflow-wrap: break-word; margin: 0px;\"><span class=\"a-list-item\">Great Humanized DesignSuperior comfortable and good air permeability protein over-ear pads, muti-points headbeam, acord with human body engineering specification can reduce hearing impairment and heat sweat.Skin friendly leather material for a longer period of wearing. Glaring LED lights desigend on the earcups to highlight game atmosphere.</span></li><li style=\"list-style: disc; overflow-wrap: break-word; margin: 0px;\"><span class=\"a-list-item\">Effortlessly Volume ControlHigh tensile strength, anti-winding braided USB cable with rotary volume controller and key microphone mute effectively prevents the 49-inches long cable from twining and allows you to control the volume easily and mute the mic as effortless volume control one key mute.</span></li></ul></div>','1.jpg','2022-11-10 11:41:51.991000','2022-11-10 11:41:51.991000',_binary '',_binary '',6,269,50,3,3,4,4,8,2,4,2,1,3),(20,'Acanva Square Premium','Acanva-Square-Premium','<div><h1 id=\"title\" class=\"a-size-large a-spacing-none\" style=\"padding: 0px; margin-right: 0px; margin-left: 0px; text-rendering: optimizelegibility; color: rgb(15, 17, 17); font-family: &quot;Amazon Ember&quot;, Arial, sans-serif; margin-bottom: 0px !important; font-size: 24px !important; line-height: 32px !important;\"><span id=\"productTitle\" class=\"a-size-large product-title-word-break\" style=\"text-rendering: optimizelegibility; word-break: break-word; line-height: 32px !important;\">Acanva Square Premium Throw Pillow Inserts with Microfiber Filled, Lumbar Support Decorative Stuffer for Sofa Bed Couch &amp; Chairs, 4 Count (Pack of 1), White</span></h1></div>','<div><ul class=\"a-unordered-list a-vertical a-spacing-mini\" style=\"margin: 0px 0px 0px 18px; color: rgb(15, 17, 17); font-family: &quot;Amazon Ember&quot;, Arial, sans-serif; font-size: 14px;\"><li style=\"list-style: disc; overflow-wrap: break-word; margin: 0px;\"><span class=\"a-list-item\">Machine Wash and Tumble Dry Low</span></li><li style=\"list-style: disc; overflow-wrap: break-word; margin: 0px;\"><span class=\"a-list-item\">SOFT&nbsp;YET SUPPORTIVE THROW PILLOW INSERTS- Filled with 100% soft polyester stuffing, ACANVA pillow inserts 24x24 inches not only provide softness, but also have high resiliency with durability. Provide you with comfort ,head, back and lumbar support.</span></li><li style=\"list-style: disc; overflow-wrap: break-word; margin: 0px;\"><span class=\"a-list-item\">GREAT FLUFFY DECORATIVE PILLOWS FOR SLEEPING, READING ECT.-Generously filled with quality polyester fiber, and sewed with high thread count fabric, ACANVA 24 x 24 pillow inserts are perfect accent for sofa, couch, chair, seat, living rooms,bedrooms and office, which can be used both indoors and outdoors.</span></li><li style=\"list-style: disc; overflow-wrap: break-word; margin: 0px;\"><span class=\"a-list-item\">100% SKIN-FRIENDLY &amp; BREATHABLE WEAR-RESISTANT MATERIAL-Our 4 pack euro pillows insert are made of 100% microfiber fill, offers a smooth and soft hand feel and skin friendly to your family and pets. It is perfect for sleepers who are allergy prone. Provides the most comfortable feel to your head and back as you unwind after a tiring day.</span></li><li style=\"list-style: disc; overflow-wrap: break-word; margin: 0px;\"><span class=\"a-list-item\">SIMPLE EASY TO CARE FOR-The throw pillow insert 24x24 inches is easy care and machine washable. Machine wash on cold, and dry on tumble dry, low temperature. Our high-quality designs match any decor and make the ultimate gift idea for men and women, Moms and Dads, Valentine\'s - Mother\'s - Father\'s Day and Christmas.</span></li><li style=\"list-style: disc; overflow-wrap: break-word; margin: 0px;\"><span class=\"a-list-item\">PACKAGE TIPS: 4 pack 24x24 inches pillow inserts are included. The package comes with a vacuum bag but restore most of its shape in seconds when you open the package. You can fluff them up manually to its full size by pressing, squeezing and folding. Or put them in the dryer on low for 5-10 minutes to get it back to its normal full fluffy shape. If you want your pillows looks fluffy, we recommend your pillowcases are smaller than the pillow inserts.</span></li></ul></div>','41mxU5VaWiS._AC_SR480,480_.jpg','2022-11-11 15:40:05.163000','2022-11-11 15:40:05.163000',_binary '',_binary '',3,397,12,4,3,4,3,14,21,5,1,9,6),(21,'Cuisinart C77WTR-15P','Cuisinart-C77WTR-15P','<div><h1 id=\"title\" class=\"a-size-large a-spacing-none\" style=\"padding: 0px; margin-right: 0px; margin-left: 0px; text-rendering: optimizelegibility; color: rgb(15, 17, 17); font-family: &quot;Amazon Ember&quot;, Arial, sans-serif; margin-bottom: 0px !important; font-size: 24px !important; line-height: 32px !important;\"><span id=\"productTitle\" class=\"a-size-large product-title-word-break\" style=\"text-rendering: optimizelegibility; word-break: break-word; line-height: 32px !important;\">Cuisinart C77WTR-15P Classic Forged Triple Rivet, 15-Piece Knife Set with Block, Superior High-Carbon Stainless Steel Blades for Precision and Accuracy, White</span></h1></div>','<div><div id=\"featurebullets_feature_div\" class=\"celwidget\" data-feature-name=\"featurebullets\" data-csa-c-type=\"widget\" data-csa-c-content-id=\"featurebullets\" data-csa-c-slot-id=\"featurebullets_feature_div\" data-csa-c-asin=\"B01ALYD1WI\" data-csa-c-is-in-initial-active-row=\"false\" data-csa-c-id=\"7zhlws-4i2067-g8tuvm-yb423n\" data-cel-widget=\"featurebullets_feature_div\" style=\"color: rgb(15, 17, 17); font-family: &quot;Amazon Ember&quot;, Arial, sans-serif; font-size: 14px;\"><div id=\"feature-bullets\" class=\"a-section a-spacing-medium a-spacing-top-small\" style=\"margin-bottom: 0px; margin-top: 8px !important;\"><ul class=\"a-unordered-list a-vertical a-spacing-mini\" style=\"margin: 0px 0px 0px 18px;\"><li style=\"list-style: disc; overflow-wrap: break-word; margin: 0px;\"><span class=\"a-list-item\">SET INCLUDES: 8-inch Chef Knife, 8-inch Slicing Knife, 7-inch Santoku Knife, 5.5-inch Utility Knife, 3.5-inch Paring Knife, 2.75-inch Bird\'s Beak Paring Knife, 4.5-inch Steak Knives (6), 8-inch Sharpening Steel, All-Purpose Household Shears and Wooden Block</span></li><li style=\"list-style: disc; overflow-wrap: break-word; margin: 0px;\"><span class=\"a-list-item\">SUPERIOR PERFORMANCE: Cuisinarts Classic Forged Triple Rivet Cutlery possesses superior high-carbon stainless steel blades for precision and accuracy</span></li><li style=\"list-style: disc; overflow-wrap: break-word; margin: 0px;\"><span class=\"a-list-item\">TOTAL CONTROL: Durable extra-wide safety bolster for perfect stability and control</span></li><li style=\"list-style: disc; overflow-wrap: break-word; margin: 0px;\"><span class=\"a-list-item\">WELL BUILT: Stainless steel rivets to secure the full-tang blade to the ergonomically designed handle</span></li><li style=\"list-style: disc; overflow-wrap: break-word; margin: 0px;\"><span class=\"a-list-item\">LIFETIME WARRANTY: Cuisinart Cutlery is warranted to be free of defects in material and workmanship under normal home use from the date of original purchase throughout the original purchasers lifetime. Please see Product Documentation below</span></li><li></li></ul><span class=\"edp-feature-declaration\" data-edp-feature-name=\"featurebullets\" data-edp-asin=\"B01ALYD1WI\" data-data-hash=\"723686196\" data-defects=\"[{&quot;id&quot;:&quot;defect-mismatch-info&quot;,&quot;value&quot;:&quot;Different from product&quot;},{&quot;id&quot;:&quot;defect-missing-information&quot;,&quot;value&quot;:&quot;Missing information&quot;},{&quot;id&quot;:&quot;defect-unessential-info&quot;,&quot;value&quot;:&quot;Unimportant information&quot;},{&quot;id&quot;:&quot;defect-other-productinfo-issue&quot;,&quot;value&quot;:&quot;Other&quot;}]\" data-metadata=\"CATALOG\" data-feature-container-id=\"\" data-custom-event-handler=\"\" data-display-name=\"Bullet Points\" data-edit-data-state=\"featureBulletsEDPEditData\" data-position=\"\" data-resolver=\"CQResolver\"></span></div></div><div id=\"provenanceCertifications_feature_div\" class=\"celwidget\" data-feature-name=\"provenanceCertifications\" data-csa-c-type=\"widget\" data-csa-c-content-id=\"provenanceCertifications\" data-csa-c-slot-id=\"provenanceCertifications_feature_div\" data-csa-c-asin=\"B01ALYD1WI\" data-csa-c-is-in-initial-active-row=\"false\" data-csa-c-id=\"s0linn-gqf5iz-405jdg-e66xok\" data-cel-widget=\"provenanceCertifications_feature_div\" style=\"color: rgb(15, 17, 17); font-family: &quot;Amazon Ember&quot;, Arial, sans-serif; font-size: 14px;\"></div><div id=\"serviceCapabilities_feature_div\" class=\"celwidget\" data-feature-name=\"serviceCapabilities\" data-csa-c-type=\"widget\" data-csa-c-content-id=\"serviceCapabilities\" data-csa-c-slot-id=\"serviceCapabilities_feature_div\" data-csa-c-asin=\"B01ALYD1WI\" data-csa-c-is-in-initial-active-row=\"false\" data-csa-c-id=\"1ndo4x-y0l9ig-527orr-m42ues\" data-cel-widget=\"serviceCapabilities_feature_div\" style=\"color: rgb(15, 17, 17); font-family: &quot;Amazon Ember&quot;, Arial, sans-serif; font-size: 14px;\"></div></div>','1.jpg','2022-11-11 15:45:39.915000','2022-11-11 15:45:39.915000',_binary '',_binary '',5,499,25,5,4,5,5,14,43,4,3,9,6),(22,'GreenPan Valencia Pro','GreenPan-Valencia-Pro','<div><h1 id=\"title\" class=\"a-size-large a-spacing-none\" style=\"padding: 0px; margin-right: 0px; margin-left: 0px; text-rendering: optimizelegibility; color: rgb(15, 17, 17); font-family: &quot;Amazon Ember&quot;, Arial, sans-serif; margin-bottom: 0px !important; font-size: 24px !important; line-height: 32px !important;\"><span id=\"productTitle\" class=\"a-size-large product-title-word-break\" style=\"text-rendering: optimizelegibility; word-break: break-word; line-height: 32px !important;\">GreenPan Valencia Pro Hard Anodized Healthy Ceramic Nonstick 11 Piece Cookware Pots and Pans Set, PFAS-Free, Induction, Dishwasher Safe, Oven Safe, Gray</span></h1></div>','<div><ul class=\"a-unordered-list a-vertical a-spacing-mini\" style=\"margin: 0px 0px 0px 18px; color: rgb(15, 17, 17); font-family: &quot;Amazon Ember&quot;, Arial, sans-serif; font-size: 14px;\"><li style=\"list-style: disc; overflow-wrap: break-word; margin: 0px;\"><span class=\"a-list-item\">Cookware Set Includes: 8\'\', 9.5\'\', 11\'\' frypans; 2 quart and 3 quart saucepans with lids; 3 quart skillet with lid; 5 quart casserole with lid</span></li><li style=\"list-style: disc; overflow-wrap: break-word; margin: 0px;\"><span class=\"a-list-item\">Infused with diamonds, GreenPans Thermolon Minerals Pro healthy ceramic nonstick coating is free of PFAS, PFOA, lead, and cadmium, so it will never release toxic fumes, even if its accidentally overheated</span></li><li style=\"list-style: disc; overflow-wrap: break-word; margin: 0px;\"><span class=\"a-list-item\">Metal utensil safe, our original diamond-infused nonstick coating offers remarkable durability, balanced heating, and effortless cleanup</span></li><li style=\"list-style: disc; overflow-wrap: break-word; margin: 0px;\"><span class=\"a-list-item\">Valencia Pro\'s Magneto Induction Bases bring incredible searing and browning to all stovetops, including induction, plus the hard anodized aluminum bodies are unbelievably durable and scratch-resistant</span></li><li style=\"list-style: disc; overflow-wrap: break-word; margin: 0px;\"><span class=\"a-list-item\">Oven and broiler safe up to 600F</span></li><li style=\"list-style: disc; overflow-wrap: break-word; margin: 0px;\"><span class=\"a-list-item\">Dishwasher safe for easy cleanup</span></li><li style=\"list-style: disc; overflow-wrap: break-word; margin: 0px;\"><span class=\"a-list-item\">Durable glass lids for easy food monitoring, oven safe up to 425F</span></li></ul></div>','71m7pTd0xYL._AC_UL232_SR232,232_.jpg','2022-11-11 15:49:51.666000','2022-11-11 15:50:39.034000',_binary '',_binary '',6,379,45,4,5,3,4,14,43,4,1,9,6),(23,'Home Essentials','Home-Essentials','<div><div id=\"featurebullets_feature_div\" class=\"celwidget\" data-feature-name=\"featurebullets\" data-csa-c-type=\"widget\" data-csa-c-content-id=\"featurebullets\" data-csa-c-slot-id=\"featurebullets_feature_div\" data-csa-c-asin=\"B00GJ8H66S\" data-csa-c-is-in-initial-active-row=\"false\" data-csa-c-id=\"c98dm0-oq56jo-3mzkzz-jmjahm\" data-cel-widget=\"featurebullets_feature_div\" style=\"color: rgb(15, 17, 17); font-family: &quot;Amazon Ember&quot;, Arial, sans-serif; font-size: 14px;\"><div id=\"feature-bullets\" class=\"a-section a-spacing-medium a-spacing-top-small\" style=\"margin-bottom: 0px; margin-top: 8px !important;\"><ul class=\"a-unordered-list a-vertical a-spacing-mini\" style=\"margin: 0px 0px 0px 18px;\"><li style=\"list-style: disc; overflow-wrap: break-word; margin: 0px;\"><span class=\"a-list-item\">Polyester</span></li><li style=\"list-style: disc; overflow-wrap: break-word; margin: 0px;\"><span class=\"a-list-item\">Casual textured fabric</span></li><li style=\"list-style: disc; overflow-wrap: break-word; margin: 0px;\"><span class=\"a-list-item\">Gently filters light while enhancing privacy</span></li><li style=\"list-style: disc; overflow-wrap: break-word; margin: 0px;\"><span class=\"a-list-item\">Grommet top design allows for easy hanging on a standard curtain rod up to 1.5\" in diameter</span></li><li style=\"list-style: disc; overflow-wrap: break-word; margin: 0px;\"><span class=\"a-list-item\">Machine washable</span></li><li style=\"list-style: disc; overflow-wrap: break-word; margin: 0px;\"><span class=\"a-list-item\">Perfect for the bedroom or living room</span></li><li style=\"list-style: disc; overflow-wrap: break-word; margin: 0px;\"><span class=\"a-list-item\">Each panel sold separately</span></li><li style=\"list-style: disc; overflow-wrap: break-word; margin: 0px;\"><span class=\"a-list-item\">Material Type : Polyester &amp; Polyester Blend</span></li><li></li></ul><span class=\"edp-feature-declaration\" data-edp-feature-name=\"featurebullets\" data-edp-asin=\"B00GJ8H66S\" data-data-hash=\"3755995049\" data-defects=\"[{&quot;id&quot;:&quot;defect-mismatch-info&quot;,&quot;value&quot;:&quot;Different from product&quot;},{&quot;id&quot;:&quot;defect-missing-information&quot;,&quot;value&quot;:&quot;Missing information&quot;},{&quot;id&quot;:&quot;defect-unessential-info&quot;,&quot;value&quot;:&quot;Unimportant information&quot;},{&quot;id&quot;:&quot;defect-other-productinfo-issue&quot;,&quot;value&quot;:&quot;Other&quot;}]\" data-metadata=\"CATALOG\" data-feature-container-id=\"\" data-custom-event-handler=\"\" data-display-name=\"Bullet Points\" data-edit-data-state=\"featureBulletsEDPEditData\" data-position=\"\" data-resolver=\"CQResolver\"></span></div></div><div id=\"provenanceCertifications_feature_div\" class=\"celwidget\" data-feature-name=\"provenanceCertifications\" data-csa-c-type=\"widget\" data-csa-c-content-id=\"provenanceCertifications\" data-csa-c-slot-id=\"provenanceCertifications_feature_div\" data-csa-c-asin=\"B00GJ8H66S\" data-csa-c-is-in-initial-active-row=\"false\" data-csa-c-id=\"p82x44-asn34c-gfe0p4-nvc205\" data-cel-widget=\"provenanceCertifications_feature_div\" style=\"color: rgb(15, 17, 17); font-family: &quot;Amazon Ember&quot;, Arial, sans-serif; font-size: 14px;\"></div><div id=\"serviceCapabilities_feature_div\" class=\"celwidget\" data-feature-name=\"serviceCapabilities\" data-csa-c-type=\"widget\" data-csa-c-content-id=\"serviceCapabilities\" data-csa-c-slot-id=\"serviceCapabilities_feature_div\" data-csa-c-asin=\"B00GJ8H66S\" data-csa-c-is-in-initial-active-row=\"false\" data-csa-c-id=\"26rff9-bd0x71-26v6tv-gjtzh2\" data-cel-widget=\"serviceCapabilities_feature_div\" style=\"color: rgb(15, 17, 17); font-family: &quot;Amazon Ember&quot;, Arial, sans-serif; font-size: 14px;\"></div></div>','<div><div>Founded in New York City in 1933 by Sam Lichtenberg, Lichtenberg is a fourth generation family owned and operated business. We are personally committed to the quality of our products, the success of our partners, and the satisfaction of our end consumers.</div><div>We supply soft window coverings in the United States, partnering with over 50 major retailers to offer some of the broadest assortment of ready-made soft window curtains in the market.</div></div><div><span style=\"font-family: &quot;Amazon Ember&quot;, Arial, sans-serif; font-size: small; display: inline !important;\">This panel is classic in every sense of the word. The Montego Casual Grommet Top Curtain Panel comes in a bevy of colors to choose from so it\'ll be easy to pick your favorite hue. This curtain panel is contemporary in styling and will look flawless in any dcor. For easy care, machine wash in cold and tumble dry. This package includes 1 curtain panel.</span><br></div>','419L6NkEcKL._AC_UF226,226_FMjpg_.jpg','2022-11-11 15:58:54.022000','2022-11-11 15:58:54.022000',_binary '',_binary '',6,1097,25,5,2,4,6,12,39,5,2,7,1),(24,'ZEISS Batis','ZEISS-Batis','<div><ul class=\"a-unordered-list a-vertical a-spacing-mini\" style=\"margin: 0px 0px 0px 18px; color: rgb(15, 17, 17); font-family: &quot;Amazon Ember&quot;, Arial, sans-serif; font-size: 14px;\"><li style=\"list-style: disc; overflow-wrap: break-word; margin: 0px;\"><span class=\"a-list-item\">VERSATILE FULL-FRAME LENS: The powerful lens for the mirrorless full-frame system of Sony fulfills the highest requirements. Despite its compact design, the image meets the expectations of professional photographers.</span></li><li style=\"list-style: disc; overflow-wrap: break-word; margin: 0px;\"><span class=\"a-list-item\">EXCELLENT RESOLUTION AND HIGH CONTRAST: Richly saturated and vivid colours are a must in the creation of lasting impressions. However, stray light within an optical system leads to a lightening of the image that is particularly noticeable in the shadows. This reduces image contrast, with the result that exposures lack contrast and appear faded. To avoid this, ZEISS combines various specially developed technologies to reduce the undesirable effects of stray light.</span></li><li style=\"list-style: disc; overflow-wrap: break-word; margin: 0px;\"><span class=\"a-list-item\">ROBUST AND WEATHERPROOF METAL CONSTRUCTION: Thanks to features that are designed to keep out dust and spray water, the lens is perfectly suited for critical outdoor conditions. It is also designed for many years of intensive use.</span></li></ul></div>','<div><span style=\"font-family: &quot;Amazon Ember&quot;, Arial, sans-serif; font-size: small; display: inline !important;\">E-mount Lens/full-frame format aperture range: f/2.8 to f/22 distant optical design Four aspherical elements seven special glass elements floating elements system Zeiss T anti-reflective coating OLED display for focus distance and DOF linear autofocus motor dust and moisture-resistant construction</span><br></div>','1.jpg','2022-11-11 16:04:02.052000','2022-11-11 16:07:19.895000',_binary '',_binary '',6,2500,10,5,6,5,6,12,39,5,1,7,1),(25,'Apple AirPods ','Apple-AirPods-','<div><h1 id=\"title\" class=\"a-size-large a-spacing-none\" style=\"padding: 0px; margin-right: 0px; margin-left: 0px; text-rendering: optimizelegibility; color: rgb(15, 17, 17); font-family: &quot;Amazon Ember&quot;, Arial, sans-serif; margin-bottom: 0px !important; font-size: 24px !important; line-height: 32px !important;\"><span id=\"productTitle\" class=\"a-size-large product-title-word-break\" style=\"text-rendering: optimizelegibility; word-break: break-word; line-height: 32px !important;\">Apple AirPods (2nd Generation) Wireless Earbuds with Lightning Charging Case Included. Over 24 Hours of Battery Life, Effortless Setup. Bluetooth Headphones for iPhone</span></h1></div>','<div><ul class=\"a-unordered-list a-vertical a-spacing-mini\" style=\"margin: 0px 0px 0px 18px; color: rgb(15, 17, 17); font-family: &quot;Amazon Ember&quot;, Arial, sans-serif; font-size: 14px;\"><li style=\"list-style: disc; overflow-wrap: break-word; margin: 0px;\"><span class=\"a-list-item\">Quick access to Siri by saying  Hey Siri </span></li><li style=\"list-style: disc; overflow-wrap: break-word; margin: 0px;\"><span class=\"a-list-item\">More than 24 hours total listening time with the Charging Case</span></li><li style=\"list-style: disc; overflow-wrap: break-word; margin: 0px;\"><span class=\"a-list-item\">Effortless setup, in-ear detection, and automatic switching for a magical experience</span></li><li style=\"list-style: disc; overflow-wrap: break-word; margin: 0px;\"><span class=\"a-list-item\">Easily share audio between two sets of AirPods on your iPhone, iPad, iPod touch, or Apple TV</span></li></ul></div>','2.jpg','2022-11-11 16:12:54.027000','2022-11-11 16:12:54.027000',_binary '',_binary '',2,590,25,4,5,6,6,12,37,4.66667,3,7,1),(26,'Keurig K-Mini Coffee','Keurig-K-Mini-Coffee','<div><h1 id=\"title\" class=\"a-size-large a-spacing-none\" style=\"padding: 0px; margin-right: 0px; margin-left: 0px; text-rendering: optimizelegibility; color: rgb(15, 17, 17); font-family: &quot;Amazon Ember&quot;, Arial, sans-serif; margin-bottom: 0px !important; font-size: 24px !important; line-height: 32px !important;\"><span id=\"productTitle\" class=\"a-size-large product-title-word-break\" style=\"text-rendering: optimizelegibility; word-break: break-word; line-height: 32px !important;\">Keurig K-Mini Coffee Maker, Single Serve K-Cup Pod Coffee Brewer, 6 to 12 oz. Brew Sizes, Black</span></h1></div>','<div><ul class=\"a-unordered-list a-vertical a-spacing-mini\" style=\"margin: 0px 0px 0px 18px; color: rgb(15, 17, 17); font-family: &quot;Amazon Ember&quot;, Arial, sans-serif; font-size: 14px;\"><li style=\"list-style: disc; overflow-wrap: break-word; margin: 0px;\"><span class=\"a-list-item\">FITS ANYWHERE: Less than 5 inches wide, perfect for small spaces</span></li><li style=\"list-style: disc; overflow-wrap: break-word; margin: 0px;\"><span class=\"a-list-item\">YOUR PERFECT AMOUNT: Brew any cup size between 6-12oz with Keurig K-Cup pods</span></li><li style=\"list-style: disc; overflow-wrap: break-word; margin: 0px;\"><span class=\"a-list-item\">ONE CUP RESERVOIR: Just add fresh water for each brew</span></li><li style=\"list-style: disc; overflow-wrap: break-word; margin: 0px;\"><span class=\"a-list-item\">FAST &amp; FRESH BREWED: Coffee made in minutes</span></li><li style=\"list-style: disc; overflow-wrap: break-word; margin: 0px;\"><span class=\"a-list-item\">CORD STORAGE: For easy transport and tidy countertops</span></li><li style=\"list-style: disc; overflow-wrap: break-word; margin: 0px;\"><span class=\"a-list-item\">TRAVEL MUG FRIENDLY: Removable drip tray accommodates travel mugs up to 7.0 inches tall and holds a full accidental brew for easy cleanup</span></li><li style=\"list-style: disc; overflow-wrap: break-word; margin: 0px;\"><span class=\"a-list-item\">ENERGY EFFICIENT: Auto off feature turns off your coffee maker 90 seconds after your last brew, helping to save energy</span></li></ul></div>','71tybZyMkuL._AC_SX679_.jpg','2022-11-11 16:19:50.659000','2022-11-11 16:20:22.864000',_binary '',_binary '',6,678,25,6,45,5,3,16,25,4,1,7,1),(27,'Timex Men\'s Expedition','Timex-Men\'s-Expedition-Acadia-Full-Size-Watch','<div><span style=\"font-family: &quot;Amazon Ember&quot;, Arial, sans-serif; font-size: small; display: inline !important;\">This clean, simple, military-inspired Timex Expedition Camper watch hasn\'t changed much since 1918. We made it a little lighter, added a nylon Fast Wrap strap with Velcro fastener, and our signature Indiglo night-light.</span><br></div>','<div><span style=\"color: rgb(15, 17, 17); font-family: &quot;Amazon Ember&quot;, Arial, sans-serif; font-size: 14px; display: inline !important;\">Summary: This is a review for the black \"Camper\" style Expedition watch with a black Velcro Fast Wrap band. This style is unique from the other Expedition Acadia watches offered by Amazon in that it has water resistance of 100M instead of 50M for the other models. I have seen some non-Amazon reviews showing this same black Timex Expedition watch with 50M water resistance, but mine is 100M. I believe that there is also a white dial version of this watch, too, that is available on Amazon, but it is listed separately from the other Acadia models.</span><br style=\"color: rgb(15, 17, 17); font-family: &quot;Amazon Ember&quot;, Arial, sans-serif; font-size: 14px;\"><br style=\"color: rgb(15, 17, 17); font-family: &quot;Amazon Ember&quot;, Arial, sans-serif; font-size: 14px;\"><span style=\"color: rgb(15, 17, 17); font-family: &quot;Amazon Ember&quot;, Arial, sans-serif; font-size: 14px; display: inline !important;\">A quick rundown of watch details: 38mm resin case, quartz movement, 100M water resistant, Indiglo, push crown at 3 o\'clock with modest protectors flanking the crown, date complication, hackable second hand, stainless steel screw down case back, Fast Wrap Velcro band, black dial, white Arabic numerals, small military time designations, flush acrylic face, white lumed minute and hour hands, and red second hand. All in all, a very simple watch design.</span><br></div>','91KRgOuTFDL._AC_UY879_.jpg','2022-11-16 12:00:46.329000','2022-11-16 12:00:46.329000',_binary '',_binary '',7,369,25,4,5,4,5,16,27,4.33333,3,10,42),(28,'Stride Rite 360','Stride-Rite-360','<span style=\"font-family: &quot;Amazon Ember&quot;, Arial, sans-serif; font-size: small;\">Introducing a pair of comfy, cute, and colorful, high-tops for your little winter lover. These kids\' snow boots are sure to make all their winter wishes come true.</span><br style=\"font-family: &quot;Amazon Ember&quot;, Arial, sans-serif; font-size: small;\"><br style=\"font-family: &quot;Amazon Ember&quot;, Arial, sans-serif; font-size: small;\"><span style=\"font-family: &quot;Amazon Ember&quot;, Arial, sans-serif; font-size: small;\">Sus primeras botas de invierno siempre sern las ms lindas, por lo que no se escatimaron detalles. Con colores contrastantes y telas ultra acogedoras y transpirables, estas botas de nieve para nios y nios pequeos tambin incluyen detalles pensados como detalles de cordones sintticos.</span><br style=\"font-family: &quot;Amazon Ember&quot;, Arial, sans-serif; font-size: small;\"><br style=\"font-family: &quot;Amazon Ember&quot;, Arial, sans-serif; font-size: small;\"><span style=\"font-family: &quot;Amazon Ember&quot;, Arial, sans-serif; font-size: small;\">          .                       .</span><br>','<ul class=\"a-unordered-list a-vertical a-spacing-mini\" style=\"margin: 0px 0px 0px 18px; color: rgb(15, 17, 17); padding: 0px; font-family: &quot;Amazon Ember&quot;, Arial, sans-serif; font-size: 14px;\"><li style=\"list-style: disc; overflow-wrap: break-word; margin: 0px;\"><span class=\"a-list-item\" style=\"overflow-wrap: break-word; display: block;\">Rubber sole</span></li><li style=\"list-style: disc; overflow-wrap: break-word; margin: 0px;\"><span class=\"a-list-item\" style=\"overflow-wrap: break-word; display: block;\">Shaft measures approximately Calf High from arch</span></li><li style=\"list-style: disc; overflow-wrap: break-word; margin: 0px;\"><span class=\"a-list-item\" style=\"overflow-wrap: break-word; display: block;\">Boot opening measures approximately 9\" around</span></li><li style=\"list-style: disc; overflow-wrap: break-word; margin: 0px;\"><span class=\"a-list-item\" style=\"overflow-wrap: break-word; display: block;\">Kids Snow Boots: These boots boast fun and functional features like contrasting colors and faux lace-up detailing designed to help kids weather the cold while looking cute</span></li><li style=\"list-style: disc; overflow-wrap: break-word; margin: 0px;\"><span class=\"a-list-item\" style=\"overflow-wrap: break-word; display: block;\">Convenient Closure: These kids\' boots come equipped with an adjustable hook and loop closure for easy on-and-off action; Oversized 9-inch openings make them extra easy to slip on</span></li><li style=\"list-style: disc; overflow-wrap: break-word; margin: 0px;\"><span class=\"a-list-item\" style=\"overflow-wrap: break-word; display: block;\">Washable: These snow boots feature a breathable, washable upper constructed of ultra-cozy, quick-drying fabric</span></li><li style=\"list-style: disc; overflow-wrap: break-word; margin: 0px;\"><span class=\"a-list-item\" style=\"overflow-wrap: break-word; display: block;\">Adjustable Fit: Equipped with a removable insole, our waterproof snow boots can easily be adjusted to accommodate wider feet; simply remove the included insole to add some extra space</span></li></ul>','1.jpg','2022-11-18 09:21:36.193000','2022-11-21 08:35:34.297000',_binary '',_binary '',6,99,35,6,6,6,4647,10,17,4,1,12,55),(30,'Alex and Ani Connections','Alex-and-Ani-Connections','<div><ul class=\"a-unordered-list a-vertical a-spacing-mini\" style=\"margin: 0px 0px 0px 18px; color: rgb(15, 17, 17); font-family: &quot;Amazon Ember&quot;, Arial, sans-serif; font-size: 14px;\"><li style=\"list-style: disc; overflow-wrap: break-word; margin: 0px;\"><span class=\"a-list-item\" style=\"overflow-wrap: break-word; display: block;\">JEWELRY FOR LOVE: Channel your power with this pair of Alex and Ani Mystical Best Friends Charm Bangles, a reminder that youll always cherish her friendship</span></li><li style=\"list-style: disc; overflow-wrap: break-word; margin: 0px;\"><span class=\"a-list-item\" style=\"overflow-wrap: break-word; display: block;\">MEANINGFUL CHARMS: This beautiful set of adjustable bangles features a black moon charm and a white sun charm that fit together to show youre connected on a soul level</span></li><li style=\"list-style: disc; overflow-wrap: break-word; margin: 0px;\"><span class=\"a-list-item\" style=\"overflow-wrap: break-word; display: block;\">SIZING AND CLOSURE: Our innovative, patented, and completely original technology replaces traditional clasps with a sliding mechanism to customize this classic bracelets size from 2\" to 3.5\" wide</span></li><li style=\"list-style: disc; overflow-wrap: break-word; margin: 0px;\"><span class=\"a-list-item\" style=\"overflow-wrap: break-word; display: block;\">COMPOSITION: Crafted with love and care in the U.S.A., these effortless accessories are based in a nickel-free brass/copper metal mix for easy care and timeless wear</span></li><li style=\"list-style: disc; overflow-wrap: break-word; margin: 0px;\"><span class=\"a-list-item\" style=\"overflow-wrap: break-word; display: block;\">YOUR UNIQUE REMINDER: Feel the love with this Alex and Ani Mystical Best Friends Charm Expandable Bangle Set, a treasured reminder that she is important to you</span></li></ul></div>','<div><span style=\"font-family: &quot;Amazon Ember&quot;, Arial, sans-serif; font-size: small; display: inline !important;\">Best friends are connected on a soul level. They are written in the stars. Like the sun and the moon - they bring balance to each other\'s force. Best friends are forever. Alex and Ani Mystical Best Friends Charm Bangles express your loyalty and connection. Crafted in our Shiny Gold finish, this set of two beautiful bangles features a black moon charm and a white sun charm that fit together. Wear it solo to make a simple statement or add it to your bangle stack. Our expandable bangles adjust from 2\" to 3.5\" in width. Innovative, patented, and completely original technology ensures a customized for each of these elegant bangle bracelets. Made in the U.S.A, these pretty charm bracelets are nickel-free and have a timeless classic design. We believe that jewelry should be a meaningful representation of who you are, and the characteristics you strive to embody. Choose the Alex and Ani Expandable Bangles as a beautiful gift to share with your best gal pal- a symbol to wear as a reminder of your adventures together, year after year.</span><br></div>','1.jpg','2022-11-22 08:53:30.140000','2022-11-25 14:13:19.969000',_binary '',_binary '',5,999,28,5,6,5,15,7,15,5,1,21,58),(31,'Sunshine Narcissus','Sunshine-Narcissus','<div><h1 id=\"title\" class=\"a-size-large a-spacing-none\" style=\"padding: 0px; margin-right: 0px; margin-left: 0px; text-rendering: optimizelegibility; color: rgb(15, 17, 17); font-family: &quot;Amazon Ember&quot;, Arial, sans-serif; margin-bottom: 0px !important; font-size: 24px !important; line-height: 32px !important;\"><span id=\"productTitle\" class=\"a-size-large product-title-word-break\" style=\"text-rendering: optimizelegibility; word-break: break-word; line-height: 32px !important;\">Sunshine Narcissus Mix 50 Bulbs</span></h1></div>','<div><h1 id=\"title\" class=\"a-size-large a-spacing-none\" style=\"padding: 0px; margin-right: 0px; margin-left: 0px; text-rendering: optimizelegibility; color: rgb(15, 17, 17); font-family: &quot;Amazon Ember&quot;, Arial, sans-serif; margin-bottom: 0px !important; font-size: 24px !important; line-height: 32px !important;\"><span id=\"productTitle\" class=\"a-size-large product-title-word-break\" style=\"text-rendering: optimizelegibility; word-break: break-word; line-height: 32px !important;\">Sunshine Narcissus Mix 50 Bulbs-Deer &amp; Rodent Resistant - 14/16 cm Bulbs</span></h1></div>','main-product.jpg','2022-12-01 18:40:46.280000','2022-12-01 18:40:46.280000',_binary '',_binary '',4,100,10,4,5,6,7,15,18,4,1,22,57);
/*!40000 ALTER TABLE `products` ENABLE KEYS */;
UNLOCK TABLES;

--
-- Table structure for table `questions`
--

DROP TABLE IF EXISTS `questions`;
/*!40101 SET @saved_cs_client     = @@character_set_client */;
/*!50503 SET character_set_client = utf8mb4 */;
CREATE TABLE `questions` (
  `id` int NOT NULL AUTO_INCREMENT,
  `answer` varchar(4096) DEFAULT NULL,
  `answer_time` datetime(6) DEFAULT NULL,
  `approved` bit(1) NOT NULL,
  `ask_time` datetime(6) DEFAULT NULL,
  `question` varchar(255) DEFAULT NULL,
  `votes` int NOT NULL,
  `answerer_id` int DEFAULT NULL,
  `asker_id` int DEFAULT NULL,
  `product_id` int DEFAULT NULL,
  PRIMARY KEY (`id`),
  KEY `FKm993xs48yltdhr0qws3s1mpdn` (`answerer_id`),
  KEY `FKfujdy3kc9esehjrifstaahivi` (`asker_id`),
  KEY `FKdnt39hlm1bcye9ivenccipd5s` (`product_id`),
  CONSTRAINT `FKdnt39hlm1bcye9ivenccipd5s` FOREIGN KEY (`product_id`) REFERENCES `products` (`id`),
  CONSTRAINT `FKfujdy3kc9esehjrifstaahivi` FOREIGN KEY (`asker_id`) REFERENCES `customers` (`id`),
  CONSTRAINT `FKm993xs48yltdhr0qws3s1mpdn` FOREIGN KEY (`answerer_id`) REFERENCES `users` (`id`)
) ENGINE=InnoDB AUTO_INCREMENT=15 DEFAULT CHARSET=utf8mb4 COLLATE=utf8mb4_0900_ai_ci;
/*!40101 SET character_set_client = @saved_cs_client */;

--
-- Dumping data for table `questions`
--

LOCK TABLES `questions` WRITE;
/*!40000 ALTER TABLE `questions` DISABLE KEYS */;
INSERT INTO `questions` VALUES (1,'PillPack is a certified US retail pharmacy with licenses in all 50 states and the District of Columbia  and we are accredited by the National Association of Boards of Pharmacy (NABP). We have pharmacy and fulfillment locations throughout the continental US, which makes it easy for us to get you what you need quickly.','2022-11-09 17:50:28.150000',_binary '','2022-11-09 17:46:56.456000','What is PillPack?',1,30,3,3),(2,'Everything is good but not suiting my requirement as i have a vision issue. Please help me with the returning of this model with another model as an exceptional case','2022-11-10 17:02:11.525000',_binary '','2022-11-10 16:54:59.763000','Is the item durable?',1,30,3,19),(3,'I didn\'t think it was anything special, people regard Lemire so much but I just didn\'t see the appeal. Feels incomplete and clich. Much better Joker stories out there.','2022-11-10 17:10:28.343000',_binary '','2022-11-10 17:10:01.148000',' Feels incomplete and clich ?',-1,30,3,16),(4,NULL,NULL,_binary '','2022-11-10 17:14:17.567000','Read in One Sitting ?',1,NULL,3,17),(5,'Yes it does. The holes for the spring pins are \"blind,\" meaning they do not go through the \"ears\" on the watch case through to the outside.\r\n\r\nFor the record, I would not call spring pins \"a quick release system.\" As likely as not when I change a watch band held in place with spring pins I struggle to get the precisio see more\r\nBy Perry W. Stout on October 4, 2020','2022-11-16 12:09:06.722000',_binary '','2022-11-16 12:08:27.096000','Does this watch\'s band have a quick release pin system?',2,30,53,27),(6,'Ah the mysterious time set. Pull the stem out to the second to last stop. BUT, it won\'t do you much good until you figure out what the numbers signify. I tried to set the \"date\" for the 15th (today) but the number 15 doesn\'t appear. And i\'ve turned that think backward and forward. I have absolutely no idea why Timex even included the feature.','2022-11-16 12:10:09.518000',_binary '','2022-11-16 12:09:41.224000','How do you set the date? I\'ve ordered 2 of these and can\'t get the date to rotate at all.',-1,30,53,27),(7,'Yes, this watch features Indiglo night-light, activated by pressing the crown.','2022-11-16 12:16:17.581000',_binary '','2022-11-16 12:15:51.689000','Does it have a night glow feature ?',1,30,52,26),(8,'It is easy to replace the band. Similar to other watches. I do not know were you can purchase velcro replacement bands','2022-11-16 12:16:54.380000',_binary '','2022-11-16 12:16:10.182000','Is replacing the band something easily done by an ordinary person, or it is better done by someone trained (in a store)?',1,30,52,26),(9,'Clasp although it does say Velcro in description\r\nAlso not for large wrists mine is on last hole and its tight Measure','2022-11-16 12:18:34.732000',_binary '','2022-11-16 12:18:15.552000','Is it a clasp or velco strap?',1,30,52,27),(10,'Absolutely. I have been staff at a camp that does all of these and it\'s going on it\'s third year. With six week intervals each summer of use. This watch is absolutely amazing.','2022-11-16 12:19:10.673000',_binary '','2022-11-16 12:18:49.429000','Will this watch stand up to a week of boyscout camp which includes swimming and rock climbing?',1,30,52,27),(11,'How customer reviews and ratings work','2022-11-21 08:44:59.594000',_binary '','2022-11-18 09:34:29.452000',' What are the dimensions of this item?',1,30,46,28),(12,'There are 0 customer reviews and 5 customer ratings.','2022-11-22 08:56:20.480000',_binary '','2022-11-22 08:55:34.522000','What are the dimensions of this item?',1,30,56,30),(13,'Hi, yes it came in a nice Alex and Ani jewelry box.','2022-11-22 09:10:30.420000',_binary '','2022-11-22 09:10:09.123000','Does this bracelet come in an Alex and ani box? Hi',-1,30,56,30),(14,'Ok','2022-12-01 18:50:03.458000',_binary '','2022-12-01 18:49:35.104000','How are you ?',0,30,56,31);
/*!40000 ALTER TABLE `questions` ENABLE KEYS */;
UNLOCK TABLES;

--
-- Table structure for table `questions_votes`
--

DROP TABLE IF EXISTS `questions_votes`;
/*!40101 SET @saved_cs_client     = @@character_set_client */;
/*!50503 SET character_set_client = utf8mb4 */;
CREATE TABLE `questions_votes` (
  `id` int NOT NULL AUTO_INCREMENT,
  `votes` int NOT NULL,
  `customer_id` int DEFAULT NULL,
  `question_id` int DEFAULT NULL,
  PRIMARY KEY (`id`),
  KEY `FK2er6vquw4ya7cl6ovtcx9vvm9` (`customer_id`),
  KEY `FKehqtpwaad8w20qfxc8aqj0uiy` (`question_id`),
  CONSTRAINT `FK2er6vquw4ya7cl6ovtcx9vvm9` FOREIGN KEY (`customer_id`) REFERENCES `customers` (`id`),
  CONSTRAINT `FKehqtpwaad8w20qfxc8aqj0uiy` FOREIGN KEY (`question_id`) REFERENCES `questions` (`id`)
) ENGINE=InnoDB AUTO_INCREMENT=15 DEFAULT CHARSET=utf8mb4 COLLATE=utf8mb4_0900_ai_ci;
/*!40101 SET character_set_client = @saved_cs_client */;

--
-- Dumping data for table `questions_votes`
--

LOCK TABLES `questions_votes` WRITE;
/*!40000 ALTER TABLE `questions_votes` DISABLE KEYS */;
INSERT INTO `questions_votes` VALUES (1,1,3,1),(2,1,3,2),(3,-1,3,3),(4,1,3,4),(5,1,53,5),(6,-1,53,6),(7,1,52,8),(8,1,52,7),(9,1,51,10),(10,1,51,9),(11,1,51,5),(12,1,46,11),(13,1,56,12),(14,-1,56,13);
/*!40000 ALTER TABLE `questions_votes` ENABLE KEYS */;
UNLOCK TABLES;

--
-- Table structure for table `reviews`
--

DROP TABLE IF EXISTS `reviews`;
/*!40101 SET @saved_cs_client     = @@character_set_client */;
/*!50503 SET character_set_client = utf8mb4 */;
CREATE TABLE `reviews` (
  `id` int NOT NULL AUTO_INCREMENT,
  `comment` varchar(4096) NOT NULL,
  `headline` varchar(128) NOT NULL,
  `rating` int NOT NULL,
  `review_time` datetime(6) NOT NULL,
  `customer_id` int DEFAULT NULL,
  `product_id` int DEFAULT NULL,
  `votes` int NOT NULL,
  PRIMARY KEY (`id`),
  KEY `FK4sm0k8kw740iyuex3vwwv1etu` (`customer_id`),
  KEY `FKpl51cejpw4gy5swfar8br9ngi` (`product_id`),
  CONSTRAINT `FK4sm0k8kw740iyuex3vwwv1etu` FOREIGN KEY (`customer_id`) REFERENCES `customers` (`id`),
  CONSTRAINT `FKpl51cejpw4gy5swfar8br9ngi` FOREIGN KEY (`product_id`) REFERENCES `products` (`id`)
) ENGINE=InnoDB AUTO_INCREMENT=37 DEFAULT CHARSET=utf8mb4 COLLATE=utf8mb4_0900_ai_ci;
/*!40101 SET character_set_client = @saved_cs_client */;

--
-- Dumping data for table `reviews`
--

LOCK TABLES `reviews` WRITE;
/*!40000 ALTER TABLE `reviews` DISABLE KEYS */;
INSERT INTO `reviews` VALUES (4,'I bought this for my 2yo to use on long road trips. One of the things I really like about it is that it hooks on to the headrest posts rather than onto the cushion part, which means that it can be used simultaneously with a mirror for her rear facing car seat! Weve used it for a couple of trips now and it has worked out great. I think the angle would be better if it was used on the back of a seat for a front facing passenger, but it still worked out well enough. It would be nice if the angle was a bit more adjustable than it is. We have an Amazon kids tab and this wont work with the case on. It isnt a huge deal yet that we have to take it out because she cant really reach it to take it out yet, but I can see that being a problem in the future once she can reach. Also, the tablet only fits in horizontally and cannot be used vertically. If you use a cell phone though, that could be (at least mine can. I suppose it depends on how tall your phone is).\r\n','Pretty Good!',4,'2022-11-09 16:59:45.457000',3,5,1),(5,'Very good tablet mount in general. Only issue is full size iPad wont fit. If you stretch it, you might get it to work assuming no protection sleeves. Personally, I will only use it for iPad mini.','Good mount for smaller tablets',3,'2022-11-09 17:05:42.145000',3,1,1),(6,'I used these 20\'\'20 inserts for 18\'\'18 covers and it worked out great.\r\n\r\nThese will not fluff immediately as soon as they come out of the pack. You will feel disheartened but wait don\'t loose hope and follow the fluffing instructions. You will not regret. they will fluff up magically.\r\n\r\nYou can use the dryer with a tennis ball to fluff them up or you can punch your pillows from all sides and in the middle for some time so that they fluff up. I used both the methods and they fluffed up really well.','Size up to make it look fuller!',4,'2022-11-10 17:07:58.989000',3,16,2),(7,'Summary: This is a review for the black \"Camper\" style Expedition watch with a black Velcro Fast Wrap band. This style is unique from the other Expedition Acadia watches offered by Amazon in that it has water resistance of 100M instead of 50M for the other models. I have seen some non-Amazon reviews showing this same black Timex Expedition watch with 50M water resistance, but mine is 100M. I believe that there is also a white dial version of this watch, too, that is available on Amazon, but it is listed separately from the other Acadia models.','Many Times, the Old-Fashioned, \"Boring\" Ones Make the Best Life Partners',4,'2022-11-16 15:24:29.482000',53,26,0),(8,'I bought this for my husband to replace an older model of the same design that he has been wearing for easily 10 years. The old watchband is a bit the worse for wear, and the glowing watch face doesn\'t work anymore, so I thought he needed an upgrade. He loved his old watch, and so he was very pleased the new one looks the same, feels the same, and has a watch face that actually lights up. I hope Timex keeps offering this style for at least another 30 years, just to keep my husband happy when I decide his old watch is too scruffy for a grown man and want to buy him another.',' Incredibly reliable watch',5,'2022-11-16 15:25:14.678000',53,25,0),(9,'Wanted a simple, casual, analog wrist watch that was sturdy, comfortable, had a light, and especially was easy to read. This watch delivered on all those points. My only gripe is that the second hand tick seems very loud. I find it distracting in quiet settings and when reading. On the other hand, the sound is helpful when counting down the time left in front plank position during core exercises, so theres the lemonade.','Easy to read, comfortable, but has a loud tick.',5,'2022-11-16 15:25:50.872000',53,23,1),(10,'This watch is comfortable to wear, stylish and takes a beating like a good field watch should. Ive worn it in the pool and at the water park for extended times For the price Im thrilled with this watch. As the old slogan says, takes a lickin and keeps on tickin.','Excellent weekend watch',4,'2022-11-16 15:26:23.427000',53,27,2),(11,'This a nice watch for the price. I work outside all day and timex has always heald up around my construction work. The band is heavy nylon and should last,\r\nthe only thing that needs improvement is that the band is cut straight across and is sharp. I just took a pair of scissors and nipped the two corners so it would be slightly curved like most watch bands. No big deal. I would still recommend.','Nice watch for the price',5,'2022-11-16 15:26:52.539000',53,21,0),(12,'It\'s a good watch, the strap just seems a bit small. It\'s so light that it feels frail while wearing.','Good watch',4,'2022-11-17 10:54:57.192000',51,27,0),(13,'This watch is superbly designed for it\'s purpose. The black resin case is very tough as is the black nylon strap. The watch is water resistant to 100m/360ft so the watch is effectively waterproof for all water based activities. The large hands and numerals are easy to read at a glance which is ideal for cycling or similar activities when a quick look is all that can be spared. The watch face includes a date window which is also large and clear. The hands are luminous and the watch also has the \'Indiglo\' backlight feature for viewing at night.','A great activity watch.',4,'2022-11-17 10:57:10.888000',51,17,0),(14,'I like walking and climbing, and I work up a bit of a sweat doing so. This did not do my previous, leather-strapped watch any good, and the whole strap fell apart (curiously around the time the battery died). I needed a new watch, quickly. The nylon strap of this time watch appealed, and the muted colour scheme looks smart. It doesn\'t even look that cheap really.',' Basic but neat timepiece',4,'2022-11-17 10:58:02.979000',51,25,0),(15,'A nice little watch at a price the means you don\'t have to worry about bashing it. The 38mm size is misleading as this includes the little protrusions near the crown and on the opposite side. Without these it is only 36mm which suits my 6.75\" wrist. The face is very clear so you can read the time at a glance. The hands have long lasting lume but obviously you have indiglo if it\'s very dark. My watch is loosing 3 seconds a week which is fine at this price point. I noticed that it lost more time if you use the backlight but this could be that the battery needs replacing as it arrived ticking and I no Idea how long it\'s been in storage. Strap is very comfortable and the whole package is as light as a feather. One thing that did impress me was that the second hand hits all the batons on the way round. I\'ve paid more in the past for watches that can\'t manage that. You can sometimes here it ticking but it\'s not at the volume of the Weekender if you are familiar with that model. I\'m very satisfied with this simple low priced watch. Only gripe; Timex, please pull the crown out before dispatch so that the watch arrives with a full battery.','Good every day watch.',4,'2022-11-17 10:58:34.867000',51,6,0),(16,'I am super disappointed with the Timex company regarding this watch. I purchased it as a gift to my aging father in June of 2019. After scarcely 6 months of regular wear, the band fell apart as you can see in the picture. ','Lasted only 6 months! Buyer Beware.',3,'2022-11-17 10:59:14.045000',51,19,0),(17,'I like my Timex Expedition watch because I can wear it daily I like its versatility because the size is quite conservative 40mm in diameter which falls into the category of classic about 9 or 10mm thick which makes it imperceptible on my wrist it is very comfortable and uses a 20mm leather strap this will make my task easier when I want to play with various combinations because it is a standard size and I can find many ( a lot !!)','A great war horse !!!!!!',4,'2022-11-17 10:59:44.162000',51,21,0),(18,'I got this watch to replace a Swiss Army watch that my husband dropped and broke. He doesn\'t like change and I needed something to keep him happy while we work on getting the other one repaired. This looks like the other, it\'s a nice sturdy (sub heavy) watch that appears to be well made and durable. The lighting feature is helpful for those time you DON\'T want your phone to light up the world (and face it, if you are still looking for an indiglo watch, your phone is not your go-to). The band is well made, stitched and appears that it will hold up well.\r\n',' This is a NICE watch!',4,'2022-11-17 11:00:09.177000',51,14,0),(19,'I have several way more experience watches and this is my new ever day watch. Very easy to read looks good and very reliable. Must have','Love this watch',2,'2022-11-17 11:00:43.266000',51,15,0),(20,'The only reason I gave this 4 stars is because his first one stopped working after just a couple of months and he thought it was the battery. After removing the back to replace, found that a part appeared to be defective and because he had removed the back apparently the warranty was negated. Liked it enough to want to get another one and so far so good.',' My husband loves this watch',3,'2022-11-17 11:01:13.677000',51,12,0),(21,'It arrived the next day! It is a gift for my Dad. I have not given the watch to him yet so I am hoping that he likes it. When I rec\'d the watch I thought it was defective bc the second hand was not moving. My bad. I did not realize I had to wind it. The seller would have returned for refund or for exchange it free of charge. No hassles. I am happy with this watch.',' Very nice watch',5,'2022-11-17 11:03:59.488000',51,16,0),(22,'Just got this in the mail so I cannot speak for longevity. But my Husband loved it, it was a Birthday gift. Looks so much nicer than the run of the mill Timex.',' Handsome Watch',2,'2022-11-17 11:04:29.000000',51,7,0),(23,'I bought these my senior year of college and I am so happy that I did. Going to the gym and dealing with the chord from the older iPhone earbuds got pretty annoying. These were super easy just to pop in without dealing with any chords. I also love the ability to double tap to skip a song while in a workout or if Im not near my phone. Ive owned these for about a year now and they have never fallen out of my ear unless I accidentally knocked it out by hitting it. The battery life is amazing! One day I realized they were dead, plugged them in before I took the trash out, and they were just about up to 70-75 when I came back. It charges super fast, but the case does die fairly fast when not plugged in. The ease of use for answering phone calls, being alerted for texts, sending texts, accessing Siri, and so much more definitely make this purchase worth it for me. I used these almost every day in college and definitely feel like I got my moneys worth!','Perfect for college!',5,'2022-11-17 11:14:37.553000',50,25,0),(24,'I have been wanting wireless AirPods from Apple for a long time. The price held me back. I tried various other AirPods with little success. These were on sale for $83! So I quickly ordered them as that was the lowest I had seen them for. They are worth every penny!!! I am so happy with them. You just open the case and they pair up with Apple IPhone or IPad. They sound great and they are the first ear pods I have had that actually fit and stay in my ears. The next generation fas extra ear adapting attachments but I didnt need them. I can hear some outside noise but its not distracting at all. I think the next generation has extra noise canceling built in. But for me, these 2nd generation AirPods are exactly what I was looking for.',' At this price, I could not say no!',5,'2022-11-17 11:15:09.746000',50,23,1),(25,'This product really gives a good first impression.\r\n- No trouble at all connecting like other Bluetooth devices where you kinda have to brace yourself to deal with trouble connecting\r\n- The battery life is great too: you can go for around 2 days without charging.\r\n- But the sound quality wasnt like ~great. Its just like the regular EarPods. No bass, no pop, just mediocre sound quality\r\nBut the more you use it, youll find more trouble: especially with the auto-connect feature\r\n- I like to watch youtube on my iPad while Im watching lectures or on a Zoom call.\r\n- And these Air Pods really struggle with, which devices am I gonna connect to.\r\n- Its kinda annoying to have to manually switch between devices (and it lagged too)\r\n- I think this is kinda short-sighted of Apple since its pretty clear that their users are likely to have an ecosystem of Apple products already and like to use them simultaneously.\r\n2nd problem: you dont know if its connected or not','A good but not perfect product',5,'2022-11-17 11:15:55.122000',50,24,0),(26,'Every ear bud I have tried to wiggle and shove in my ears popped right out. That includes a pair of Apple Air pod pros I received as a gift. The only ones that worked were the over the ear type and I could never really find a pair with good sound.\r\nThen the generous person that bought me the pros exchanged them for the Air Pod 3\'s. Like magic they sort of sat in my ears and did not come out!\r\nWhile I liked the 3\'s they became a bit uncomfortable after about 15 minutes or so. A friend suggested the 2s and that was the pair for me. They are smaller than the 3\'s and felt good no matter how long I wore them.','My Choice in 2022!',2,'2022-11-17 11:16:22.108000',50,12,0),(27,'First off, Airpods are great. Seamless connection, great sound quality, compact and high quality design you always receive from apple.',' Best Price Around ',5,'2022-11-17 11:16:57.922000',50,20,0),(28,'Look at the box. If they are A2032, A2031 or A1602, they are Gen2.','CORRECTION: These are gen2',5,'2022-11-17 11:17:22.476000',50,19,0),(29,'Reu une paire dans une vraie bote Apple, mais avec des couteurs qui sont clairement des faux. L\'tui n\'entre pas dans la bote d\'origine et les couteurs ne chargent pas. Batterie  10% aprs 24h de charge. Plusieurs diffrences avec des vrais, mais en vrifiant comme il faut.  surveiller!',' Faux Apple  surveiller!',5,'2022-11-17 11:17:45.497000',50,17,0),(30,'If you\'re buying these for on the go, don\'t. If your phone is in your pants pocket they don\'t have a stable connection when outside and there\'s nothing for the bluetooth to bounce off. Pretty useless for walks or commuting on foot.',' Don\'t work outside',3,'2022-11-17 11:18:12.896000',50,21,0),(31,'I have been wanting wireless AirPods from Apple for a long time. The price held me back. I tried various other AirPods with little success. These were on sale for $83! So I quickly ordered them as that was the lowest I had seen them for. They are worth every penny!!! I am so happy with them. You just open the case and they pair up with Apple IPhone or IPad. They sound great and they are the first ear pods I have had that actually fit and stay in my ears. The next generation fas extra ear adapting attachments but I didnt need them. I can hear some outside noise but its not distracting at all. I think the next generation has extra noise canceling built in. But for me, these 2nd generation AirPods are exactly what I was looking for.',' At this price, I could not say no!',3,'2022-11-17 11:18:49.641000',50,6,0),(32,'Taking the Apple AirPods at face value, they\'re a solid headset for the money! If you already have the original, first generation AirPods and just want to upgrade, not a bad option either. The 2nd generation AirPods feature an improved software chip & runs off of BlueTooth 5.0 vs 4.1 (Gen 1). The software chip allows a faster, stronger, and more stable connection with your device(s). This particular item for $139.00 does NOT feature the wireless charging case. This one must be plugged in via USB (cable provided in the box) to an outlet or USB port. The wireless charging case model is $169. Now if you\'re looking to upgrade to the wireless charging case later on, you can. Apple does sell it separately. If you want the wireless charging option right out of the box, I recommend sending the $169 vs the $139 product here.','100% honest review',4,'2022-11-17 11:19:22.088000',50,22,0),(33,'I just got these ear buds because I was told that I needed some to listen to music at work. It was a standing rule for everyone in the office. I have been using them every day at work and they are great. I discovered that I don\'t have to bring my phone with me if I go across the office to the breakroom, or the rest room. Since I only have one ear bud in at a time, they last pretty much all day.',' Perfect Ear Buds for Work',5,'2022-11-17 11:19:49.257000',50,27,1),(34,'This is the second round of these boots I bought for my kids. They are comfortable for all day at school, like sneakers. Perfect for wet days, feet stay dry and warm. They are not snow boots. We live in Boston and they are not for more than an inch or two of snow. I buy separate true snow boots for ',' Great boots for fall and winter, but too short for deep snow.',4,'2022-11-18 09:33:45.149000',46,28,1),(35,'Perfect gift for God daughter! She loved it as personal n thoughtful momentum special birthday/graduation!','Awesome gift!',5,'2022-11-22 09:08:59.209000',56,30,-1),(36,'Good!','Compact, sturdy',4,'2022-12-01 18:48:38.007000',56,31,-1);
/*!40000 ALTER TABLE `reviews` ENABLE KEYS */;
UNLOCK TABLES;

--
-- Table structure for table `reviews_votes`
--

DROP TABLE IF EXISTS `reviews_votes`;
/*!40101 SET @saved_cs_client     = @@character_set_client */;
/*!50503 SET character_set_client = utf8mb4 */;
CREATE TABLE `reviews_votes` (
  `id` int NOT NULL AUTO_INCREMENT,
  `votes` int NOT NULL,
  `customer_id` int DEFAULT NULL,
  `review_id` int DEFAULT NULL,
  PRIMARY KEY (`id`),
  KEY `FKckuygkph4k9llo624gn30lxvy` (`customer_id`),
  KEY `FKosupda11xqkvo80r77evmwrey` (`review_id`),
  CONSTRAINT `FKckuygkph4k9llo624gn30lxvy` FOREIGN KEY (`customer_id`) REFERENCES `customers` (`id`),
  CONSTRAINT `FKosupda11xqkvo80r77evmwrey` FOREIGN KEY (`review_id`) REFERENCES `reviews` (`id`)
) ENGINE=InnoDB AUTO_INCREMENT=16 DEFAULT CHARSET=utf8mb4 COLLATE=utf8mb4_0900_ai_ci;
/*!40101 SET character_set_client = @saved_cs_client */;

--
-- Dumping data for table `reviews_votes`
--

LOCK TABLES `reviews_votes` WRITE;
/*!40000 ALTER TABLE `reviews_votes` DISABLE KEYS */;
INSERT INTO `reviews_votes` VALUES (1,1,3,5),(3,1,3,4),(4,1,3,6),(5,1,51,10),(6,-1,51,12),(7,1,50,33),(8,1,50,10),(9,1,50,12),(10,1,50,6),(11,1,50,9),(12,1,50,24),(13,1,46,34),(14,-1,56,35),(15,-1,56,36);
/*!40000 ALTER TABLE `reviews_votes` ENABLE KEYS */;
UNLOCK TABLES;

--
-- Table structure for table `roles`
--

DROP TABLE IF EXISTS `roles`;
/*!40101 SET @saved_cs_client     = @@character_set_client */;
/*!50503 SET character_set_client = utf8mb4 */;
CREATE TABLE `roles` (
  `id` int NOT NULL AUTO_INCREMENT,
  `name` varchar(40) NOT NULL,
  `description` varchar(150) NOT NULL,
  PRIMARY KEY (`id`),
  UNIQUE KEY `UK_ofx66keruapi6vyqpv6f2or37` (`name`)
) ENGINE=InnoDB AUTO_INCREMENT=6 DEFAULT CHARSET=utf8mb4 COLLATE=utf8mb4_0900_ai_ci;
/*!40101 SET character_set_client = @saved_cs_client */;

--
-- Dumping data for table `roles`
--

LOCK TABLES `roles` WRITE;
/*!40000 ALTER TABLE `roles` DISABLE KEYS */;
INSERT INTO `roles` VALUES (1,'Admin','Manage everything'),(2,'Salesperson','Manage product price, customers, shipping, orders and sales report'),(3,'Editor','Manage categories, brands, products, articles and menus'),(4,'Shipper','View products, view orders and update order status'),(5,'Assistant','Manage questions and reviews');
/*!40000 ALTER TABLE `roles` ENABLE KEYS */;
UNLOCK TABLES;

--
-- Table structure for table `sections`
--

DROP TABLE IF EXISTS `sections`;
/*!40101 SET @saved_cs_client     = @@character_set_client */;
/*!50503 SET character_set_client = utf8mb4 */;
CREATE TABLE `sections` (
  `id` int NOT NULL AUTO_INCREMENT,
  `description` varchar(2048) NOT NULL,
  `enabled` bit(1) NOT NULL,
  `heading` varchar(256) NOT NULL,
  `section_order` int DEFAULT NULL,
  `type` varchar(255) DEFAULT NULL,
  PRIMARY KEY (`id`),
  UNIQUE KEY `UK_i816mxaoddmtveofp1qjbnngf` (`heading`)
) ENGINE=InnoDB AUTO_INCREMENT=8 DEFAULT CHARSET=utf8mb4 COLLATE=utf8mb4_0900_ai_ci;
/*!40101 SET character_set_client = @saved_cs_client */;

--
-- Dumping data for table `sections`
--

LOCK TABLES `sections` WRITE;
/*!40000 ALTER TABLE `sections` DISABLE KEYS */;
INSERT INTO `sections` VALUES (1,'Explore Popular Categories',_binary '','Explore Popular Categories',2,'ALL_CATEGORIES'),(2,'Top Brands',_binary '','Top Brands',4,'BRAND'),(3,'Sales Up Products',_binary '','Featured Products',1,'PRODUCT'),(4,'Category',_binary '','Top Category',3,'CATEGORY');
/*!40000 ALTER TABLE `sections` ENABLE KEYS */;
UNLOCK TABLES;

--
-- Table structure for table `sections_articles`
--

DROP TABLE IF EXISTS `sections_articles`;
/*!40101 SET @saved_cs_client     = @@character_set_client */;
/*!50503 SET character_set_client = utf8mb4 */;
CREATE TABLE `sections_articles` (
  `id` int NOT NULL AUTO_INCREMENT,
  `article_order` int DEFAULT NULL,
  `article_id` int DEFAULT NULL,
  `section_id` int DEFAULT NULL,
  PRIMARY KEY (`id`),
  KEY `FKguoivqg4rnmm8nilb12x40ygh` (`article_id`),
  KEY `FKnbym8cke5rnxjm8bdi70dapl` (`section_id`),
  CONSTRAINT `FKguoivqg4rnmm8nilb12x40ygh` FOREIGN KEY (`article_id`) REFERENCES `articles` (`id`),
  CONSTRAINT `FKnbym8cke5rnxjm8bdi70dapl` FOREIGN KEY (`section_id`) REFERENCES `sections` (`id`)
) ENGINE=InnoDB AUTO_INCREMENT=2 DEFAULT CHARSET=utf8mb4 COLLATE=utf8mb4_0900_ai_ci;
/*!40101 SET character_set_client = @saved_cs_client */;

--
-- Dumping data for table `sections_articles`
--

LOCK TABLES `sections_articles` WRITE;
/*!40000 ALTER TABLE `sections_articles` DISABLE KEYS */;
/*!40000 ALTER TABLE `sections_articles` ENABLE KEYS */;
UNLOCK TABLES;

--
-- Table structure for table `sections_brands`
--

DROP TABLE IF EXISTS `sections_brands`;
/*!40101 SET @saved_cs_client     = @@character_set_client */;
/*!50503 SET character_set_client = utf8mb4 */;
CREATE TABLE `sections_brands` (
  `id` int NOT NULL AUTO_INCREMENT,
  `brand_order` int DEFAULT NULL,
  `brand_id` int DEFAULT NULL,
  `section_id` int DEFAULT NULL,
  PRIMARY KEY (`id`),
  KEY `FK63hur81l4do6ck6x015gp3cuu` (`brand_id`),
  KEY `FK68eeev3m314v82j0st116ftm9` (`section_id`),
  CONSTRAINT `FK63hur81l4do6ck6x015gp3cuu` FOREIGN KEY (`brand_id`) REFERENCES `brands` (`id`),
  CONSTRAINT `FK68eeev3m314v82j0st116ftm9` FOREIGN KEY (`section_id`) REFERENCES `sections` (`id`)
) ENGINE=InnoDB AUTO_INCREMENT=14 DEFAULT CHARSET=utf8mb4 COLLATE=utf8mb4_0900_ai_ci;
/*!40101 SET character_set_client = @saved_cs_client */;

--
-- Dumping data for table `sections_brands`
--

LOCK TABLES `sections_brands` WRITE;
/*!40000 ALTER TABLE `sections_brands` DISABLE KEYS */;
INSERT INTO `sections_brands` VALUES (1,0,15,2),(2,1,17,2),(3,2,13,2),(4,3,11,2),(5,4,10,2),(6,5,7,2),(7,6,8,2),(8,7,6,2),(9,8,9,2),(10,9,16,2),(11,10,12,2),(12,11,14,2);
/*!40000 ALTER TABLE `sections_brands` ENABLE KEYS */;
UNLOCK TABLES;

--
-- Table structure for table `sections_categories`
--

DROP TABLE IF EXISTS `sections_categories`;
/*!40101 SET @saved_cs_client     = @@character_set_client */;
/*!50503 SET character_set_client = utf8mb4 */;
CREATE TABLE `sections_categories` (
  `id` int NOT NULL AUTO_INCREMENT,
  `category_order` int DEFAULT NULL,
  `category_id` int DEFAULT NULL,
  `section_id` int DEFAULT NULL,
  PRIMARY KEY (`id`),
  KEY `FK4oqn5st47mm34yvnt3criccsh` (`category_id`),
  KEY `FK7ivge0x7bydfh10vw3d0n837j` (`section_id`),
  CONSTRAINT `FK4oqn5st47mm34yvnt3criccsh` FOREIGN KEY (`category_id`) REFERENCES `categories` (`id`),
  CONSTRAINT `FK7ivge0x7bydfh10vw3d0n837j` FOREIGN KEY (`section_id`) REFERENCES `sections` (`id`)
) ENGINE=InnoDB AUTO_INCREMENT=12 DEFAULT CHARSET=utf8mb4 COLLATE=utf8mb4_0900_ai_ci;
/*!40101 SET character_set_client = @saved_cs_client */;

--
-- Dumping data for table `sections_categories`
--

LOCK TABLES `sections_categories` WRITE;
/*!40000 ALTER TABLE `sections_categories` DISABLE KEYS */;
INSERT INTO `sections_categories` VALUES (1,0,10,4),(2,1,17,4),(3,2,23,4),(4,3,5,4),(5,4,30,4),(6,5,32,4),(7,6,31,4),(8,7,33,4),(9,8,34,4);
/*!40000 ALTER TABLE `sections_categories` ENABLE KEYS */;
UNLOCK TABLES;

--
-- Table structure for table `sections_products`
--

DROP TABLE IF EXISTS `sections_products`;
/*!40101 SET @saved_cs_client     = @@character_set_client */;
/*!50503 SET character_set_client = utf8mb4 */;
CREATE TABLE `sections_products` (
  `id` int NOT NULL AUTO_INCREMENT,
  `product_order` int DEFAULT NULL,
  `product_id` int DEFAULT NULL,
  `section_id` int DEFAULT NULL,
  PRIMARY KEY (`id`),
  KEY `FKl5lf8i896cqdnc9shitywps2l` (`product_id`),
  KEY `FKjmh450o9k6x0hrmrumemucg1b` (`section_id`),
  CONSTRAINT `FKjmh450o9k6x0hrmrumemucg1b` FOREIGN KEY (`section_id`) REFERENCES `sections` (`id`),
  CONSTRAINT `FKl5lf8i896cqdnc9shitywps2l` FOREIGN KEY (`product_id`) REFERENCES `products` (`id`)
) ENGINE=InnoDB AUTO_INCREMENT=9 DEFAULT CHARSET=utf8mb4 COLLATE=utf8mb4_0900_ai_ci;
/*!40101 SET character_set_client = @saved_cs_client */;

--
-- Dumping data for table `sections_products`
--

LOCK TABLES `sections_products` WRITE;
/*!40000 ALTER TABLE `sections_products` DISABLE KEYS */;
INSERT INTO `sections_products` VALUES (2,0,17,3),(3,1,19,3),(4,2,6,3),(5,3,15,3),(6,4,12,3);
/*!40000 ALTER TABLE `sections_products` ENABLE KEYS */;
UNLOCK TABLES;

--
-- Table structure for table `settings`
--

DROP TABLE IF EXISTS `settings`;
/*!40101 SET @saved_cs_client     = @@character_set_client */;
/*!50503 SET character_set_client = utf8mb4 */;
CREATE TABLE `settings` (
  `key` varchar(128) NOT NULL,
  `value` varchar(1024) NOT NULL,
  `category` varchar(45) NOT NULL,
  PRIMARY KEY (`key`)
) ENGINE=InnoDB DEFAULT CHARSET=utf8mb4 COLLATE=utf8mb4_0900_ai_ci;
/*!40101 SET character_set_client = @saved_cs_client */;

--
-- Dumping data for table `settings`
--

LOCK TABLES `settings` WRITE;
/*!40000 ALTER TABLE `settings` DISABLE KEYS */;
INSERT INTO `settings` VALUES ('CURRENCY_ID','1','CURRENCY'),('CURRENCY_SYMBOL','$','CURRENCY'),('CURRENCY_SYMBOL_POSITION','Before price','CURRENCY'),('CUSTOMER_VERIFY_CONTENT','<b>&nbsp; &nbsp; &nbsp; Dear [[name]],</b><div><i><b><br></b></i></div><div><i><b>&nbsp;Click the link below to verify your registration:</b></i></div><div><i><b><br></b></i></div>\r\n\r\n\r\n&nbsp; <a href=\"[[URL]]\" target=\"_self\">VERIFY</a><a href=\"[[URL]]\" target=\"_self\"></a><h3></h3><div><br></div><a href=\"[[URL]]\" target=\"_self\"></a><div><b>&nbsp;Best Regard,</b></div><div><b>&nbsp;The Aptech Team.</b></div>','MAIL_TEMPLATES'),('CUSTOMER_VERIFY_SUBJECT','Please verify your registration to continue Revel eCommerce-Multi Vendor','MAIL_TEMPLATES'),('DECIMAL_DIGITS','2','CURRENCY'),('DECIMAL_POINT_TYPE','POINT','CURRENCY'),('MAIL_FROM','aptech.amazonbook@gmail.com','MAIL_SERVER'),('MAIL_HOST','smtp.gmail.com','MAIL_SERVER'),('MAIL_PASSWORD','fgfexbtvnqboebat','MAIL_SERVER'),('MAIL_PORT','587','MAIL_SERVER'),('MAIL_SENDER_NAME','The Aptech Team','MAIL_SERVER'),('MAIL_USERNAME','aptech.amazonbook@gmail.com','MAIL_SERVER'),('ORDER_CONFIRMATION_CONTENT','&nbsp; &nbsp; &nbsp; &nbsp; Dear [[name]],&nbsp;<div>&nbsp;This email is to confirm that you have successfully placed an order through our website. Please review the following order summary:<div><br></div></div><div>- Order ID: [[orderId]]</div><div>- Order time: [[orderTime]]</div><div>- Ship to: [[shippingAddress]]</div><div>- Total: [[total]]</div><div>- Payment method: [[paymentMethod]]</div><div><br></div><div>We\'re currently processing your order. Click here to view full details of your order on our website (login required).</div><div><br></div><div>Thanks for purchasing products at&nbsp;<span style=\"background-color: rgb(30, 30, 30); color: rgb(212, 212, 212); font-family: Consolas, &quot;Courier New&quot;, monospace; font-size: 14px; white-space: pre;\">Revel eCommerce-Multi Vendor</span></div><div><b>The Aptech Team.</b></div>','MAIL_TEMPLATES'),('ORDER_CONFIRMATION_SUBJECT','[The Aptech Team] Purchase Confirmation of your order ID #[[orderId]]','MAIL_TEMPLATES'),('PAYPAL_API_BASE_URL','https://api-m.sandbox.paypal.com','PAYMENT'),('PAYPAL_API_CLIENT_ID','AVrNYKEuIxaJqdoYptMfy8ENDvwBc93u0ClhROkZz_J0sX3-Wa6vCv0s85WDO10e4GyVJo_UnTni47mq','PAYMENT'),('PAYPAL_API_CLIENT_SECRET','EFNVxb4GD57B_OLyw6nYsDJ6l-S08Dk8-l7qJMAf9pvEv5T-UkSMpjjsQoxGMFKVGTuAqe6mgj3Rfpox','PAYMENT'),('SITE_LOGO','/site-logo/Logo-2.png','GENERAL'),('SITE_NAME','Aptech.com','GENERAL'),('SMTP_AUTH','true','MAIL_SERVER'),('SMTP_SECURED','true','MAIL_SERVER'),('THOUSANDS_POINT_TYPE','POINT','CURRENCY');
/*!40000 ALTER TABLE `settings` ENABLE KEYS */;
UNLOCK TABLES;

--
-- Table structure for table `shipping_rates`
--

DROP TABLE IF EXISTS `shipping_rates`;
/*!40101 SET @saved_cs_client     = @@character_set_client */;
/*!50503 SET character_set_client = utf8mb4 */;
CREATE TABLE `shipping_rates` (
  `id` int NOT NULL AUTO_INCREMENT,
  `country_id` int DEFAULT NULL,
  `state` varchar(45) NOT NULL,
  `rate` float NOT NULL,
  `days` int NOT NULL,
  `cod_supported` bit(1) DEFAULT NULL,
  PRIMARY KEY (`id`),
  KEY `FKef7sfgeybt3xn13nlt2j6sljw` (`country_id`),
  CONSTRAINT `FKef7sfgeybt3xn13nlt2j6sljw` FOREIGN KEY (`country_id`) REFERENCES `countries` (`id`)
) ENGINE=InnoDB AUTO_INCREMENT=34 DEFAULT CHARSET=utf8mb4 COLLATE=utf8mb4_0900_ai_ci;
/*!40101 SET character_set_client = @saved_cs_client */;

--
-- Dumping data for table `shipping_rates`
--

LOCK TABLES `shipping_rates` WRITE;
/*!40000 ALTER TABLE `shipping_rates` DISABLE KEYS */;
INSERT INTO `shipping_rates` VALUES (2,234,'New York',10,7,_binary ''),(3,234,'Florida',12,6,_binary '\0'),(5,242,'Hanoi',3.98,2,_binary ''),(6,234,'California',11.56,6,_binary '\0'),(7,242,'Hai Phong',3.93,2,_binary '\0'),(8,242,'Bac Giang',4.12,2,_binary '\0'),(9,242,'Phu Tho',4.21,3,_binary '\0'),(10,242,'Thanh Hoa',3.52,1,_binary ''),(11,106,'Karnataka',8.22,5,_binary '\0'),(12,106,'Maharashtra',8.69,5,_binary ''),(13,106,'Meghalaya',8.1,4,_binary '\0'),(14,106,'Punjab',7.89,3,_binary ''),(15,106,'Tamil Nadu',8.25,4,_binary '\0'),(16,106,'Telangana',7.72,4,_binary '\0'),(17,242,'Da Nang',0.5,1,_binary ''),(18,234,'Ohio',11.5,8,_binary ''),(19,78,'London',9.88,6,_binary ''),(20,106,'Delhi',8.45,5,_binary ''),(21,106,'West Bengal',8.88,5,_binary ''),(22,78,'Barton',7.78,6,_binary ''),(23,106,'Andhra Pradesh',8.12,6,_binary ''),(24,234,'Tennessee',12,8,_binary ''),(25,234,'Massachusetts',11.85,7,_binary ''),(26,14,'Queensland',4.99,5,_binary '\0'),(27,199,'Singapore',3.33,3,_binary ''),(28,39,'British Columbia',9.88,7,_binary ''),(29,14,'New South Wales',4.57,6,_binary ''),(30,234,'Illinois',13,9,_binary ''),(32,242,'Ho Chi Minh City',3,5,_binary ''),(33,234,'New Jersey',15,10,_binary '');
/*!40000 ALTER TABLE `shipping_rates` ENABLE KEYS */;
UNLOCK TABLES;

--
-- Table structure for table `shops`
--

DROP TABLE IF EXISTS `shops`;
/*!40101 SET @saved_cs_client     = @@character_set_client */;
/*!50503 SET character_set_client = utf8mb4 */;
CREATE TABLE `shops` (
  `id` int NOT NULL AUTO_INCREMENT,
  `alias` varchar(255) NOT NULL,
  `created_time` datetime(6) DEFAULT NULL,
  `delivery_address` varchar(64) NOT NULL,
  `enabled` bit(1) NOT NULL,
  `name` varchar(255) NOT NULL,
  `customer_id` int DEFAULT NULL,
  `image` varchar(255) NOT NULL,
  PRIMARY KEY (`id`),
  UNIQUE KEY `UK_ar5yyuartm46e1brh920fpfiv` (`name`),
  KEY `FKrw9f7c3cun0p6x4qauhd8ihxw` (`customer_id`),
  CONSTRAINT `FKrw9f7c3cun0p6x4qauhd8ihxw` FOREIGN KEY (`customer_id`) REFERENCES `customers` (`id`)
) ENGINE=InnoDB AUTO_INCREMENT=23 DEFAULT CHARSET=utf8mb4 COLLATE=utf8mb4_0900_ai_ci;
/*!40101 SET character_set_client = @saved_cs_client */;

--
-- Dumping data for table `shops`
--

LOCK TABLES `shops` WRITE;
/*!40000 ALTER TABLE `shops` DISABLE KEYS */;
INSERT INTO `shops` VALUES (1,'Computer & Accessories','2022-11-10 10:41:49.914000','Ho Chi Minh - Viet Nam',_binary '','FPT Shop',3,'a31071a038cd244e602f3c7f0f827688_tn.jpg'),(2,'Mobile & Gadgets','2022-11-10 10:41:39.153000','Ho Chi Minh - Viet Nam',_binary '','Thegioididong.com',3,'a31071a038cd244e602f3c7f0f827688_tn.jpg'),(3,'Consumer Electronics','2022-11-10 10:41:31.557000','Ho Chi Minh - Viet Nam',_binary '','Viettel Store',3,'a31071a038cd244e602f3c7f0f827688_tn.jpg'),(4,'Get the items you ordered or get your money back.','2022-11-10 10:41:24.096000','Ho Chi Minh - Viet Nam',_binary '','Shopee Guarantee',3,'a31071a038cd244e602f3c7f0f827688_tn.jpg'),(5,'minminstore96','2022-11-10 10:41:16.764000','Ho Chi Minh - Viet Nam',_binary '','minminstore96',3,'a31071a038cd244e602f3c7f0f827688_tn.jpg'),(6,'fashionalloy.vn','2022-11-10 10:41:06.677000','Ho Chi Minh - Viet Nam',_binary '','fashionalloy.vn',3,'a31071a038cd244e602f3c7f0f827688_tn.jpg'),(7,'Shopee GuaranteeGet the items you ordered or get your money back.','2022-11-11 15:53:44.847000','Ho Chi Minh - Viet Nam',_binary '','iowa025.vn',1,'1.jpg'),(9,'HEINEKEN OFFICIAL','2022-11-11 15:35:53.439000','2446 Sharon Lane',_binary '','HEINEKEN OFFICIAL',6,'1.jpg'),(10,'Adjustable black & brown 20 millimeter genuine leather and fabric strap fits up to 8-inch wrist circumference','2022-11-16 11:56:47.353000','Ho Chi Minh - Viet Nam',_binary '','shopchuyensi20061990',42,'shop_logo.jpg'),(12,'OLEVS Official Store','2022-11-18 09:20:12.576000','Ho Chi Minh - Viet Nam',_binary '','OLEVS Official Store',55,'shop_logo.jpg'),(21,'o th thao Croptop sao vng Vit Nam cc tay','2022-11-22 08:50:42.201000','Ho Chi Minh - Viet Nam',_binary '','gladimax',58,'shop_logo.png'),(22,'Flower Shop','2022-12-01 18:37:12.988000','HCM',_binary '','Flower Shop',57,'extras1.jpg');
/*!40000 ALTER TABLE `shops` ENABLE KEYS */;
UNLOCK TABLES;

--
-- Table structure for table `states`
--

DROP TABLE IF EXISTS `states`;
/*!40101 SET @saved_cs_client     = @@character_set_client */;
/*!50503 SET character_set_client = utf8mb4 */;
CREATE TABLE `states` (
  `id` int NOT NULL AUTO_INCREMENT,
  `name` varchar(45) NOT NULL,
  `country_id` int DEFAULT NULL,
  PRIMARY KEY (`id`),
  KEY `FKskkdphjml9vjlrqn4m5hi251y` (`country_id`),
  CONSTRAINT `FKskkdphjml9vjlrqn4m5hi251y` FOREIGN KEY (`country_id`) REFERENCES `countries` (`id`)
) ENGINE=InnoDB AUTO_INCREMENT=311 DEFAULT CHARSET=utf8mb4 COLLATE=utf8mb4_0900_ai_ci;
/*!40101 SET character_set_client = @saved_cs_client */;

--
-- Dumping data for table `states`
--

LOCK TABLES `states` WRITE;
/*!40000 ALTER TABLE `states` DISABLE KEYS */;
INSERT INTO `states` VALUES (1,'Ha Noi',242),(2,'Da Nang',242),(3,'New York',234),(4,'California',234),(5,'Ho Chi Minh City',242),(6,'Hai Phong',242),(7,'Bac Giang',242),(8,'Son La',242),(9,'Quang Ninh',242),(10,'Nghe An',242),(12,'Utah',234),(13,'Washington',234),(14,'Florida',234),(15,'Illinois',234),(16,'Texas',234),(18,'Colorado',234),(19,'Alaska',234),(20,'Can Tho',242),(22,'Binh Duong',242),(23,'Thanh Hoa',242),(24,'Andhra Pradesh',106),(25,'Arunachal Pradesh',106),(26,'Assam',106),(27,'Bihar',106),(28,'Haryana',106),(29,'Himacha Pradesh',106),(30,'Karnataka',106),(31,'Maharashtra',106),(32,'Meghalaya',106),(33,'Punjab',106),(34,'Tamil Nadu',106),(35,'Telangana',106),(36,'Uttar Pradesh',106),(37,'West Bengal',106),(38,'Bac Ninh',242),(40,'Ha Tinh',242),(41,'Hue',242),(42,'Binh Dinh',242),(43,'An Giang',242),(44,'Blackpool',78),(45,'London',78),(46,'Liverpool',78),(47,'Manchester',78),(48,'Newcastle',78),(49,'Bristol',78),(50,'Cambridge',78),(51,'Lang Son',242),(52,'Delhi',106),(53,'Hawaii',234),(54,'Georgia',234),(55,'Pennsylvania',234),(56,'Virginia',234),(57,'Arizona',234),(59,'Kerala',106),(60,'Rajasthan',106),(61,'Odisha',106),(62,'Mizoram',106),(63,'Sikkim',106),(64,'Manipur',106),(65,'Nagaland',106),(66,'Tripura',106),(67,'Jharkhand',106),(68,'Uttarakhand',106),(69,'Goa',106),(70,'Madhya Pradesh',106),(71,'Gujarat',106),(72,'Massachusetts',234),(73,'Indiana',234),(74,'Michigan',234),(75,'Ohio',234),(76,'New Jersey',234),(77,'Minnesota',234),(78,'North Carolina',234),(79,'Oregon',234),(80,'Maryland',234),(81,'Tennessee',234),(82,'Montana',234),(83,'Maine',234),(84,'Alabama',234),(85,'Wisconsin',234),(86,'Louisiana',234),(87,'Connecticut',234),(88,'Missouri',234),(89,'South Carolina',234),(90,'Mississippi',234),(91,'New Mexico',234),(92,'Nevada',234),(93,'Kentucky',234),(94,'Arkansas',234),(95,'Wyoming',234),(96,'Kansas',234),(97,'Delaware',234),(98,'Iowa',234),(99,'Idaho',234),(100,'Nebraska',234),(101,'Rhode Island',234),(102,'Vermont',234),(103,'South Dakota',234),(104,'New Hamsphire',234),(105,'West Virginia',234),(106,'North Dakota',234),(107,'Oklahoma',234),(109,'Nam Dinh',242),(110,'Khanh Hoa',242),(112,'Tay Ninh',242),(113,'Kien Giang',242),(114,'Lai Chau',242),(115,'Lao Cai',242),(116,'Ha Giang',242),(117,'Hoa Binh',242),(118,'Thai Binh',242),(119,'Dong Nai',242),(120,'Soc Trang',242),(121,'Bac Lieu',242),(123,'Ca Mau',242),(124,'Quang Binh',242),(125,'Quang Tri',242),(126,'Quang Nam',242),(127,'Quang Ngai',242),(128,'Gia Lai',242),(129,'Vinh Phuc',242),(130,'Lam Dong',242),(131,'Dak Lak',242),(132,'Phu Yen',242),(133,'Binh Phuoc',242),(134,'Dak Nong',242),(135,'Dong Thap',242),(136,'Hau Giang',242),(137,'Ba Ria Vung Tau',242),(138,'Binh Thuan',242),(139,'Hai Duong',242),(140,'Hung Yen',242),(141,'Thai Nguyen',242),(142,'Long An',242),(143,'Ben Tre',242),(144,'Bac Kan',242),(145,'Ninh Binh',242),(146,'Kon Tum',242),(147,'Tra Vinh',242),(148,'Yen Bai',242),(149,'Tuyen Quang',242),(150,'Phu Tho',242),(151,'Vinh Long',242),(152,'New South Wales',14),(153,'Queensland',14),(154,'Tasmania',14),(155,'Western Australia',14),(156,'Victoria',14),(157,'South Australia',14),(158,'Ontario',39),(159,'Quebec',39),(160,'Nova Scotia',39),(161,'New Brunswick',39),(162,'Manitoba',39),(163,'British Columbia',39),(164,'Prince Edward Island',39),(165,'Saskatchewan',39),(166,'Alberta',39),(167,'Newfoundland and Labrador',39),(168,'Grand Est',76),(169,'Hauts-de-France',76),(170,'Normandy',76),(171,'Nouvelle-Aquitaine',76),(172,'Occitanie',76),(173,'Brittany',76),(174,'Centre-Val de Loire',76),(175,'Corsica',76),(176,'French Guiana',76),(177,'Guadeloupe',76),(178,'le-de-France',76),(179,'Martinique',76),(180,'Mayotte',76),(181,'Pays de la Loire',76),(182,'Provence-Alpes-Cte d\'Azur',76),(183,'Runion',76),(184,'Aichi',115),(185,'Akita',115),(186,'Chiba',115),(187,'Ehime',115),(188,'Fukui',115),(189,'Fukuoka',115),(190,'Fukushima',115),(191,'Gunma',115),(192,'Kobe',115),(193,'Hiroshima',115),(194,'Hokkaido',115),(195,'Ishikawa',115),(196,'Kagawa',115),(197,'Kochi',115),(198,'Kyoto',115),(199,'Nagasaki',115),(200,'Okinawa',115),(201,'Osaka',115),(202,'Saga',115),(203,'Tokushima',115),(204,'Tokyo',115),(205,'Yamagata',115),(206,'Yamaguchi',115),(207,'Yamanashi',115),(208,'Greater Poland',180),(209,'Kuyavia-Pomerania',180),(210,'Lesser Poland',180),(211,'d',180),(212,'Lower Silesia',180),(213,'Lublin',180),(214,'Lubusz',180),(215,'Masovia',180),(216,'Opole',180),(217,'Podlaskie',180),(218,'Pomerania',180),(219,'Silesia',180),(220,'Subcarpathia',180),(221,'Holy Cross Province',180),(222,'Warmia-Masuria',180),(223,'West Pomerania',180),(224,'Baden-Wrttemberg',58),(225,'Bavaria',58),(226,'Berlin',58),(227,'Brandenburg',58),(228,'Bremen',58),(229,'Hamburg',58),(230,'Hesse',58),(231,'Lower Saxony',58),(232,'Mecklenburg-Vorpommern',58),(233,'North Rhine- Westphalia',58),(234,'Rhineland-Palatinate',58),(235,'Saarland',58),(236,'Saxony',58),(237,'Saxony-Anhalt',58),(238,'Schleswig-Holstein',58),(239,'Thuringia',58),(240,'Acre',32),(241,'Alagoas',32),(242,'Amap',32),(243,'Amazonas',32),(244,'Bahia',32),(245,'Cear',32),(246,'Distrito Federal',32),(247,'Esprito Santo',32),(248,'Gois',32),(249,'Maranho',32),(250,'Mato Grosso',32),(251,'Minas Gerais',32),(252,'Par',32),(253,'Paraba',32),(254,'Paran',32),(255,'Pernambuco',32),(256,'Piau',32),(257,'Rio de Janeiro',32),(258,'Rio Grande do Norte',32),(259,'Rio Grande do Sul',32),(260,'Rondnia',32),(261,'Roraima',32),(262,'Santa Catarina',32),(263,'So Paulo',32),(264,'Sergipe',32),(265,'Tocantins',32),(266,'Adana',226),(267,'Adyaman',226),(268,'Ankara',226),(269,'Balkesir',226),(270,'Bilecik',226),(271,'Bingl',226),(272,'Bursa',226),(273,'anakkale',226),(274,'ankr',226),(275,'orum',226),(276,'Denizli',226),(277,'Diyarbakr',226),(278,'Edirne',226),(279,'Erzurum',226),(280,'Gaziantep',226),(281,'Giresun',226),(282,'Hakkri',226),(283,'Hatay',226),(284,'Isparta',226),(285,'Istanbul',226),(286,'Konya',226),(287,'Malatya',226),(288,'Manisa',226),(289,'Idr',226),(290,'Karaman',226),(291,'Osmaniye',226),(292,'Tokat',226),(293,'Sivas',226),(294,'Sinop',226),(295,'Siirt',226),(296,'Batman',226),(297,'Kilis',226),(298,'Rize',226),(299,'Ordu',226),(300,'Tunceli',226),(301,'Yozgat',226),(302,'Van',226),(303,'Bayburt',226),(304,'Yalova',226),(305,'Samsun',226),(306,'Sakarya',226);
/*!40000 ALTER TABLE `states` ENABLE KEYS */;
UNLOCK TABLES;

--
-- Table structure for table `users`
--

DROP TABLE IF EXISTS `users`;
/*!40101 SET @saved_cs_client     = @@character_set_client */;
/*!50503 SET character_set_client = utf8mb4 */;
CREATE TABLE `users` (
  `id` int NOT NULL AUTO_INCREMENT,
  `email` varchar(128) NOT NULL,
  `enabled` bit(1) NOT NULL,
  `first_name` varchar(45) NOT NULL,
  `last_name` varchar(45) NOT NULL,
  `password` varchar(64) NOT NULL,
  `photos` varchar(64) DEFAULT NULL,
  PRIMARY KEY (`id`),
  UNIQUE KEY `UK_6dotkott2kjsp8vw4d0m25fb7` (`email`)
) ENGINE=InnoDB AUTO_INCREMENT=34 DEFAULT CHARSET=utf8mb4 COLLATE=utf8mb4_0900_ai_ci;
/*!40101 SET character_set_client = @saved_cs_client */;

--
-- Dumping data for table `users`
--

LOCK TABLES `users` WRITE;
/*!40000 ALTER TABLE `users` DISABLE KEYS */;
INSERT INTO `users` VALUES (1,'triquang.15qt@gmail.com',_binary '','Tri','Quang','$2a$10$1xBCB8mUsBv3EHPQQ82MT.2i.n50Q0JIOBj/Z9su1v0C3rvXLtG.a','avatar-s-1.png'),(2,'kanna.allada@gmail.com',_binary '','Allada','Pavan','$2a$10$WIaKwyHJJJz7w5Fg9l1/be5hgPRb4V0EUyZbb5Z/15Mjz0iwqgm7i','avatar-1.png'),(3,'aecllc.bnk@gmail.com',_binary '\0','Bruce','Kitchell','$2a$10$GINThwCjVZAbGnmOe9BIeuDuvDlyfuwZrg/Rsmrjs1Lsq2pnXtO/S','avatar-s-5.png'),(4,'muhammad.evran13@gmail.com',_binary '','Muhammad','Evran','$2a$10$UcHWHC72azPVZJb5Ky.Yy.X695WGf1ZkkGMS3WL3B9WqWf2dQD04G','avatar-s-22.png'),(5,'kent.hervey8@gmail.com',_binary '','Kent','Hervey','$2a$10$YHXRsZ07/Btv.qCgGht.7u2PW.GLWzpVB7eabfgH1mhTVVXffDT6K','avatar-s-9.png'),(6,'alfredephraim26@gmail.com',_binary '','Alfred','Ephraim','$2a$10$1jl3q3r/Fh9ZBv6ziM4XhuxCi2GMFWcfHUrxsesXAEwnsiV/NJKbq','avatar-s-5.png'),(7,'nathihsa@gmail.com',_binary '','Nathi','Sangweni','$2a$10$WyHmQiXCSYuHcGeg8eFWvOScqzSgg88MmqpajPdzSkLsvZjT3tKC.','avatar-s-18.png'),(8,'ammanollashirisha2020@gmail.com',_binary '','Ammanolla','Shirisha','$2a$10$N1eE87eXFB2XQ5nmWKaTXOofnrPn8koeNvZhEpleJzO49i55e/Vk.','avatar-s-2.png'),(9,'bfeeny238@hotmail.com',_binary '','Bill','Feeny','$2a$10$3sH0v..zpjwA8ux5/q.OAeu0HgmSdMj8VzMWzhwwBDkE8wOISsUyi','avatar-s-4.png'),(10,'redsantosph@gmail.com',_binary '','Frederick','delos Santos','$2a$10$KXHmKpE6YB/0sjiy3fkMv.muKyxqvOXE6jVeaPu8KEaExx62ZmmNe','avatar-s-7.png'),(11,'ro_anamaria@mail.ru',_binary '','Ana','Maria','$2a$10$sz0CHOHAY1Xjt2ajIZgnG.L2KBQ4SsQkOGsPYue.C5gr6j.KMDdqS','avatar-s-3.png'),(12,'maytassatya@hotmail.com',_binary '\0','Satya','Narayana','$2a$10$R7EJcaYijjJo/IVk6c1CieBML2uP3RAKMVlCxylPAePlCfJsX7OOy','avatar-s-17.png'),(13,'matthewefoli@gmail.com',_binary '','Matthew','Efoli','$2a$10$clNXcpozocz3H4bmzPaWu.QHz85IIv2JeLzca./JXr8u6rCF04OC.','avatar-s-11.png'),(14,'davekumara2@gmail.com',_binary '','Dave','Kumar Singh','$2a$10$5ebeZu18V5RheieYqpl/LORCN41E3H7yvxKqEwtq5Zq2JVw.E9dva','avatar-s-6.png'),(15,'jackkbruce@yahoo.com',_binary '','Jack','Bruce','$2a$10$a6iyIHRj8DNpu15obVHTSOGcLe4IfpBcD4iEEJesWaFpBQvRoF2da','avatar-s-10.png'),(16,'zirri.mohamed@gmail.com',_binary '','Mohamed','Zirri','$2a$10$TmvyH1AoyDqRmQ4uC8NAZOOV29CPEDGuxVsHLP1cJoHQGr78L4kjW','avatar-s-14.png'),(17,'mk.majumdar009@hotmail.com',_binary '','Mithun','Kumar Majumdar','$2a$10$ZcLLoiLA7uvWlPl3xrRuOOLKeXuq5UQo2qAbJXc7GHBXqpAKDSk4K','avatar-s-13.png'),(18,'aliraza.arain.28@gmail.com',_binary '','Ali','Raza','$2a$10$PISZ2KitSbhE4/Z3dtIGk.WUi2ILiDl4PzRUDEQSp5BJIxcdcPq4G','avatar-s-26.png'),(19,'isaachenry2877@gmail.com',_binary '','Isaac','Henry','$2a$10$CtmhrOz/AhDoCpKbeYl8O.0ngCFMukcznNZq7.YcHrkRyKpBG8Zca','avatar-s-8.png'),(20,'s.stasovska82@hotmail.com',_binary '','Svetlana','Stasovska','$2a$10$fcN2cNa7vB.78QnmzfNZEeUBkrwUaM.bVK3iDB.KFQlR15DwL7QZy','avatar-s-23.png'),(21,'mikegates2012@gmail.com',_binary '','Mike','Gates','$2a$10$zIO1tygsw6cB2ymiR.WX0ulr9NKdTlZHqu7w/W/LLwk8HhK7nVnH.','avatar-s-12.png'),(22,'pedro.quintero.2000@gmail.com',_binary '','Pedro','Quintero','$2a$10$UPX5EwZw0MyBvbe.7mxg2u8GOl/4KgaUU40iSjr1PLFYvhu35fMmu','avatar-s-20.png'),(23,'amina.elshal2@yahoo.com',_binary '','Amina','Elshal','$2a$10$J1yoyqG5vWNe5N663PkgY.h53gfJtTR7Bb8E8u3sXdNbOZxhXgHu.','avatar-s-1.png'),(30,'admin@gmail.com',_binary '','Tri','Quang','$2a$10$444619UZ4Zbg4KpliNgAFuDCztnzmhlzbAl8D.wvaILz5Cxfm.tFy','avatar-s-21.png');
/*!40000 ALTER TABLE `users` ENABLE KEYS */;
UNLOCK TABLES;

--
-- Table structure for table `users_roles`
--

DROP TABLE IF EXISTS `users_roles`;
/*!40101 SET @saved_cs_client     = @@character_set_client */;
/*!50503 SET character_set_client = utf8mb4 */;
CREATE TABLE `users_roles` (
  `user_id` int NOT NULL,
  `role_id` int NOT NULL,
  PRIMARY KEY (`user_id`,`role_id`),
  KEY `FKj6m8fwv7oqv74fcehir1a9ffy` (`role_id`),
  CONSTRAINT `FK2o0jvgh89lemvvo17cbqvdxaa` FOREIGN KEY (`user_id`) REFERENCES `users` (`id`),
  CONSTRAINT `FKj6m8fwv7oqv74fcehir1a9ffy` FOREIGN KEY (`role_id`) REFERENCES `roles` (`id`)
) ENGINE=InnoDB DEFAULT CHARSET=utf8mb4 COLLATE=utf8mb4_0900_ai_ci;
/*!40101 SET character_set_client = @saved_cs_client */;

--
-- Dumping data for table `users_roles`
--

LOCK TABLES `users_roles` WRITE;
/*!40000 ALTER TABLE `users_roles` DISABLE KEYS */;
INSERT INTO `users_roles` VALUES (1,1),(30,1),(3,2),(9,2),(10,2),(11,2),(12,2),(13,2),(19,2),(20,2),(2,3),(4,3),(5,3),(6,3),(7,3),(8,3),(11,3),(14,3),(15,3),(18,3),(20,3),(2,4),(16,4),(17,4),(18,4),(5,5),(9,5),(14,5),(15,5),(19,5),(20,5),(21,5),(22,5),(23,5);
/*!40000 ALTER TABLE `users_roles` ENABLE KEYS */;
UNLOCK TABLES;
/*!40103 SET TIME_ZONE=@OLD_TIME_ZONE */;

/*!40101 SET SQL_MODE=@OLD_SQL_MODE */;
/*!40014 SET FOREIGN_KEY_CHECKS=@OLD_FOREIGN_KEY_CHECKS */;
/*!40014 SET UNIQUE_CHECKS=@OLD_UNIQUE_CHECKS */;
/*!40101 SET CHARACTER_SET_CLIENT=@OLD_CHARACTER_SET_CLIENT */;
/*!40101 SET CHARACTER_SET_RESULTS=@OLD_CHARACTER_SET_RESULTS */;
/*!40101 SET COLLATION_CONNECTION=@OLD_COLLATION_CONNECTION */;
/*!40111 SET SQL_NOTES=@OLD_SQL_NOTES */;

-- Dump completed on 2022-12-02  8:41:20
